ra,ano_cohorte,fase,turma,nome,ano_nascimento,data_nasc,idade_referencia,genero,ano_ingresso,instituicao_ensino,escola,status_aluno,pedra_20,pedra_21,pedra_22,pedra_23,pedra_atual,inde_cohorte,inde_hist_22,inde_hist_23,inde_hist_24,cg,cf,ct,n_avaliacoes,iaa,ieg,ips,ida,ipv,ian,ipp,mat,por,ing,indicado,atingiu_pv,fase_ideal,defasagem,rec_psicologia,destaque_ieg,destaque_ida,destaque_ipv,previsao_defasagem,prob_defasagem,prob_defasagem_pct
RA-1,2022,7,A,Aluno-1,2003.0,,19.0,Feminino,2016.0,Escola Pública,,,Ametista,Ametista,Quartzo,,Quartzo,5.783,5.783,,,753.0,18.0,10.0,4.0,8.3,4.1,5.6,4.0,7.278,5.0,,2.7,3.5,6.0,Sim,Não,Fase 8 (Universitários),-1.0,Requer avaliação,Melhorar: Melhorar a sua entrega de lições de casa.,Melhorar: Empenhar-se mais nas aulas e avaliações.,Melhorar: Integrar-se mais aos Princípios Passos Mágicos.,1,0.9290395841094576,92.9
RA-2,2022,7,A,Aluno-2,2005.0,,17.0,Feminino,2017.0,Rede Decisão,,,Ametista,Ametista,Ametista,,Ametista,7.055,7.055,,,469.0,8.0,3.0,4.0,8.8,5.2,6.3,6.8,6.778,10.0,,6.3,4.5,9.7,Não,Não,Fase 7 (3º EM),0.0,Sem limitações,Melhorar: Melhorar a sua entrega de lições de casa.,Melhorar: Empenhar-se mais nas aulas e avaliações.,Melhorar: Integrar-se mais aos Princípios Passos Mágicos.,0,0.36399681689304997,36.4
RA-3,2022,7,A,Aluno-3,2005.0,,17.0,Feminino,2016.0,Rede Decisão,,,Ametista,Ametista,Ágata,,Ágata,6.591,6.591,,,629.0,13.0,6.0,4.0,0.0,7.9,5.6,5.6,7.556,10.0,,5.8,4.0,6.9,Não,Não,Fase 7 (3º EM),0.0,Sem limitações,Destaque: A sua boa entrega das lições de casa.,Melhorar: Empenhar-se mais nas aulas e avaliações.,Destaque: A sua boa integração aos Princípios Passos Mágicos.,1,0.8123312562406327,81.23
RA-4,2022,7,A,Aluno-4,2005.0,,17.0,Masculino,2017.0,Rede Decisão,,,Ametista,Ametista,Quartzo,,Quartzo,5.951,5.951,,,731.0,15.0,7.0,4.0,8.8,4.5,5.6,5.0,5.278,10.0,,2.8,3.5,8.7,Não,Não,Fase 7 (3º EM),0.0,Requer avaliação,Melhorar: Melhorar a sua entrega de lições de casa.,Melhorar: Empenhar-se mais nas aulas e avaliações.,Melhorar: Integrar-se mais aos Princípios Passos Mágicos.,1,0.5830353720086383,58.3
RA-5,2022,7,A,Aluno-5,2005.0,,17.0,Feminino,2016.0,Rede Decisão,,,Ametista,Ametista,Ametista,,Ametista,7.427,7.427,,,344.0,6.0,2.0,4.0,7.9,8.6,5.6,5.2,7.389,10.0,,7.0,2.9,5.7,Não,Não,Fase 7 (3º EM),0.0,Requer avaliação,Destaque: A sua boa entrega das lições de casa.,Melhorar: Empenhar-se mais nas aulas e avaliações.,Melhorar: Integrar-se mais aos Princípios Passos Mágicos.,0,0.39556959825883875,39.56
RA-6,2022,7,A,Aluno-6,2004.0,,18.0,Feminino,2021.0,Escola Pública,,,,Ágata,Quartzo,,Quartzo,5.848,5.848,,,745.0,16.0,8.0,4.0,7.9,4.5,7.5,3.3,7.222,5.0,,2.3,5.3,2.3,Sim,Não,Fase 8 (Universitários),-1.0,Sem limitações,Melhorar: Melhorar a sua entrega de lições de casa.,Melhorar: Empenhar-se mais nas aulas e avaliações.,Melhorar: Integrar-se mais aos Princípios Passos Mágicos.,1,0.8953740881807702,89.54
RA-7,2022,7,A,Aluno-7,2004.0,,18.0,Masculino,2017.0,Rede Decisão,,,Ametista,Ametista,Ágata,,Ágata,6.818,6.818,,,550.0,11.0,5.0,4.0,0.0,8.4,7.5,7.6,7.667,5.0,,8.2,5.7,9.0,Não,Não,Fase 8 (Universitários),-1.0,Sem limitações,Destaque: A sua boa entrega das lições de casa.,Destaque: As suas boas notas na Passos Mágicos.,Destaque: A sua boa integração aos Princípios Passos Mágicos.,1,0.7658032198675956,76.58
RA-8,2022,7,A,Aluno-8,2002.0,,20.0,Feminino,2018.0,Escola Pública,,,Quartzo,Ágata,Quartzo,,Quartzo,4.786,4.786,,,836.0,21.0,13.0,4.0,7.1,4.6,6.3,1.6,6.278,5.0,,1.2,0.7,2.9,Não,Não,Fase 8 (Universitários),-1.0,Requer avaliação,Melhorar: Melhorar a sua entrega de lições de casa.,Melhorar: Empenhar-se mais nas aulas e avaliações.,Melhorar: Integrar-se mais aos Princípios Passos Mágicos.,1,0.9398437543247796,93.98
RA-9,2022,7,A,Aluno-9,2004.0,,18.0,Feminino,2019.0,Escola Pública,,,Ametista,Ametista,Topázio,,Topázio,8.109,8.109,,,113.0,1.0,1.0,4.0,8.8,9.5,7.5,6.7,9.5,5.0,,5.5,6.0,8.7,Sim,Sim,Fase 8 (Universitários),-1.0,Sem limitações,Destaque: A sua boa entrega das lições de casa.,Melhorar: Empenhar-se mais nas aulas e avaliações.,Destaque: A sua boa integração aos Princípios Passos Mágicos.,1,0.5864740071493104,58.65
RA-10,2022,7,A,Aluno-10,2004.0,,18.0,Feminino,2021.0,Escola Pública,,,,Ágata,Quartzo,,Quartzo,5.784,5.784,,,752.0,17.0,9.0,4.0,8.3,5.2,5.0,4.1,7.056,5.0,,3.3,2.6,6.4,Não,Não,Fase 8 (Universitários),-1.0,Requer avaliação,Melhorar: Melhorar a sua entrega de lições de casa.,Melhorar: Empenhar-se mais nas aulas e avaliações.,Melhorar: Integrar-se mais aos Princípios Passos Mágicos.,1,0.9422584421255654,94.23
RA-11,2022,7,A,Aluno-11,2004.0,,18.0,Feminino,2016.0,Escola Pública,,,Quartzo,Ágata,Quartzo,,Quartzo,5.323,5.323,,,799.0,19.0,11.0,4.0,9.2,4.2,5.0,3.0,6.389,5.0,,1.8,2.5,4.5,Não,Não,Fase 8 (Universitários),-1.0,Requer avaliação,Melhorar: Melhorar a sua entrega de lições de casa.,Melhorar: Empenhar-se mais nas aulas e avaliações.,Melhorar: Integrar-se mais aos Princípios Passos Mágicos.,1,0.9314826275081712,93.15
RA-12,2022,7,A,Aluno-12,2005.0,,17.0,Feminino,2020.0,Escola Pública,,,Ágata,Ágata,Quartzo,,Quartzo,4.832,4.832,,,834.0,20.0,12.0,4.0,0.0,4.0,6.9,1.5,6.389,10.0,,2.7,1.1,0.7,Sim,Não,Fase 7 (3º EM),0.0,Sem limitações,Melhorar: Melhorar a sua entrega de lições de casa.,Melhorar: Empenhar-se mais nas aulas e avaliações.,Melhorar: Integrar-se mais aos Princípios Passos Mágicos.,1,0.8756632857191998,87.57
RA-13,2022,7,A,Aluno-13,2004.0,,18.0,Masculino,2016.0,Escola Pública,,,Ametista,Ametista,Ágata,,Ágata,6.902,6.902,,,524.0,10.0,4.0,4.0,7.9,7.4,7.5,4.7,8.056,5.0,,3.5,5.5,5.2,Sim,Não,Fase 8 (Universitários),-1.0,Sem limitações,Melhorar: Melhorar a sua entrega de lições de casa.,Melhorar: Empenhar-se mais nas aulas e avaliações.,Destaque: A sua boa integração aos Princípios Passos Mágicos.,1,0.8016690104531928,80.17
RA-14,2022,7,D,Aluno-14,2001.0,,21.0,Masculino,2022.0,Escola Pública,,,,,Ágata,,Ágata,6.793,6.793,,,558.0,12.0,7.0,4.0,7.9,8.3,7.5,4.0,7.75,5.0,,8.0,0.0,,Sim,Não,Fase 8 (Universitários),-1.0,Não atendido,Destaque: A sua boa entrega das lições de casa.,Melhorar: Empenhar-se mais nas aulas e avaliações.,Destaque: A sua boa integração aos Princípios Passos Mágicos.,1,0.8384173641231131,83.84
RA-15,2022,7,D,Aluno-15,2004.0,,18.0,Masculino,2022.0,Escola Pública,,,,,Ametista,,Ametista,7.783,7.783,,,207.0,3.0,2.0,4.0,8.8,10.0,7.5,7.3,7.292,5.0,,8.0,6.5,,Sim,Não,Fase 8 (Universitários),-1.0,Não atendido,Destaque: A sua boa entrega das lições de casa.,Melhorar: Empenhar-se mais nas aulas e avaliações.,Melhorar: Integrar-se mais aos Princípios Passos Mágicos.,1,0.7345577394275351,73.46
RA-16,2022,7,D,Aluno-16,2003.0,,19.0,Masculino,2022.0,Escola Pública,,,,,Ágata,,Ágata,6.112,6.112,,,706.0,14.0,8.0,4.0,7.9,8.3,5.0,3.5,6.333,5.0,,7.0,0.0,,Sim,Não,Fase 8 (Universitários),-1.0,Requer avaliação,Destaque: A sua boa entrega das lições de casa.,Melhorar: Empenhar-se mais nas aulas e avaliações.,Melhorar: Integrar-se mais aos Princípios Passos Mágicos.,1,0.8529559786105828,85.3
RA-17,2022,7,D,Aluno-17,2002.0,,20.0,Masculino,2022.0,Escola Pública,,,,,Topázio,,Topázio,8.068,8.068,,,125.0,2.0,1.0,4.0,8.8,10.0,7.5,7.8,8.292,5.0,,9.0,6.5,,Sim,Não,Fase 8 (Universitários),-1.0,Não atendido,Destaque: A sua boa entrega das lições de casa.,Destaque: As suas boas notas na Passos Mágicos.,Destaque: A sua boa integração aos Princípios Passos Mágicos.,1,0.5115341599721717,51.15
RA-18,2022,7,D,Aluno-18,2003.0,,19.0,Masculino,2022.0,Escola Pública,,,,,Ametista,,Ametista,7.226,7.226,,,418.0,7.0,5.0,4.0,6.3,8.7,6.3,9.0,6.875,5.0,,9.0,9.0,,Sim,Não,Fase 8 (Universitários),-1.0,Requer avaliação,Destaque: A sua boa entrega das lições de casa.,Destaque: As suas boas notas na Passos Mágicos.,Melhorar: Integrar-se mais aos Princípios Passos Mágicos.,1,0.8251088644544143,82.51
RA-19,2022,7,D,Aluno-19,2003.0,,19.0,Feminino,2022.0,Escola Pública,,,,,Ametista,,Ametista,7.665,7.665,,,248.0,4.0,3.0,4.0,7.9,9.5,7.5,8.0,7.0,5.0,,7.0,9.0,,Sim,Não,Fase 8 (Universitários),-1.0,Sem limitações,Destaque: A sua boa entrega das lições de casa.,Destaque: As suas boas notas na Passos Mágicos.,Melhorar: Integrar-se mais aos Princípios Passos Mágicos.,1,0.8310045744580719,83.1
RA-20,2022,7,D,Aluno-20,2003.0,,19.0,Feminino,2022.0,Escola Pública,,,,,Ametista,,Ametista,7.535,7.535,,,296.0,5.0,4.0,4.0,7.1,10.0,6.3,7.8,7.167,5.0,,9.0,6.5,,Sim,Não,Fase 8 (Universitários),-1.0,Não atendido,Destaque: A sua boa entrega das lições de casa.,Destaque: As suas boas notas na Passos Mágicos.,Melhorar: Integrar-se mais aos Princípios Passos Mágicos.,1,0.7979600291598152,79.8
RA-21,2022,7,D,Aluno-21,2004.0,,18.0,Masculino,2022.0,Escola Pública,,,,,Ágata,,Ágata,6.945,6.945,,,508.0,9.0,6.0,4.0,9.6,9.2,7.5,3.8,7.25,5.0,,7.0,0.5,,Sim,Não,Fase 8 (Universitários),-1.0,Não atendido,Destaque: A sua boa entrega das lições de casa.,Melhorar: Empenhar-se mais nas aulas e avaliações.,Melhorar: Integrar-se mais aos Princípios Passos Mágicos.,1,0.6905439569285453,69.05
RA-22,2022,6,A,Aluno-22,2005.0,,17.0,Feminino,2019.0,Rede Decisão,,,Ametista,Ágata,Ametista,,Ametista,7.474,7.474,,,327.0,10.0,10.0,4.0,8.3,7.4,8.1,6.7,8.833,5.0,,9.0,3.1,7.8,Não,Sim,Fase 7 (3º EM),-1.0,Sem limitações,Melhorar: Melhorar a sua entrega de lições de casa.,Melhorar: Empenhar-se mais nas aulas e avaliações.,Destaque: A sua boa integração aos Princípios Passos Mágicos.,1,0.6325117835134867,63.25
RA-23,2022,6,A,Aluno-23,2005.0,,17.0,Masculino,2021.0,Escola Pública,,,,Ametista,Ametista,,Ametista,7.677,7.677,,,243.0,8.0,8.0,4.0,8.3,8.2,8.1,6.7,8.556,5.0,,7.2,4.7,8.2,Sim,Sim,Fase 7 (3º EM),-1.0,Sem limitações,Destaque: A sua boa entrega das lições de casa.,Melhorar: Empenhar-se mais nas aulas e avaliações.,Destaque: A sua boa integração aos Princípios Passos Mágicos.,1,0.7182553272694452,71.83
RA-24,2022,6,A,Aluno-24,2005.0,,17.0,Feminino,2021.0,Rede Decisão,,,,Topázio,Topázio,,Topázio,8.087,8.087,,,119.0,5.0,5.0,4.0,9.2,7.9,6.9,8.6,9.111,5.0,,10.0,6.3,9.7,Não,Sim,Fase 7 (3º EM),-1.0,Requer avaliação,Destaque: A sua boa entrega das lições de casa.,Destaque: As suas boas notas na Passos Mágicos.,Destaque: A sua boa integração aos Princípios Passos Mágicos.,1,0.7533903061978058,75.34
RA-25,2022,6,A,Aluno-25,2005.0,,17.0,Feminino,2021.0,Escola Pública,,,,Topázio,Ametista,,Ametista,7.979,7.979,,,147.0,6.0,6.0,4.0,8.3,8.3,8.8,6.9,9.667,5.0,,9.2,3.8,7.7,Sim,Sim,Fase 7 (3º EM),-1.0,Sem limitações,Destaque: A sua boa entrega das lições de casa.,Melhorar: Empenhar-se mais nas aulas e avaliações.,Destaque: A sua boa integração aos Princípios Passos Mágicos.,1,0.7102207342390564,71.02
RA-26,2022,6,A,Aluno-26,2005.0,,17.0,Masculino,2022.0,Escola Pública,,,,,Topázio,,Topázio,8.677,8.677,,,17.0,3.0,3.0,4.0,9.6,8.8,10.0,8.0,10.0,5.0,,9.5,4.4,10.0,Sim,Sim,Fase 7 (3º EM),-1.0,Sem limitações,Destaque: A sua boa entrega das lições de casa.,Destaque: As suas boas notas na Passos Mágicos.,Destaque: A sua boa integração aos Princípios Passos Mágicos.,1,0.6208986508566989,62.09
RA-27,2022,6,A,Aluno-27,2005.0,,17.0,Masculino,2016.0,Rede Decisão,,,Topázio,Ametista,Ametista,,Ametista,7.124,7.124,,,449.0,12.0,12.0,4.0,0.0,7.6,8.1,8.0,9.111,5.0,,7.7,6.3,10.0,Não,Sim,Fase 7 (3º EM),-1.0,Sem limitações,Destaque: A sua boa entrega das lições de casa.,Destaque: As suas boas notas na Passos Mágicos.,Destaque: A sua boa integração aos Princípios Passos Mágicos.,1,0.7200536530223673,72.01
RA-28,2022,6,A,Aluno-28,2005.0,,17.0,Feminino,2019.0,Escola Pública,,,Ametista,Ametista,Ágata,,Ágata,6.242,6.242,,,698.0,14.0,14.0,4.0,7.9,6.1,7.5,5.0,6.333,5.0,,8.2,1.5,5.3,Não,Não,Fase 7 (3º EM),-1.0,Requer avaliação,Melhorar: Melhorar a sua entrega de lições de casa.,Melhorar: Empenhar-se mais nas aulas e avaliações.,Melhorar: Integrar-se mais aos Princípios Passos Mágicos.,1,0.8978760719387876,89.79
RA-29,2022,6,A,Aluno-29,2005.0,,17.0,Masculino,2022.0,Escola Pública,,,,,Quartzo,,Quartzo,4.985,4.985,,,821.0,16.0,16.0,4.0,0.0,4.0,8.8,3.7,7.611,5.0,,6.3,1.1,3.8,Sim,Não,Fase 7 (3º EM),-1.0,Requer avaliação,Melhorar: Melhorar a sua entrega de lições de casa.,Melhorar: Empenhar-se mais nas aulas e avaliações.,Destaque: A sua boa integração aos Princípios Passos Mágicos.,1,0.8251623032682552,82.52
RA-30,2022,6,A,Aluno-30,2006.0,,16.0,Feminino,2021.0,Escola Pública,,,,Ametista,Ametista,,Ametista,7.605,7.605,,,270.0,9.0,9.0,4.0,8.8,6.4,7.5,7.5,7.333,10.0,,8.5,4.4,9.7,Não,Não,Fase 6 (2º EM),0.0,Sem limitações,Melhorar: Melhorar a sua entrega de lições de casa.,Destaque: As suas boas notas na Passos Mágicos.,Melhorar: Integrar-se mais aos Princípios Passos Mágicos.,0,0.4023603221263201,40.24
RA-31,2022,6,A,Aluno-31,2005.0,,17.0,Feminino,2019.0,Rede Decisão,,,Topázio,Topázio,Topázio,,Topázio,8.843,8.843,,,9.0,2.0,2.0,4.0,10.0,9.5,9.4,8.0,10.0,5.0,,9.0,5.7,9.3,Não,Sim,Fase 7 (3º EM),-1.0,Sem limitações,Destaque: A sua boa entrega das lições de casa.,Destaque: As suas boas notas na Passos Mágicos.,Destaque: A sua boa integração aos Princípios Passos Mágicos.,1,0.6834563929496728,68.35
RA-32,2022,6,A,Aluno-32,2006.0,,16.0,Feminino,2018.0,Rede Decisão,,,Ametista,Ametista,Ametista,,Ametista,7.37,7.37,,,370.0,11.0,11.0,4.0,8.8,5.2,8.8,6.1,7.944,10.0,,5.7,3.6,8.9,Não,Não,Fase 6 (2º EM),0.0,Sem limitações,Melhorar: Melhorar a sua entrega de lições de casa.,Melhorar: Empenhar-se mais nas aulas e avaliações.,Destaque: A sua boa integração aos Princípios Passos Mágicos.,0,0.38050024670418336,38.05
RA-33,2022,6,A,Aluno-33,2005.0,,17.0,Feminino,2020.0,Escola Pública,,,Ágata,Ametista,Quartzo,,Quartzo,4.952,4.952,,,824.0,17.0,17.0,4.0,0.0,4.6,7.5,4.8,6.0,5.0,,9.0,1.6,3.7,Não,Não,Fase 7 (3º EM),-1.0,Sem limitações,Melhorar: Melhorar a sua entrega de lições de casa.,Melhorar: Empenhar-se mais nas aulas e avaliações.,Melhorar: Integrar-se mais aos Princípios Passos Mágicos.,1,0.8649450772979651,86.49
RA-34,2022,6,A,Aluno-34,2005.0,,17.0,Masculino,2016.0,Rede Decisão,,,Ametista,Ametista,Ágata,,Ágata,6.259,6.259,,,692.0,13.0,13.0,4.0,9.6,4.8,8.1,3.8,7.278,5.0,,4.7,4.0,2.8,Não,Não,Fase 7 (3º EM),-1.0,Sem limitações,Melhorar: Melhorar a sua entrega de lições de casa.,Melhorar: Empenhar-se mais nas aulas e avaliações.,Melhorar: Integrar-se mais aos Princípios Passos Mágicos.,1,0.8437111116995456,84.37
RA-35,2022,6,A,Aluno-35,2005.0,,17.0,Feminino,2019.0,Rede Decisão,,,Ametista,Topázio,Topázio,,Topázio,8.965,8.965,,,5.0,1.0,1.0,4.0,10.0,9.6,9.4,8.5,10.0,5.0,,9.0,7.1,9.3,Não,Sim,Fase 7 (3º EM),-1.0,Sem limitações,Destaque: A sua boa entrega das lições de casa.,Destaque: As suas boas notas na Passos Mágicos.,Destaque: A sua boa integração aos Princípios Passos Mágicos.,1,0.6439795699328684,64.4
RA-36,2022,6,A,Aluno-36,2005.0,,17.0,Feminino,2019.0,Rede Decisão,,,Topázio,Ametista,Ametista,,Ametista,7.876,7.876,,,177.0,7.0,7.0,4.0,9.2,9.0,6.9,6.8,8.944,5.0,,8.5,4.3,7.8,Não,Sim,Fase 7 (3º EM),-1.0,Sem limitações,Destaque: A sua boa entrega das lições de casa.,Melhorar: Empenhar-se mais nas aulas e avaliações.,Destaque: A sua boa integração aos Princípios Passos Mágicos.,1,0.5904571214184577,59.05
RA-37,2022,6,A,Aluno-37,2005.0,,17.0,Feminino,2019.0,Rede Decisão,,,Ametista,Ágata,Quartzo,,Quartzo,4.95,4.95,,,825.0,18.0,18.0,4.0,0.0,5.4,5.0,5.9,5.222,5.0,,2.3,5.3,10.0,Não,Não,Fase 7 (3º EM),-1.0,Sem limitações,Melhorar: Melhorar a sua entrega de lições de casa.,Melhorar: Empenhar-se mais nas aulas e avaliações.,Melhorar: Integrar-se mais aos Princípios Passos Mágicos.,1,0.8280036010811027,82.8
RA-38,2022,6,A,Aluno-38,2005.0,,17.0,Feminino,2017.0,Rede Decisão,,,Ametista,Ametista,Topázio,,Topázio,8.523,8.523,,,31.0,4.0,4.0,4.0,9.2,8.9,7.5,8.6,9.833,5.0,,9.0,7.0,9.7,Não,Sim,Fase 7 (3º EM),-1.0,Não indicado,Destaque: A sua boa entrega das lições de casa.,Destaque: As suas boas notas na Passos Mágicos.,Destaque: A sua boa integração aos Princípios Passos Mágicos.,1,0.748504561331093,74.85
RA-39,2022,6,A,Aluno-39,2006.0,,16.0,Feminino,2017.0,Rede Decisão,,,Ametista,Ametista,Ágata,,Ágata,6.033,6.033,,,722.0,15.0,15.0,4.0,0.0,4.8,6.9,6.9,6.111,10.0,,7.7,5.1,7.8,Não,Não,Fase 6 (2º EM),0.0,Requer avaliação,Melhorar: Melhorar a sua entrega de lições de casa.,Melhorar: Empenhar-se mais nas aulas e avaliações.,Melhorar: Integrar-se mais aos Princípios Passos Mágicos.,1,0.5564313685348282,55.64
RA-40,2022,5,A,Aluno-40,2006.0,,16.0,Feminino,2016.0,Rede Decisão,,,Ametista,Ágata,Ametista,,Ametista,7.203,7.203,,,429.0,27.0,3.0,3.0,7.9,7.8,7.5,6.8,7.75,5.0,,4.7,7.3,8.4,Não,Não,Fase 6 (2º EM),-1.0,Sem limitações,Destaque: A sua boa entrega das lições de casa.,Melhorar: Empenhar-se mais nas aulas e avaliações.,Destaque: A sua boa integração aos Princípios Passos Mágicos.,1,0.834175052115959,83.42
RA-41,2022,5,A,Aluno-41,2005.0,,17.0,Masculino,2018.0,Escola Pública,,,Ágata,Ágata,Quartzo,,Quartzo,5.581,5.581,,,777.0,51.0,9.0,3.0,9.2,6.1,5.0,5.6,4.375,5.0,,6.3,2.5,8.0,Não,Não,Fase 7 (3º EM),-2.0,Requer avaliação,Melhorar: Melhorar a sua entrega de lições de casa.,Melhorar: Empenhar-se mais nas aulas e avaliações.,Melhorar: Integrar-se mais aos Princípios Passos Mágicos.,1,0.8633593430359602,86.34
RA-42,2022,5,A,Aluno-42,2007.0,,15.0,Masculino,2019.0,Rede Decisão,,,Topázio,Ametista,Ágata,,Ágata,6.72,6.72,,,582.0,33.0,5.0,3.0,8.3,7.9,5.6,4.8,6.083,10.0,,3.7,4.5,6.2,Não,Não,Fase 5 (1º EM),0.0,Requer avaliação,Destaque: A sua boa entrega das lições de casa.,Melhorar: Empenhar-se mais nas aulas e avaliações.,Melhorar: Integrar-se mais aos Princípios Passos Mágicos.,1,0.8363817416182125,83.64
RA-43,2022,5,A,Aluno-43,2006.0,,16.0,Feminino,2019.0,Escola Pública,,,Ametista,Ágata,Quartzo,,Quartzo,5.486,5.486,,,791.0,54.0,11.0,3.0,6.3,6.5,5.6,4.3,5.958,5.0,,4.0,5.8,3.2,Não,Não,Fase 6 (2º EM),-1.0,Requer avaliação,Melhorar: Melhorar a sua entrega de lições de casa.,Melhorar: Empenhar-se mais nas aulas e avaliações.,Melhorar: Integrar-se mais aos Princípios Passos Mágicos.,1,0.9461515656108727,94.62
RA-44,2022,5,A,Aluno-44,2005.0,,17.0,Feminino,2021.0,Escola Pública,,,,Ametista,Quartzo,,Quartzo,5.542,5.542,,,785.0,52.0,10.0,3.0,5.0,5.9,7.5,3.0,7.292,5.0,,2.3,3.5,3.2,Sim,Não,Fase 7 (3º EM),-2.0,Sem limitações,Melhorar: Melhorar a sua entrega de lições de casa.,Melhorar: Empenhar-se mais nas aulas e avaliações.,Melhorar: Integrar-se mais aos Princípios Passos Mágicos.,1,0.9356501456905534,93.57
RA-45,2022,5,A,Aluno-45,2007.0,,15.0,Feminino,2019.0,Rede Decisão,,,Ametista,Topázio,Ametista,,Ametista,7.591,7.591,,,277.0,17.0,2.0,3.0,7.9,8.9,5.6,6.8,7.417,10.0,,6.3,5.2,8.8,Não,Não,Fase 5 (1º EM),0.0,Requer avaliação,Destaque: A sua boa entrega das lições de casa.,Melhorar: Empenhar-se mais nas aulas e avaliações.,Melhorar: Integrar-se mais aos Princípios Passos Mágicos.,0,0.2907427889805651,29.07
RA-46,2022,5,A,Aluno-46,2005.0,,17.0,Feminino,2022.0,Escola Pública,,,,,Ágata,,Ágata,6.048,6.048,,,719.0,46.0,7.0,3.0,8.8,8.4,6.3,2.1,7.083,5.0,,2.8,2.8,0.7,Não,Não,Fase 7 (3º EM),-2.0,Sem limitações,Destaque: A sua boa entrega das lições de casa.,Melhorar: Empenhar-se mais nas aulas e avaliações.,Melhorar: Integrar-se mais aos Princípios Passos Mágicos.,1,0.9379442795630406,93.79
RA-47,2022,5,A,Aluno-47,2005.0,,17.0,Feminino,2022.0,Escola Pública,,,,,Quartzo,,Quartzo,5.677,5.677,,,762.0,49.0,8.0,3.0,7.9,6.3,7.5,2.1,7.042,5.0,,2.5,2.2,1.5,Não,Não,Fase 7 (3º EM),-2.0,Sem limitações,Melhorar: Melhorar a sua entrega de lições de casa.,Melhorar: Empenhar-se mais nas aulas e avaliações.,Melhorar: Integrar-se mais aos Princípios Passos Mágicos.,1,0.9399098778017762,93.99
RA-48,2022,5,A,Aluno-48,2007.0,,15.0,Feminino,2017.0,Rede Decisão,,,Ametista,Ametista,Ametista,,Ametista,8.006,8.006,,,140.0,10.0,1.0,3.0,6.7,8.4,7.5,8.1,8.5,10.0,,6.7,8.0,9.5,Não,Sim,Fase 5 (1º EM),0.0,Sem limitações,Destaque: A sua boa entrega das lições de casa.,Destaque: As suas boas notas na Passos Mágicos.,Destaque: A sua boa integração aos Princípios Passos Mágicos.,0,0.16371922375236925,16.37
RA-49,2022,5,A,Aluno-49,2005.0,,17.0,Feminino,2022.0,Escola Pública,,,,,Ágata,,Ágata,6.304,6.304,,,687.0,42.0,6.0,3.0,7.5,7.4,7.5,3.9,7.042,5.0,,1.5,4.2,6.2,Não,Não,Fase 7 (3º EM),-2.0,Sem limitações,Melhorar: Melhorar a sua entrega de lições de casa.,Melhorar: Empenhar-se mais nas aulas e avaliações.,Melhorar: Integrar-se mais aos Princípios Passos Mágicos.,1,0.9576816419558155,95.77
RA-50,2022,5,A,Aluno-50,2004.0,,18.0,Feminino,2022.0,Escola Pública,,,,,Ametista,,Ametista,7.138,7.138,,,445.0,28.0,4.0,3.0,7.5,8.4,7.5,7.8,7.542,2.5,,6.5,7.3,9.7,Não,Não,Fase 8 (Universitários),-3.0,Sem limitações,Destaque: A sua boa entrega das lições de casa.,Destaque: As suas boas notas na Passos Mágicos.,Destaque: A sua boa integração aos Princípios Passos Mágicos.,1,0.6915321806250386,69.15
RA-51,2022,5,B,Aluno-51,2005.0,,17.0,Feminino,2022.0,Escola Pública,,,,,Ágata,,Ágata,6.488,6.488,,,645.0,39.0,13.0,3.0,8.8,7.6,7.5,5.0,6.5,5.0,,4.5,4.5,6.0,Não,Não,Fase 7 (3º EM),-2.0,Não atendido,Destaque: A sua boa entrega das lições de casa.,Melhorar: Empenhar-se mais nas aulas e avaliações.,Melhorar: Integrar-se mais aos Princípios Passos Mágicos.,1,0.9717466809255129,97.17
RA-52,2022,5,B,Aluno-52,2009.0,,13.0,Masculino,2018.0,Rede Decisão,,,Topázio,Ametista,Ametista,,Ametista,7.861,7.861,,,183.0,12.0,5.0,3.0,9.6,8.9,7.5,6.2,7.5,10.0,,3.3,6.3,8.8,Não,Não,Fase 3 (7º e 8º ano),2.0,Não atendido,Destaque: A sua boa entrega das lições de casa.,Melhorar: Empenhar-se mais nas aulas e avaliações.,Destaque: A sua boa integração aos Princípios Passos Mágicos.,0,0.15836611662644023,15.84
RA-53,2022,5,B,Aluno-53,2005.0,,17.0,Masculino,2022.0,Escola Pública,,,,,Ágata,,Ágata,6.725,6.725,,,579.0,32.0,11.0,3.0,9.2,7.0,7.5,7.0,6.458,5.0,,6.0,8.0,,Não,Não,Fase 7 (3º EM),-2.0,Não atendido,Melhorar: Melhorar a sua entrega de lições de casa.,Melhorar: Empenhar-se mais nas aulas e avaliações.,Melhorar: Integrar-se mais aos Princípios Passos Mágicos.,1,0.9391916889658043,93.92
RA-54,2022,5,B,Aluno-54,2006.0,,16.0,Feminino,2022.0,Escola Pública,,,,,Ágata,,Ágata,6.058,6.058,,,716.0,45.0,14.0,3.0,7.9,6.9,7.5,4.8,6.125,5.0,,3.0,6.5,,Não,Não,Fase 6 (2º EM),-1.0,Não atendido,Melhorar: Melhorar a sua entrega de lições de casa.,Melhorar: Empenhar-se mais nas aulas e avaliações.,Melhorar: Integrar-se mais aos Princípios Passos Mágicos.,1,0.9895048752285995,98.95
RA-55,2022,5,B,Aluno-55,2006.0,,16.0,Feminino,2017.0,Escola Pública,,,Ametista,Ametista,Ágata,,Ágata,6.576,6.576,,,634.0,38.0,12.0,3.0,7.1,7.6,5.6,7.5,6.5,5.0,,6.7,7.8,7.9,Não,Não,Fase 6 (2º EM),-1.0,Requer avaliação,Destaque: A sua boa entrega das lições de casa.,Melhorar: Empenhar-se mais nas aulas e avaliações.,Melhorar: Integrar-se mais aos Princípios Passos Mágicos.,1,0.9135936994286734,91.36
RA-56,2022,5,B,Aluno-56,2007.0,,15.0,Feminino,2019.0,Rede Decisão,,,Topázio,Topázio,Topázio,,Topázio,8.404,8.404,,,46.0,7.0,1.0,3.0,10.0,10.0,7.5,7.0,8.25,10.0,,4.5,6.5,10.0,Não,Não,Fase 5 (1º EM),0.0,Sem limitações,Destaque: A sua boa entrega das lições de casa.,Melhorar: Empenhar-se mais nas aulas e avaliações.,Destaque: A sua boa integração aos Princípios Passos Mágicos.,0,0.154436222935434,15.44
RA-57,2022,5,B,Aluno-57,2006.0,,16.0,Masculino,2017.0,Rede Decisão,,,Ametista,Ametista,Ametista,,Ametista,7.305,7.305,,,388.0,25.0,10.0,3.0,7.1,8.1,5.6,8.4,7.875,5.0,,9.0,7.0,9.3,Não,Não,Fase 6 (2º EM),-1.0,Requer avaliação,Destaque: A sua boa entrega das lições de casa.,Destaque: As suas boas notas na Passos Mágicos.,Destaque: A sua boa integração aos Princípios Passos Mágicos.,1,0.8741211047704031,87.41
RA-58,2022,5,B,Aluno-58,2007.0,,15.0,Masculino,2017.0,Rede Decisão,,,Topázio,Topázio,Topázio,,Topázio,8.136,8.136,,,103.0,9.0,3.0,3.0,9.6,9.2,6.3,7.2,8.125,10.0,,4.5,8.0,9.0,Não,Não,Fase 5 (1º EM),0.0,Sem limitações,Destaque: A sua boa entrega das lições de casa.,Melhorar: Empenhar-se mais nas aulas e avaliações.,Destaque: A sua boa integração aos Princípios Passos Mágicos.,0,0.18429534349988452,18.43
RA-59,2022,5,B,Aluno-59,2005.0,,17.0,Masculino,2022.0,Escola Pública,,,,,Ametista,,Ametista,7.642,7.642,,,257.0,15.0,7.0,3.0,9.2,9.3,7.5,7.2,7.917,5.0,,7.0,5.7,8.8,Não,Não,Fase 7 (3º EM),-2.0,Não atendido,Destaque: A sua boa entrega das lições de casa.,Melhorar: Empenhar-se mais nas aulas e avaliações.,Destaque: A sua boa integração aos Princípios Passos Mágicos.,1,0.7886542349044858,78.87
RA-60,2022,5,B,Aluno-60,2004.0,,18.0,Feminino,2021.0,Escola Pública,,,,Quartzo,Quartzo,,Quartzo,5.537,5.537,,,787.0,53.0,16.0,3.0,6.7,6.0,7.5,4.9,6.167,2.5,,5.0,6.2,3.5,Não,Não,Fase 8 (Universitários),-3.0,Não atendido,Melhorar: Melhorar a sua entrega de lições de casa.,Melhorar: Empenhar-se mais nas aulas e avaliações.,Melhorar: Integrar-se mais aos Princípios Passos Mágicos.,1,0.9615120377911408,96.15
RA-61,2022,5,B,Aluno-61,2007.0,,15.0,Masculino,2021.0,Escola Pública,,,,Ágata,Ametista,,Ametista,7.533,7.533,,,298.0,20.0,8.0,3.0,9.2,7.4,7.5,5.8,7.875,10.0,,1.7,6.3,9.3,Sim,Não,Fase 5 (1º EM),0.0,Não atendido,Melhorar: Melhorar a sua entrega de lições de casa.,Melhorar: Empenhar-se mais nas aulas e avaliações.,Destaque: A sua boa integração aos Princípios Passos Mágicos.,1,0.5172566870765892,51.73
RA-62,2022,5,B,Aluno-62,2005.0,,17.0,Masculino,2022.0,Escola Pública,,,,,Ametista,,Ametista,7.891,7.891,,,173.0,11.0,4.0,3.0,8.8,9.4,7.5,9.3,7.25,5.0,,8.5,10.0,,Sim,Não,Fase 7 (3º EM),-2.0,Não atendido,Destaque: A sua boa entrega das lições de casa.,Destaque: As suas boas notas na Passos Mágicos.,Melhorar: Integrar-se mais aos Princípios Passos Mágicos.,1,0.6642533839205816,66.43
RA-63,2022,5,B,Aluno-63,2006.0,,16.0,Masculino,2018.0,Rede Decisão,,,Ametista,Ametista,Topázio,,Topázio,8.282,8.282,,,64.0,8.0,2.0,3.0,8.3,9.1,8.8,8.7,9.417,5.0,,8.2,8.2,9.7,Não,Sim,Fase 6 (2º EM),-1.0,Sem limitações,Destaque: A sua boa entrega das lições de casa.,Destaque: As suas boas notas na Passos Mágicos.,Destaque: A sua boa integração aos Princípios Passos Mágicos.,1,0.7032946884191017,70.33
RA-64,2022,5,B,Aluno-64,2006.0,,16.0,Masculino,2019.0,Escola Pública,,,Ametista,Topázio,Ametista,,Ametista,7.368,7.368,,,372.0,23.0,9.0,3.0,7.1,8.1,8.1,7.5,8.25,5.0,,4.8,8.2,9.4,Sim,Não,Fase 6 (2º EM),-1.0,Sem limitações,Destaque: A sua boa entrega das lições de casa.,Melhorar: Empenhar-se mais nas aulas e avaliações.,Destaque: A sua boa integração aos Princípios Passos Mágicos.,1,0.8354141569202621,83.54
RA-65,2022,5,B,Aluno-65,2005.0,,17.0,Feminino,2022.0,Escola Pública,,,,,Ametista,,Ametista,7.712,7.712,,,232.0,13.0,6.0,3.0,8.3,7.7,7.5,9.3,7.875,5.0,,9.0,9.5,9.5,Sim,Não,Fase 7 (3º EM),-2.0,Não atendido,Destaque: A sua boa entrega das lições de casa.,Destaque: As suas boas notas na Passos Mágicos.,Destaque: A sua boa integração aos Princípios Passos Mágicos.,1,0.8678119071512777,86.78
RA-66,2022,5,B,Aluno-66,2005.0,,17.0,Feminino,2022.0,Escola Pública,,,,,Quartzo,,Quartzo,5.665,5.665,,,768.0,50.0,15.0,3.0,7.5,5.6,7.5,4.5,5.917,5.0,,3.0,6.0,,Não,Não,Fase 7 (3º EM),-2.0,Não atendido,Melhorar: Melhorar a sua entrega de lições de casa.,Melhorar: Empenhar-se mais nas aulas e avaliações.,Melhorar: Integrar-se mais aos Princípios Passos Mágicos.,1,0.9720048463621387,97.2
RA-67,2022,5,C,Aluno-67,2006.0,,16.0,Feminino,2019.0,Escola Pública,,,Ágata,Ágata,Quartzo,,Quartzo,5.195,5.195,,,812.0,56.0,6.0,4.0,5.8,3.0,7.5,3.6,6.889,5.0,,3.0,4.2,3.5,Não,Não,Fase 6 (2º EM),-1.0,Não atendido,Melhorar: Melhorar a sua entrega de lições de casa.,Melhorar: Empenhar-se mais nas aulas e avaliações.,Melhorar: Integrar-se mais aos Princípios Passos Mágicos.,1,0.9122786044931517,91.23
RA-68,2022,5,C,Aluno-68,2006.0,,16.0,Masculino,2019.0,Escola Pública,,,Ametista,Ágata,Ágata,,Ágata,6.438,6.438,,,653.0,40.0,2.0,4.0,8.3,6.0,7.5,4.0,7.944,5.0,,4.7,4.8,2.7,Sim,Não,Fase 6 (2º EM),-1.0,Não atendido,Melhorar: Melhorar a sua entrega de lições de casa.,Melhorar: Empenhar-se mais nas aulas e avaliações.,Destaque: A sua boa integração aos Princípios Passos Mágicos.,1,0.9031027962060755,90.31
RA-69,2022,5,C,Aluno-69,2006.0,,16.0,Masculino,2018.0,Escola Pública,,,Ametista,Ametista,Quartzo,,Quartzo,5.718,5.718,,,756.0,47.0,3.0,4.0,8.3,6.1,7.5,2.5,6.167,5.0,,4.7,2.6,0.3,Não,Não,Fase 6 (2º EM),-1.0,Sem limitações,Melhorar: Melhorar a sua entrega de lições de casa.,Melhorar: Empenhar-se mais nas aulas e avaliações.,Melhorar: Integrar-se mais aos Princípios Passos Mágicos.,1,0.9101759031503777,91.02
RA-70,2022,5,C,Aluno-70,2006.0,,16.0,Feminino,2017.0,Escola Pública,,,Ágata,Quartzo,Quartzo,,Quartzo,5.712,5.712,,,757.0,48.0,4.0,4.0,8.8,6.6,5.0,2.9,6.111,5.0,,5.7,2.9,0.2,Não,Não,Fase 6 (2º EM),-1.0,Sem limitações,Melhorar: Melhorar a sua entrega de lições de casa.,Melhorar: Empenhar-se mais nas aulas e avaliações.,Melhorar: Integrar-se mais aos Princípios Passos Mágicos.,1,0.892064533228436,89.21
RA-71,2022,5,C,Aluno-71,2005.0,,17.0,Feminino,2019.0,Escola Pública,,,Ágata,Ametista,Quartzo,,Quartzo,4.332,4.332,,,846.0,58.0,8.0,4.0,7.9,2.0,7.5,1.2,5.833,5.0,,1.3,2.2,0.0,Não,Não,Fase 7 (3º EM),-2.0,Não atendido,Melhorar: Melhorar a sua entrega de lições de casa.,Melhorar: Empenhar-se mais nas aulas e avaliações.,Melhorar: Integrar-se mais aos Princípios Passos Mágicos.,1,0.8674459439945719,86.74
RA-72,2022,5,C,Aluno-72,2005.0,,17.0,Feminino,2022.0,Escola Pública,,,,,Ametista,,Ametista,7.64,7.64,,,259.0,16.0,1.0,4.0,8.3,7.5,7.5,7.8,8.667,5.0,,7.5,7.8,8.0,Sim,Sim,Fase 7 (3º EM),-2.0,Não atendido,Destaque: A sua boa entrega das lições de casa.,Destaque: As suas boas notas na Passos Mágicos.,Destaque: A sua boa integração aos Princípios Passos Mágicos.,1,0.8546094047576692,85.46
RA-73,2022,5,C,Aluno-73,2005.0,,17.0,Feminino,2022.0,Escola Pública,,,,,Quartzo,,Quartzo,5.271,5.271,,,804.0,55.0,5.0,4.0,7.1,3.0,7.5,3.3,7.278,5.0,,4.5,3.0,2.3,Sim,Não,Fase 7 (3º EM),-2.0,Não atendido,Melhorar: Melhorar a sua entrega de lições de casa.,Melhorar: Empenhar-se mais nas aulas e avaliações.,Melhorar: Integrar-se mais aos Princípios Passos Mágicos.,1,0.9125215469055409,91.25
RA-74,2022,5,C,Aluno-74,2006.0,,16.0,Masculino,2022.0,Escola Pública,,,,,Quartzo,,Quartzo,4.989,4.989,,,820.0,57.0,7.0,4.0,9.6,3.3,7.5,2.0,5.833,5.0,,6.0,0.0,0.0,Não,Não,Fase 6 (2º EM),-1.0,Não atendido,Melhorar: Melhorar a sua entrega de lições de casa.,Melhorar: Empenhar-se mais nas aulas e avaliações.,Melhorar: Integrar-se mais aos Princípios Passos Mágicos.,1,0.8557994524686703,85.58
RA-75,2022,5,F,Aluno-75,2006.0,,16.0,Feminino,2022.0,Escola Pública,,,,,Quartzo,,Quartzo,3.915,3.915,,,855.0,59.0,4.0,4.0,5.4,3.8,6.3,0.0,4.625,5.0,,0.0,0.0,,Não,Não,Fase 6 (2º EM),-1.0,Sem limitações,Melhorar: Melhorar a sua entrega de lições de casa.,Melhorar: Empenhar-se mais nas aulas e avaliações.,Melhorar: Integrar-se mais aos Princípios Passos Mágicos.,1,0.873300208384012,87.33
RA-76,2022,5,F,Aluno-76,2007.0,,15.0,Feminino,2017.0,Rede Decisão,,,Ametista,Topázio,Topázio,,Topázio,9.105,9.105,,,3.0,3.0,1.0,4.0,10.0,9.1,8.1,8.7,9.292,10.0,,9.3,8.3,8.4,Não,Sim,Fase 5 (1º EM),0.0,Sem limitações,Destaque: A sua boa entrega das lições de casa.,Destaque: As suas boas notas na Passos Mágicos.,Destaque: A sua boa integração aos Princípios Passos Mágicos.,0,0.35215160100584997,35.22
RA-77,2022,5,F,Aluno-77,2006.0,,16.0,Masculino,2019.0,Escola Pública,,,Quartzo,Quartzo,Quartzo,,Quartzo,3.846,3.846,,,857.0,60.0,5.0,4.0,7.1,2.7,5.0,0.7,4.625,5.0,,0.3,1.8,0.0,Não,Não,Fase 6 (2º EM),-1.0,Não indicado,Melhorar: Melhorar a sua entrega de lições de casa.,Melhorar: Empenhar-se mais nas aulas e avaliações.,Melhorar: Integrar-se mais aos Princípios Passos Mágicos.,1,0.8479029385136235,84.79
RA-78,2022,5,F,Aluno-78,2005.0,,17.0,Masculino,2018.0,Rede Decisão,,,Ametista,Ágata,Ametista,,Ametista,7.04,7.04,,,475.0,29.0,2.0,4.0,8.3,6.6,5.6,7.2,8.0,5.0,,8.7,5.7,7.3,Não,Não,Fase 7 (3º EM),-2.0,Requer avaliação,Melhorar: Melhorar a sua entrega de lições de casa.,Melhorar: Empenhar-se mais nas aulas e avaliações.,Destaque: A sua boa integração aos Princípios Passos Mágicos.,1,0.8018510369346812,80.19
RA-79,2022,5,F,Aluno-79,2006.0,,16.0,Feminino,2018.0,Rede Decisão,,,Ametista,Ágata,Ágata,,Ágata,6.847,6.847,,,541.0,31.0,3.0,4.0,5.4,6.3,5.6,8.9,7.292,5.0,,9.5,7.7,9.5,Não,Não,Fase 6 (2º EM),-1.0,Requer avaliação,Melhorar: Melhorar a sua entrega de lições de casa.,Destaque: As suas boas notas na Passos Mágicos.,Melhorar: Integrar-se mais aos Princípios Passos Mágicos.,1,0.8595871903026888,85.96
RA-80,2022,5,K,Aluno-80,2006.0,,16.0,Feminino,2017.0,Rede Decisão,,,Ametista,Topázio,Ametista,,Ametista,7.29,7.29,,,397.0,26.0,6.0,4.0,9.2,8.3,5.0,7.1,7.625,5.0,,6.5,7.7,7.3,Não,Não,Fase 6 (2º EM),-1.0,Requer avaliação,Destaque: A sua boa entrega das lições de casa.,Melhorar: Empenhar-se mais nas aulas e avaliações.,Destaque: A sua boa integração aos Princípios Passos Mágicos.,1,0.8271710079928298,82.72
RA-81,2022,5,K,Aluno-81,2008.0,,14.0,Feminino,2017.0,Rede Decisão,,,Ametista,Topázio,Ametista,,Ametista,7.675,7.675,,,247.0,14.0,2.0,4.0,9.2,9.2,5.0,6.0,7.458,10.0,,5.5,5.2,7.3,Não,Não,Fase 4 (9º ano),1.0,Requer avaliação,Destaque: A sua boa entrega das lições de casa.,Melhorar: Empenhar-se mais nas aulas e avaliações.,Melhorar: Integrar-se mais aos Princípios Passos Mágicos.,0,0.27135036034041327,27.14
RA-82,2022,5,K,Aluno-82,2005.0,,17.0,Feminino,2022.0,Escola Pública,,,,,Ágata,,Ágata,6.596,6.596,,,628.0,37.0,9.0,4.0,8.8,6.8,7.5,5.5,6.417,5.0,,6.0,5.0,,Sim,Não,Fase 7 (3º EM),-2.0,Não atendido,Melhorar: Melhorar a sua entrega de lições de casa.,Melhorar: Empenhar-se mais nas aulas e avaliações.,Melhorar: Integrar-se mais aos Princípios Passos Mágicos.,1,0.9643344489959571,96.43
RA-83,2022,5,K,Aluno-83,2005.0,,17.0,Feminino,2022.0,Escola Pública,,,,,Ágata,,Ágata,6.671,6.671,,,598.0,35.0,8.0,4.0,7.9,6.8,7.5,6.8,5.958,5.0,,6.0,7.5,,Sim,Não,Fase 7 (3º EM),-2.0,Não atendido,Melhorar: Melhorar a sua entrega de lições de casa.,Melhorar: Empenhar-se mais nas aulas e avaliações.,Melhorar: Integrar-se mais aos Princípios Passos Mágicos.,1,0.9361563336166074,93.62
RA-84,2022,5,K,Aluno-84,2005.0,,17.0,Feminino,2018.0,Rede Decisão,,,Ametista,Ametista,Ágata,,Ágata,6.682,6.682,,,596.0,34.0,7.0,4.0,7.1,8.8,5.0,5.8,6.75,5.0,,5.7,6.5,5.2,Não,Não,Fase 7 (3º EM),-2.0,Requer avaliação,Destaque: A sua boa entrega das lições de casa.,Melhorar: Empenhar-se mais nas aulas e avaliações.,Melhorar: Integrar-se mais aos Princípios Passos Mágicos.,1,0.9184952057501335,91.85
RA-85,2022,5,K,Aluno-85,2007.0,,15.0,Masculino,2022.0,Escola Pública,,,,,Ágata,,Ágata,6.243,6.243,,,697.0,43.0,10.0,4.0,6.7,7.3,5.0,4.3,5.833,10.0,,5.0,3.5,,Não,Não,Fase 5 (1º EM),0.0,Requer avaliação,Melhorar: Melhorar a sua entrega de lições de casa.,Melhorar: Empenhar-se mais nas aulas e avaliações.,Melhorar: Integrar-se mais aos Princípios Passos Mágicos.,1,0.8722531411789258,87.23
RA-86,2022,5,K,Aluno-86,2006.0,,16.0,Masculino,2016.0,Rede Decisão,,,Topázio,Ametista,Ametista,,Ametista,7.566,7.566,,,286.0,18.0,3.0,4.0,7.5,9.6,5.6,6.7,8.458,5.0,,6.2,7.2,6.9,Não,Sim,Fase 6 (2º EM),-1.0,Sem limitações,Destaque: A sua boa entrega das lições de casa.,Melhorar: Empenhar-se mais nas aulas e avaliações.,Destaque: A sua boa integração aos Princípios Passos Mágicos.,1,0.7061717648866873,70.62
RA-87,2022,5,K,Aluno-87,2007.0,,15.0,Masculino,2021.0,Rede Decisão,,,,Ametista,Topázio,,Topázio,8.712,8.712,,,15.0,6.0,1.0,4.0,8.3,9.6,7.5,8.8,8.5,10.0,,8.3,8.0,10.0,Não,Sim,Fase 5 (1º EM),0.0,Não atendido,Destaque: A sua boa entrega das lições de casa.,Destaque: As suas boas notas na Passos Mágicos.,Destaque: A sua boa integração aos Princípios Passos Mágicos.,0,0.21098826823388708,21.1
RA-88,2022,5,K,Aluno-88,2005.0,,17.0,Masculino,2021.0,Escola Pública,,,,Ametista,Ametista,,Ametista,7.498,7.498,,,312.0,21.0,4.0,4.0,7.1,9.2,5.6,6.5,9.208,5.0,,6.8,6.2,6.4,Sim,Sim,Fase 7 (3º EM),-2.0,Sem limitações,Destaque: A sua boa entrega das lições de casa.,Melhorar: Empenhar-se mais nas aulas e avaliações.,Destaque: A sua boa integração aos Princípios Passos Mágicos.,1,0.7392829322019816,73.93
RA-89,2022,5,K,Aluno-89,2006.0,,16.0,Masculino,2021.0,Escola Pública,,,,Quartzo,Ametista,,Ametista,7.323,7.323,,,383.0,24.0,5.0,4.0,9.6,7.8,7.5,5.9,8.0,5.0,,7.5,5.7,4.7,Sim,Não,Fase 6 (2º EM),-1.0,Não atendido,Destaque: A sua boa entrega das lições de casa.,Melhorar: Empenhar-se mais nas aulas e avaliações.,Destaque: A sua boa integração aos Princípios Passos Mágicos.,1,0.7777958025862867,77.78
RA-90,2022,5,L,Aluno-90,2009.0,,13.0,Feminino,2019.0,Rede Decisão,,,Topázio,Topázio,Topázio,,Topázio,9.442,9.442,,,1.0,1.0,1.0,4.0,10.0,9.7,9.4,8.5,9.75,10.0,,7.7,8.0,9.8,Não,Sim,Fase 3 (7º e 8º ano),2.0,Sem limitações,Destaque: A sua boa entrega das lições de casa.,Destaque: As suas boas notas na Passos Mágicos.,Destaque: A sua boa integração aos Princípios Passos Mágicos.,0,0.3700137500814244,37.0
RA-91,2022,5,L,Aluno-91,2006.0,,16.0,Feminino,2016.0,Rede Decisão,,,Ametista,Ametista,Ágata,,Ágata,6.645,6.645,,,608.0,36.0,8.0,4.0,9.2,5.7,5.6,6.6,7.125,5.0,,5.5,5.7,8.5,Não,Não,Fase 6 (2º EM),-1.0,Requer avaliação,Melhorar: Melhorar a sua entrega de lições de casa.,Melhorar: Empenhar-se mais nas aulas e avaliações.,Melhorar: Integrar-se mais aos Princípios Passos Mágicos.,1,0.9014667181870094,90.15
RA-92,2022,5,L,Aluno-92,2006.0,,16.0,Feminino,2016.0,Rede Decisão,,,Topázio,Ametista,Ágata,,Ágata,6.957,6.957,,,501.0,30.0,7.0,4.0,9.2,7.1,5.0,7.4,6.667,5.0,,7.8,5.5,8.8,Não,Não,Fase 6 (2º EM),-1.0,Requer avaliação,Melhorar: Melhorar a sua entrega de lições de casa.,Melhorar: Empenhar-se mais nas aulas e avaliações.,Melhorar: Integrar-se mais aos Princípios Passos Mágicos.,1,0.6759990483399969,67.6
RA-93,2022,5,L,Aluno-93,2007.0,,15.0,Feminino,2016.0,Rede Decisão,,,Ametista,Topázio,Topázio,,Topázio,8.941,8.941,,,6.0,4.0,3.0,4.0,8.3,9.7,8.1,8.5,9.083,10.0,,8.8,8.3,8.4,Não,Sim,Fase 5 (1º EM),0.0,Sem limitações,Destaque: A sua boa entrega das lições de casa.,Destaque: As suas boas notas na Passos Mágicos.,Destaque: A sua boa integração aos Princípios Passos Mágicos.,0,0.35670361663020667,35.67
RA-94,2022,5,L,Aluno-94,2007.0,,15.0,Feminino,2018.0,Rede Decisão,,,Ametista,Topázio,Topázio,,Topázio,8.921,8.921,,,7.0,5.0,4.0,4.0,8.3,9.6,8.1,7.7,9.583,10.0,,7.0,6.7,9.5,Não,Sim,Fase 5 (1º EM),0.0,Sem limitações,Destaque: A sua boa entrega das lições de casa.,Destaque: As suas boas notas na Passos Mágicos.,Destaque: A sua boa integração aos Princípios Passos Mágicos.,0,0.3402796175079732,34.03
RA-95,2022,5,L,Aluno-95,2005.0,,17.0,Feminino,2022.0,Escola Pública,,,,,Ágata,,Ágata,6.308,6.308,,,685.0,41.0,9.0,4.0,8.3,6.6,7.5,4.8,6.292,5.0,,6.0,8.0,0.5,Não,Não,Fase 7 (3º EM),-2.0,Sem limitações,Melhorar: Melhorar a sua entrega de lições de casa.,Melhorar: Empenhar-se mais nas aulas e avaliações.,Melhorar: Integrar-se mais aos Princípios Passos Mágicos.,1,0.9372729615192322,93.73
RA-96,2022,5,L,Aluno-96,2006.0,,16.0,Masculino,2021.0,Escola Pública,,,,Ametista,Ametista,,Ametista,7.54,7.54,,,295.0,19.0,5.0,4.0,9.2,7.8,6.9,6.7,8.5,5.0,,5.7,6.5,8.0,Sim,Sim,Fase 6 (2º EM),-1.0,Sem limitações,Destaque: A sua boa entrega das lições de casa.,Melhorar: Empenhar-se mais nas aulas e avaliações.,Destaque: A sua boa integração aos Princípios Passos Mágicos.,1,0.7379878026470833,73.8
RA-97,2022,5,L,Aluno-97,2007.0,,15.0,Feminino,2017.0,Rede Decisão,,,Ametista,Ágata,Ametista,,Ametista,7.468,7.468,,,328.0,22.0,6.0,4.0,7.5,8.8,5.0,6.9,6.292,10.0,,5.3,6.7,8.8,Não,Não,Fase 5 (1º EM),0.0,Não indicado,Destaque: A sua boa entrega das lições de casa.,Melhorar: Empenhar-se mais nas aulas e avaliações.,Melhorar: Integrar-se mais aos Princípios Passos Mágicos.,0,0.2682771153357704,26.83
RA-98,2022,5,L,Aluno-98,2007.0,,15.0,Feminino,2017.0,Rede Decisão,,,Topázio,Topázio,Topázio,,Topázio,9.354,9.354,,,2.0,2.0,2.0,4.0,8.8,10.0,9.4,8.5,9.667,10.0,,8.4,8.2,8.9,Não,Sim,Fase 5 (1º EM),0.0,Sem limitações,Destaque: A sua boa entrega das lições de casa.,Destaque: As suas boas notas na Passos Mágicos.,Destaque: A sua boa integração aos Princípios Passos Mágicos.,0,0.3379453480679366,33.79
RA-99,2022,5,L,Aluno-99,2006.0,,16.0,Masculino,2019.0,Escola Pública,,,Ágata,Ágata,Ágata,,Ágata,6.158,6.158,,,701.0,44.0,10.0,4.0,8.8,6.3,7.5,5.0,5.833,5.0,,5.7,3.4,5.8,Não,Não,Fase 6 (2º EM),-1.0,Não atendido,Melhorar: Melhorar a sua entrega de lições de casa.,Melhorar: Empenhar-se mais nas aulas e avaliações.,Melhorar: Integrar-se mais aos Princípios Passos Mágicos.,1,0.9379469040807842,93.79
RA-100,2022,4,A,Aluno-100,2009.0,,13.0,Feminino,2019.0,Rede Decisão,,,Ametista,Topázio,Ametista,,Ametista,7.618,7.618,,,268.0,22.0,7.0,4.0,8.8,7.8,5.0,7.6,7.25,10.0,,7.0,7.8,8.1,Não,Não,Fase 3 (7º e 8º ano),1.0,Não indicado,Destaque: A sua boa entrega das lições de casa.,Destaque: As suas boas notas na Passos Mágicos.,Melhorar: Integrar-se mais aos Princípios Passos Mágicos.,0,0.37192651484930833,37.19
RA-101,2022,4,A,Aluno-101,2007.0,,15.0,Feminino,2021.0,Escola Pública,,,,Ametista,Ametista,,Ametista,7.305,7.305,,,387.0,31.0,8.0,4.0,7.9,8.3,7.5,7.6,6.833,5.0,,7.2,6.5,9.2,Sim,Não,Fase 5 (1º EM),-1.0,Não atendido,Destaque: A sua boa entrega das lições de casa.,Destaque: As suas boas notas na Passos Mágicos.,Melhorar: Integrar-se mais aos Princípios Passos Mágicos.,1,0.7342706224356732,73.43
RA-102,2022,4,A,Aluno-102,2008.0,,14.0,Masculino,2019.0,Escola Pública,,,Ametista,Ametista,Ágata,,Ágata,6.922,6.922,,,519.0,43.0,9.0,4.0,6.7,7.7,6.9,5.7,6.0,10.0,,4.7,6.8,5.5,Não,Não,Fase 4 (9º ano),0.0,Requer avaliação,Destaque: A sua boa entrega das lições de casa.,Melhorar: Empenhar-se mais nas aulas e avaliações.,Melhorar: Integrar-se mais aos Princípios Passos Mágicos.,0,0.34322579966475386,34.32
RA-103,2022,4,A,Aluno-103,2009.0,,13.0,Feminino,2020.0,Rede Decisão,,,Ágata,Ametista,Topázio,,Topázio,8.107,8.107,,,114.0,11.0,4.0,4.0,7.9,8.7,7.5,7.3,7.708,10.0,,7.3,7.3,7.3,Não,Não,Fase 3 (7º e 8º ano),1.0,Não atendido,Destaque: A sua boa entrega das lições de casa.,Melhorar: Empenhar-se mais nas aulas e avaliações.,Destaque: A sua boa integração aos Princípios Passos Mágicos.,0,0.1136991876702726,11.37
RA-104,2022,4,A,Aluno-104,2004.0,,18.0,Masculino,2022.0,Escola Pública,,,,,Ágata,,Ágata,6.315,6.315,,,681.0,61.0,11.0,4.0,7.9,8.7,7.5,3.7,6.708,2.5,,4.8,5.8,0.3,Não,Não,Fase 8 (Universitários),-4.0,Não atendido,Destaque: A sua boa entrega das lições de casa.,Melhorar: Empenhar-se mais nas aulas e avaliações.,Melhorar: Integrar-se mais aos Princípios Passos Mágicos.,1,0.8969152906973328,89.69
RA-105,2022,4,A,Aluno-105,2005.0,,17.0,Masculino,2016.0,Rede Decisão,,,Ametista,Ametista,Ágata,,Ágata,6.846,6.846,,,542.0,47.0,10.0,4.0,7.9,8.2,5.6,6.7,7.417,2.5,,7.2,6.2,6.8,Não,Não,Fase 7 (3º EM),-3.0,Requer avaliação,Destaque: A sua boa entrega das lições de casa.,Melhorar: Empenhar-se mais nas aulas e avaliações.,Melhorar: Integrar-se mais aos Princípios Passos Mágicos.,1,0.9380093656196322,93.8
RA-106,2022,4,A,Aluno-106,2007.0,,15.0,Feminino,2016.0,Rede Decisão,,,Topázio,Ametista,Ametista,,Ametista,7.973,7.973,,,148.0,13.0,5.0,4.0,9.2,8.0,9.4,7.4,8.375,5.0,,7.8,7.2,7.2,Não,Sim,Fase 5 (1º EM),-1.0,Sem limitações,Destaque: A sua boa entrega das lições de casa.,Melhorar: Empenhar-se mais nas aulas e avaliações.,Destaque: A sua boa integração aos Princípios Passos Mágicos.,0,0.31862097605546,31.86
RA-107,2022,4,A,Aluno-107,2007.0,,15.0,Feminino,2018.0,Escola Pública,,,Topázio,Ágata,Ágata,,Ágata,6.258,6.258,,,693.0,63.0,12.0,4.0,7.5,6.4,7.5,4.6,6.5,5.0,,3.3,4.3,6.0,Sim,Não,Fase 5 (1º EM),-1.0,Sem limitações,Melhorar: Melhorar a sua entrega de lições de casa.,Melhorar: Empenhar-se mais nas aulas e avaliações.,Melhorar: Integrar-se mais aos Princípios Passos Mágicos.,1,0.9783083174649834,97.83
RA-108,2022,4,A,Aluno-108,2005.0,,17.0,Feminino,2019.0,Escola Pública,,,Ágata,Ágata,Quartzo,,Quartzo,5.547,5.547,,,784.0,72.0,15.0,4.0,4.6,7.7,5.0,5.0,6.125,2.5,,3.0,5.8,6.2,Não,Não,Fase 7 (3º EM),-3.0,Não indicado,Destaque: A sua boa entrega das lições de casa.,Melhorar: Empenhar-se mais nas aulas e avaliações.,Melhorar: Integrar-se mais aos Princípios Passos Mágicos.,1,0.9439702725927279,94.4
RA-109,2022,4,A,Aluno-109,2006.0,,16.0,Masculino,2021.0,Rede Decisão,,,,Ametista,Topázio,,Topázio,8.512,8.512,,,33.0,4.0,2.0,4.0,8.8,10.0,8.8,8.4,8.667,5.0,,7.8,7.5,9.9,Não,Sim,Fase 6 (2º EM),-2.0,Sem limitações,Destaque: A sua boa entrega das lições de casa.,Destaque: As suas boas notas na Passos Mágicos.,Destaque: A sua boa integração aos Princípios Passos Mágicos.,0,0.34405268496647523,34.41
RA-110,2022,4,A,Aluno-110,2008.0,,14.0,Masculino,2017.0,Rede Decisão,,,Ametista,Topázio,Topázio,,Topázio,8.15,8.15,,,100.0,10.0,3.0,4.0,9.2,9.7,5.6,6.7,8.0,10.0,,8.3,5.7,6.0,Não,Não,Fase 4 (9º ano),0.0,Requer avaliação,Destaque: A sua boa entrega das lições de casa.,Melhorar: Empenhar-se mais nas aulas e avaliações.,Destaque: A sua boa integração aos Princípios Passos Mágicos.,0,0.18745986975554998,18.75
RA-111,2022,4,A,Aluno-111,2009.0,,13.0,Feminino,2020.0,Rede Decisão,,,Ametista,Topázio,Topázio,,Topázio,8.646,8.646,,,22.0,2.0,1.0,4.0,7.5,9.4,8.1,8.0,8.667,10.0,,6.7,7.5,9.7,Não,Sim,Fase 3 (7º e 8º ano),1.0,Sem limitações,Destaque: A sua boa entrega das lições de casa.,Destaque: As suas boas notas na Passos Mágicos.,Destaque: A sua boa integração aos Princípios Passos Mágicos.,0,0.060833879033072163,6.08
RA-112,2022,4,A,Aluno-112,2007.0,,15.0,Feminino,2016.0,Rede Decisão,,,Ametista,Ametista,Ametista,,Ametista,7.836,7.836,,,189.0,17.0,6.0,4.0,7.9,7.8,6.3,8.5,8.833,5.0,,9.0,7.5,9.1,Não,Sim,Fase 5 (1º EM),-1.0,Sem limitações,Destaque: A sua boa entrega das lições de casa.,Destaque: As suas boas notas na Passos Mágicos.,Destaque: A sua boa integração aos Princípios Passos Mágicos.,1,0.8001662634082486,80.02
RA-113,2022,4,A,Aluno-113,2007.0,,15.0,Feminino,2017.0,Rede Decisão,,,Ametista,Ágata,Quartzo,,Quartzo,3.032,3.032,,,862.0,76.0,16.0,4.0,0.0,0.0,5.0,3.7,3.792,5.0,,3.3,5.5,2.3,Não,Não,Fase 5 (1º EM),-1.0,Não indicado,Melhorar: Melhorar a sua entrega de lições de casa.,Melhorar: Empenhar-se mais nas aulas e avaliações.,Melhorar: Integrar-se mais aos Princípios Passos Mágicos.,1,0.7613333637983404,76.13
RA-114,2022,4,A,Aluno-114,2006.0,,16.0,Masculino,2022.0,Escola Pública,,,,,Quartzo,,Quartzo,5.894,5.894,,,738.0,66.0,13.0,4.0,7.9,6.3,7.5,5.3,5.0,5.0,,6.0,4.5,,Não,Não,Fase 6 (2º EM),-2.0,Sem limitações,Melhorar: Melhorar a sua entrega de lições de casa.,Melhorar: Empenhar-se mais nas aulas e avaliações.,Melhorar: Integrar-se mais aos Princípios Passos Mágicos.,1,0.9506186123128146,95.06
RA-115,2022,4,A,Aluno-115,2006.0,,16.0,Feminino,2019.0,Escola Pública,,,Ametista,Ametista,Quartzo,,Quartzo,5.886,5.886,,,740.0,67.0,14.0,4.0,8.3,6.8,6.3,3.8,5.583,5.0,,3.0,5.7,2.7,Não,Não,Fase 6 (2º EM),-2.0,Requer avaliação,Melhorar: Melhorar a sua entrega de lições de casa.,Melhorar: Empenhar-se mais nas aulas e avaliações.,Melhorar: Integrar-se mais aos Princípios Passos Mágicos.,1,0.9470332305020651,94.7
RA-116,2022,4,B,Aluno-116,2006.0,,16.0,Feminino,2019.0,Escola Pública,,,Ametista,Ágata,Ágata,,Ágata,6.854,6.854,,,538.0,46.0,8.0,4.0,5.8,8.1,6.3,5.9,7.792,5.0,,5.0,7.2,5.5,Sim,Não,Fase 6 (2º EM),-2.0,Sem limitações,Destaque: A sua boa entrega das lições de casa.,Melhorar: Empenhar-se mais nas aulas e avaliações.,Destaque: A sua boa integração aos Princípios Passos Mágicos.,1,0.9083488616348565,90.83
RA-117,2022,4,B,Aluno-117,2007.0,,15.0,Feminino,2022.0,Escola Pública,,,,,Ágata,,Ágata,6.685,6.685,,,593.0,55.0,10.0,4.0,7.9,6.3,6.9,6.1,7.417,5.0,,4.7,6.7,7.0,Não,Não,Fase 5 (1º EM),-1.0,Requer avaliação,Melhorar: Melhorar a sua entrega de lições de casa.,Melhorar: Empenhar-se mais nas aulas e avaliações.,Melhorar: Integrar-se mais aos Princípios Passos Mágicos.,1,0.9597957854122247,95.98
RA-118,2022,4,B,Aluno-118,2008.0,,14.0,Feminino,2021.0,Escola Pública,,,,Ametista,Quartzo,,Quartzo,5.597,5.597,,,775.0,70.0,12.0,4.0,0.0,5.3,6.3,3.9,6.958,10.0,,3.7,4.7,3.5,Não,Não,Fase 4 (9º ano),0.0,Sem limitações,Melhorar: Melhorar a sua entrega de lições de casa.,Melhorar: Empenhar-se mais nas aulas e avaliações.,Melhorar: Integrar-se mais aos Princípios Passos Mágicos.,1,0.5663360946307203,56.63
RA-119,2022,4,B,Aluno-119,2008.0,,14.0,Feminino,2016.0,Rede Decisão,,,Ametista,Ágata,Ametista,,Ametista,7.501,7.501,,,311.0,26.0,3.0,4.0,8.3,8.2,5.6,5.4,7.875,10.0,,5.7,7.0,3.4,Não,Não,Fase 4 (9º ano),0.0,Requer avaliação,Destaque: A sua boa entrega das lições de casa.,Melhorar: Empenhar-se mais nas aulas e avaliações.,Destaque: A sua boa integração aos Princípios Passos Mágicos.,0,0.26890803439053423,26.89
RA-120,2022,4,B,Aluno-120,2007.0,,15.0,Masculino,2019.0,Escola Pública,,,Ametista,Ametista,Ágata,,Ágata,6.825,6.825,,,547.0,48.0,9.0,4.0,8.3,5.9,7.5,6.2,7.667,5.0,,3.7,5.2,9.7,Sim,Não,Fase 5 (1º EM),-1.0,Não atendido,Melhorar: Melhorar a sua entrega de lições de casa.,Melhorar: Empenhar-se mais nas aulas e avaliações.,Destaque: A sua boa integração aos Princípios Passos Mágicos.,1,0.8749041603108073,87.49
RA-121,2022,4,B,Aluno-121,2006.0,,16.0,Feminino,2021.0,Escola Pública,,,,Ágata,Ametista,,Ametista,7.245,7.245,,,413.0,33.0,5.0,4.0,7.1,8.4,6.3,7.2,7.625,5.0,,5.7,6.8,9.0,Sim,Não,Fase 6 (2º EM),-2.0,Sem limitações,Destaque: A sua boa entrega das lições de casa.,Melhorar: Empenhar-se mais nas aulas e avaliações.,Destaque: A sua boa integração aos Princípios Passos Mágicos.,1,0.7068926047168759,70.69
RA-122,2022,4,B,Aluno-122,2008.0,,14.0,Feminino,2019.0,Escola Pública,,,Ágata,Quartzo,Quartzo,,Quartzo,5.061,5.061,,,818.0,74.0,14.0,4.0,7.9,3.4,7.5,1.8,4.958,10.0,,1.7,3.7,0.0,Não,Não,Fase 4 (9º ano),0.0,Não atendido,Melhorar: Melhorar a sua entrega de lições de casa.,Melhorar: Empenhar-se mais nas aulas e avaliações.,Melhorar: Integrar-se mais aos Princípios Passos Mágicos.,1,0.5669949757150817,56.7
RA-123,2022,4,B,Aluno-123,2006.0,,16.0,Masculino,2017.0,Rede Decisão,,,Ametista,Ametista,Ametista,,Ametista,7.084,7.084,,,461.0,37.0,6.0,4.0,7.9,8.6,5.6,6.5,7.292,5.0,,7.3,6.3,5.9,Não,Não,Fase 6 (2º EM),-2.0,Requer avaliação,Destaque: A sua boa entrega das lições de casa.,Melhorar: Empenhar-se mais nas aulas e avaliações.,Melhorar: Integrar-se mais aos Princípios Passos Mágicos.,1,0.7879508657305944,78.8
RA-124,2022,4,B,Aluno-124,2008.0,,14.0,Masculino,2016.0,Rede Decisão,,,Ametista,Ametista,Ametista,,Ametista,7.388,7.388,,,365.0,29.0,4.0,4.0,7.9,7.8,5.0,6.7,7.167,10.0,,5.7,7.0,7.5,Não,Não,Fase 4 (9º ano),0.0,Requer avaliação,Destaque: A sua boa entrega das lições de casa.,Melhorar: Empenhar-se mais nas aulas e avaliações.,Melhorar: Integrar-se mais aos Princípios Passos Mágicos.,0,0.3043568736241566,30.44
RA-125,2022,4,B,Aluno-125,2007.0,,15.0,Feminino,2022.0,Escola Pública,,,,,Ametista,,Ametista,7.619,7.619,,,266.0,21.0,2.0,4.0,8.8,8.5,7.5,7.1,7.75,5.0,,5.0,7.2,9.2,Sim,Não,Fase 5 (1º EM),-1.0,Não atendido,Destaque: A sua boa entrega das lições de casa.,Melhorar: Empenhar-se mais nas aulas e avaliações.,Destaque: A sua boa integração aos Princípios Passos Mágicos.,1,0.6038428250104988,60.38
RA-126,2022,4,B,Aluno-126,2007.0,,15.0,Masculino,2018.0,Escola Pública,,,Ametista,Ametista,Ágata,,Ágata,6.289,6.289,,,689.0,62.0,11.0,4.0,7.1,5.8,7.5,4.4,7.417,5.0,,4.0,5.0,4.2,Sim,Não,Fase 5 (1º EM),-1.0,Não atendido,Melhorar: Melhorar a sua entrega de lições de casa.,Melhorar: Empenhar-se mais nas aulas e avaliações.,Melhorar: Integrar-se mais aos Princípios Passos Mágicos.,1,0.9646063821440711,96.46
RA-127,2022,4,B,Aluno-127,2008.0,,14.0,Feminino,2022.0,Escola Pública,,,,,Topázio,,Topázio,8.283,8.283,,,63.0,7.0,1.0,4.0,7.5,8.7,7.5,7.9,8.125,10.0,,7.7,7.7,8.3,Sim,Não,Fase 4 (9º ano),0.0,Não atendido,Destaque: A sua boa entrega das lições de casa.,Destaque: As suas boas notas na Passos Mágicos.,Destaque: A sua boa integração aos Princípios Passos Mágicos.,0,0.10924182801992524,10.92
RA-128,2022,4,B,Aluno-128,2007.0,,15.0,Masculino,2019.0,Escola Pública,,,Ametista,Ágata,Quartzo,,Quartzo,5.563,5.563,,,778.0,71.0,13.0,4.0,0.0,6.2,7.5,5.6,6.167,5.0,,6.7,6.8,3.2,Sim,Não,Fase 5 (1º EM),-1.0,Não atendido,Melhorar: Melhorar a sua entrega de lições de casa.,Melhorar: Empenhar-se mais nas aulas e avaliações.,Melhorar: Integrar-se mais aos Princípios Passos Mágicos.,1,0.9178664521665617,91.79
RA-129,2022,4,B,Aluno-129,2007.0,,15.0,Masculino,2019.0,Escola Pública,,,Ametista,Ametista,Ágata,,Ágata,6.926,6.926,,,516.0,42.0,7.0,4.0,6.7,6.4,7.5,6.7,7.792,5.0,,6.0,5.3,8.7,Sim,Não,Fase 5 (1º EM),-1.0,Não atendido,Melhorar: Melhorar a sua entrega de lições de casa.,Melhorar: Empenhar-se mais nas aulas e avaliações.,Destaque: A sua boa integração aos Princípios Passos Mágicos.,1,0.7739169491946757,77.39
RA-130,2022,4,F,Aluno-130,2006.0,,16.0,Feminino,2018.0,Escola Pública,,,Quartzo,Ágata,Quartzo,,Quartzo,5.624,5.624,,,772.0,69.0,14.0,4.0,8.3,4.7,5.0,4.1,6.5,5.0,,3.7,5.2,3.5,Não,Não,Fase 6 (2º EM),-2.0,Requer avaliação,Melhorar: Melhorar a sua entrega de lições de casa.,Melhorar: Empenhar-se mais nas aulas e avaliações.,Melhorar: Integrar-se mais aos Princípios Passos Mágicos.,1,0.9599829917482934,96.0
RA-131,2022,4,F,Aluno-131,2007.0,,15.0,Feminino,2016.0,Escola Pública,,,Topázio,Ametista,Ametista,,Ametista,7.174,7.174,,,440.0,35.0,7.0,4.0,8.8,9.0,5.6,5.6,7.75,5.0,,6.0,6.5,4.2,Sim,Não,Fase 5 (1º EM),-1.0,Sem limitações,Destaque: A sua boa entrega das lições de casa.,Melhorar: Empenhar-se mais nas aulas e avaliações.,Destaque: A sua boa integração aos Princípios Passos Mágicos.,1,0.7349697059520308,73.5
RA-132,2022,4,F,Aluno-132,2008.0,,14.0,Feminino,2019.0,Rede Decisão,,,Topázio,Ametista,Topázio,,Topázio,8.355,8.355,,,53.0,5.0,2.0,4.0,10.0,8.8,5.6,7.7,8.458,10.0,,6.5,7.5,9.1,Não,Sim,Fase 4 (9º ano),0.0,Sem limitações,Destaque: A sua boa entrega das lições de casa.,Destaque: As suas boas notas na Passos Mágicos.,Destaque: A sua boa integração aos Princípios Passos Mágicos.,0,0.14735126200098334,14.74
RA-133,2022,4,F,Aluno-133,2007.0,,15.0,Feminino,2016.0,Escola Pública,,,Ametista,Quartzo,Ágata,,Ágata,6.875,6.875,,,530.0,45.0,10.0,4.0,7.9,7.1,7.5,5.6,7.625,5.0,,4.7,7.2,5.0,Não,Não,Fase 5 (1º EM),-1.0,Não atendido,Melhorar: Melhorar a sua entrega de lições de casa.,Melhorar: Empenhar-se mais nas aulas e avaliações.,Destaque: A sua boa integração aos Princípios Passos Mágicos.,1,0.9053876372125025,90.54
RA-134,2022,4,F,Aluno-134,2007.0,,15.0,Feminino,2021.0,Escola Pública,,,,Ágata,Ágata,,Ágata,6.607,6.607,,,623.0,56.0,12.0,4.0,8.8,6.8,7.5,4.7,7.375,5.0,,4.7,6.8,2.5,Sim,Não,Fase 5 (1º EM),-1.0,Não atendido,Melhorar: Melhorar a sua entrega de lições de casa.,Melhorar: Empenhar-se mais nas aulas e avaliações.,Melhorar: Integrar-se mais aos Princípios Passos Mágicos.,1,0.9459259158476757,94.59
RA-135,2022,4,F,Aluno-135,2007.0,,15.0,Feminino,2019.0,Escola Pública,,,Topázio,Ametista,Ametista,,Ametista,7.692,7.692,,,237.0,20.0,4.0,4.0,8.3,7.8,5.6,8.6,8.583,5.0,,8.0,8.2,9.5,Sim,Sim,Fase 5 (1º EM),-1.0,Sem limitações,Destaque: A sua boa entrega das lições de casa.,Destaque: As suas boas notas na Passos Mágicos.,Destaque: A sua boa integração aos Princípios Passos Mágicos.,1,0.8248956990823774,82.49
RA-136,2022,4,F,Aluno-136,2007.0,,15.0,Masculino,2019.0,Escola Pública,,,Ágata,Ágata,Ágata,,Ágata,6.478,6.478,,,646.0,59.0,13.0,4.0,10.0,6.3,7.5,4.6,6.667,5.0,,5.3,5.7,2.8,Não,Não,Fase 5 (1º EM),-1.0,Não atendido,Melhorar: Melhorar a sua entrega de lições de casa.,Melhorar: Empenhar-se mais nas aulas e avaliações.,Melhorar: Integrar-se mais aos Princípios Passos Mágicos.,1,0.9573954184842343,95.74
RA-137,2022,4,F,Aluno-137,2005.0,,17.0,Feminino,2016.0,Rede Decisão,,,Quartzo,Ágata,Ametista,,Ametista,7.056,7.056,,,468.0,38.0,9.0,4.0,7.5,8.9,5.0,7.3,7.792,2.5,,6.0,7.3,8.5,Não,Não,Fase 7 (3º EM),-3.0,Requer avaliação,Destaque: A sua boa entrega das lições de casa.,Melhorar: Empenhar-se mais nas aulas e avaliações.,Destaque: A sua boa integração aos Princípios Passos Mágicos.,1,0.8032006506493243,80.32
RA-138,2022,4,F,Aluno-138,2007.0,,15.0,Masculino,2016.0,Escola Pública,,,Ametista,Ágata,Ágata,,Ágata,6.738,6.738,,,573.0,53.0,11.0,4.0,9.6,8.0,5.6,5.6,6.375,5.0,,5.0,6.5,5.2,Sim,Não,Fase 5 (1º EM),-1.0,Requer avaliação,Destaque: A sua boa entrega das lições de casa.,Melhorar: Empenhar-se mais nas aulas e avaliações.,Melhorar: Integrar-se mais aos Princípios Passos Mágicos.,1,0.9337520486346746,93.38
RA-139,2022,4,F,Aluno-139,2005.0,,17.0,Masculino,2019.0,Escola Pública,,,Quartzo,Ágata,Quartzo,,Quartzo,3.738,3.738,,,858.0,75.0,15.0,4.0,7.1,3.5,5.0,1.4,3.917,2.5,,1.7,2.7,0.0,Não,Não,Fase 7 (3º EM),-3.0,Requer avaliação,Melhorar: Melhorar a sua entrega de lições de casa.,Melhorar: Empenhar-se mais nas aulas e avaliações.,Melhorar: Integrar-se mais aos Princípios Passos Mágicos.,1,0.82939169704517,82.94
RA-140,2022,4,F,Aluno-140,2008.0,,14.0,Feminino,2021.0,Escola Pública,,,,Ametista,Ametista,,Ametista,7.407,7.407,,,358.0,28.0,6.0,4.0,7.9,7.6,6.9,5.7,7.667,10.0,,5.0,6.5,5.6,Sim,Não,Fase 4 (9º ano),0.0,Não atendido,Destaque: A sua boa entrega das lições de casa.,Melhorar: Empenhar-se mais nas aulas e avaliações.,Destaque: A sua boa integração aos Princípios Passos Mágicos.,0,0.3576718550773689,35.77
RA-141,2022,4,F,Aluno-141,2008.0,,14.0,Masculino,2017.0,Escola Pública,,,Ágata,Ágata,Ametista,,Ametista,7.118,7.118,,,450.0,36.0,8.0,4.0,9.2,8.2,5.6,5.7,5.917,10.0,,5.8,6.2,5.0,Não,Não,Fase 4 (9º ano),0.0,Requer avaliação,Destaque: A sua boa entrega das lições de casa.,Melhorar: Empenhar-se mais nas aulas e avaliações.,Melhorar: Integrar-se mais aos Princípios Passos Mágicos.,0,0.2723956094117107,27.24
RA-142,2022,4,F,Aluno-142,2008.0,,14.0,Feminino,2021.0,Escola Pública,,,,Ágata,Ametista,,Ametista,7.457,7.457,,,332.0,27.0,5.0,4.0,6.7,8.6,5.6,6.3,7.583,10.0,,6.0,6.8,6.0,Não,Não,Fase 4 (9º ano),0.0,Requer avaliação,Destaque: A sua boa entrega das lições de casa.,Melhorar: Empenhar-se mais nas aulas e avaliações.,Destaque: A sua boa integração aos Princípios Passos Mágicos.,0,0.30842484090533095,30.84
RA-143,2022,4,F,Aluno-143,2009.0,,13.0,Masculino,2019.0,Rede Decisão,,,Topázio,Topázio,Topázio,,Topázio,8.638,8.638,,,24.0,3.0,1.0,4.0,8.3,9.9,5.6,7.9,9.5,10.0,,9.7,7.7,6.4,Não,Sim,Fase 3 (7º e 8º ano),1.0,Sem limitações,Destaque: A sua boa entrega das lições de casa.,Destaque: As suas boas notas na Passos Mágicos.,Destaque: A sua boa integração aos Princípios Passos Mágicos.,0,0.290629870915042,29.06
RA-144,2022,4,F,Aluno-144,2008.0,,14.0,Feminino,2017.0,Rede Decisão,,,Ágata,Quartzo,Topázio,,Topázio,8.181,8.181,,,89.0,9.0,3.0,4.0,7.5,9.3,5.0,7.9,8.292,10.0,,7.5,7.2,9.0,Não,Não,Fase 4 (9º ano),0.0,Requer avaliação,Destaque: A sua boa entrega das lições de casa.,Destaque: As suas boas notas na Passos Mágicos.,Destaque: A sua boa integração aos Princípios Passos Mágicos.,0,0.057127903272001845,5.71
RA-145,2022,4,H,Aluno-145,2006.0,,16.0,Masculino,2017.0,Escola Pública,,,Ágata,Ágata,Quartzo,,Quartzo,5.846,5.846,,,746.0,68.0,7.0,4.0,0.0,6.3,8.1,5.2,7.25,5.0,,3.0,4.8,7.8,Sim,Não,Fase 6 (2º EM),-2.0,Sem limitações,Melhorar: Melhorar a sua entrega de lições de casa.,Melhorar: Empenhar-se mais nas aulas e avaliações.,Melhorar: Integrar-se mais aos Princípios Passos Mágicos.,1,0.8549889495112575,85.5
RA-146,2022,4,H,Aluno-146,2007.0,,15.0,Feminino,2022.0,Escola Pública,,,,,Ametista,,Ametista,7.947,7.947,,,156.0,15.0,1.0,4.0,8.3,9.2,7.5,7.9,8.208,5.0,,6.3,7.3,10.0,Sim,Não,Fase 5 (1º EM),-1.0,Não atendido,Destaque: A sua boa entrega das lições de casa.,Destaque: As suas boas notas na Passos Mágicos.,Destaque: A sua boa integração aos Princípios Passos Mágicos.,1,0.5361867726872981,53.62
RA-147,2022,4,H,Aluno-147,2008.0,,14.0,Feminino,2022.0,Escola Pública,,,,,Ametista,,Ametista,7.541,7.541,,,293.0,24.0,4.0,4.0,8.3,7.7,7.5,6.1,7.25,10.0,,5.8,4.8,7.7,Não,Não,Fase 4 (9º ano),0.0,Não atendido,Destaque: A sua boa entrega das lições de casa.,Melhorar: Empenhar-se mais nas aulas e avaliações.,Melhorar: Integrar-se mais aos Princípios Passos Mágicos.,0,0.3083674591105929,30.84
RA-148,2022,4,H,Aluno-148,2008.0,,14.0,Masculino,2022.0,Escola Pública,,,,,Ametista,,Ametista,7.894,7.894,,,172.0,16.0,2.0,4.0,9.2,7.9,10.0,5.3,7.708,10.0,,4.7,6.3,5.0,Sim,Não,Fase 4 (9º ano),0.0,Sem limitações,Destaque: A sua boa entrega das lições de casa.,Melhorar: Empenhar-se mais nas aulas e avaliações.,Destaque: A sua boa integração aos Princípios Passos Mágicos.,0,0.1869866558382353,18.7
RA-149,2022,4,H,Aluno-149,2007.0,,15.0,Feminino,2022.0,Escola Pública,,,,,Ágata,,Ágata,6.323,6.323,,,679.0,60.0,6.0,4.0,9.2,6.5,7.5,5.0,6.125,5.0,,4.0,6.0,,Não,Não,Fase 5 (1º EM),-1.0,Não atendido,Melhorar: Melhorar a sua entrega de lições de casa.,Melhorar: Empenhar-se mais nas aulas e avaliações.,Melhorar: Integrar-se mais aos Princípios Passos Mágicos.,1,0.9383135881960909,93.83
RA-150,2022,4,H,Aluno-150,2006.0,,16.0,Feminino,2020.0,Escola Pública,,,Ametista,Ametista,Ágata,,Ágata,6.962,6.962,,,498.0,41.0,5.0,4.0,9.6,6.3,6.9,6.9,7.333,5.0,,5.3,6.7,8.6,Sim,Não,Fase 6 (2º EM),-2.0,Sem limitações,Melhorar: Melhorar a sua entrega de lições de casa.,Melhorar: Empenhar-se mais nas aulas e avaliações.,Melhorar: Integrar-se mais aos Princípios Passos Mágicos.,1,0.7812553835999245,78.13
RA-151,2022,4,H,Aluno-151,2006.0,,16.0,Feminino,2020.0,Escola Pública,,,Ametista,Ametista,Ametista,,Ametista,7.563,7.563,,,289.0,23.0,3.0,4.0,8.8,7.5,6.9,8.3,7.958,5.0,,7.3,8.0,9.5,Sim,Não,Fase 6 (2º EM),-2.0,Sem limitações,Destaque: A sua boa entrega das lições de casa.,Destaque: As suas boas notas na Passos Mágicos.,Destaque: A sua boa integração aos Princípios Passos Mágicos.,1,0.8539209627165273,85.39
RA-152,2022,4,L,Aluno-152,2006.0,,16.0,Feminino,2022.0,Escola Pública,,,,,Ágata,,Ágata,6.712,6.712,,,586.0,54.0,13.0,4.0,8.3,7.0,7.5,6.5,6.292,5.0,,4.0,7.0,8.5,Não,Não,Fase 6 (2º EM),-2.0,Não atendido,Melhorar: Melhorar a sua entrega de lições de casa.,Melhorar: Empenhar-se mais nas aulas e avaliações.,Melhorar: Integrar-se mais aos Princípios Passos Mágicos.,1,0.9572695649937774,95.73
RA-153,2022,4,L,Aluno-153,2008.0,,14.0,Feminino,2018.0,Rede Decisão,,,Ágata,Ametista,Ametista,,Ametista,7.535,7.535,,,297.0,25.0,5.0,4.0,7.9,8.2,5.0,6.6,7.708,10.0,,3.3,7.7,8.8,Não,Não,Fase 4 (9º ano),0.0,Requer avaliação,Destaque: A sua boa entrega das lições de casa.,Melhorar: Empenhar-se mais nas aulas e avaliações.,Destaque: A sua boa integração aos Princípios Passos Mágicos.,0,0.28369399054430366,28.37
RA-154,2022,4,L,Aluno-154,2007.0,,15.0,Masculino,2017.0,Escola Pública,,,Ágata,Ágata,Ágata,,Ágata,6.073,6.073,,,714.0,65.0,15.0,4.0,8.3,6.1,6.3,4.0,6.833,5.0,,3.7,6.2,2.1,Sim,Não,Fase 5 (1º EM),-1.0,Sem limitações,Melhorar: Melhorar a sua entrega de lições de casa.,Melhorar: Empenhar-se mais nas aulas e avaliações.,Melhorar: Integrar-se mais aos Princípios Passos Mágicos.,1,0.9651949958937353,96.52
RA-155,2022,4,L,Aluno-155,2006.0,,16.0,Masculino,2022.0,Escola Pública,,,,,Ametista,,Ametista,7.051,7.051,,,470.0,39.0,9.0,4.0,10.0,8.3,7.5,5.2,6.833,5.0,,4.3,6.8,4.3,Sim,Não,Fase 6 (2º EM),-2.0,Não atendido,Destaque: A sua boa entrega das lições de casa.,Melhorar: Empenhar-se mais nas aulas e avaliações.,Melhorar: Integrar-se mais aos Princípios Passos Mágicos.,1,0.7411412474341157,74.11
RA-156,2022,4,L,Aluno-156,2007.0,,15.0,Masculino,2018.0,Escola Pública,,,Ametista,Ágata,Ametista,,Ametista,7.357,7.357,,,376.0,30.0,6.0,4.0,10.0,8.3,9.4,4.4,7.792,5.0,,4.7,6.5,2.1,Sim,Não,Fase 5 (1º EM),-1.0,Sem limitações,Destaque: A sua boa entrega das lições de casa.,Melhorar: Empenhar-se mais nas aulas e avaliações.,Destaque: A sua boa integração aos Princípios Passos Mágicos.,1,0.682998645324226,68.3
RA-157,2022,4,L,Aluno-157,2010.0,,12.0,Feminino,2018.0,Rede Decisão,,,Ametista,Topázio,Topázio,,Topázio,8.317,8.317,,,59.0,6.0,1.0,4.0,7.5,10.0,6.3,7.7,8.292,10.0,,7.0,7.5,8.7,Não,Não,Fase 3 (7º e 8º ano),1.0,Requer avaliação,Destaque: A sua boa entrega das lições de casa.,Destaque: As suas boas notas na Passos Mágicos.,Destaque: A sua boa integração aos Princípios Passos Mágicos.,0,0.041926612947216314,4.19
RA-158,2022,4,L,Aluno-158,2005.0,,17.0,Feminino,2017.0,Rede Decisão,,,Ametista,Ametista,Ametista,,Ametista,7.302,7.302,,,392.0,32.0,7.0,4.0,7.9,9.8,5.6,6.6,8.125,2.5,,5.0,6.7,8.1,Não,Não,Fase 7 (3º EM),-3.0,Requer avaliação,Destaque: A sua boa entrega das lições de casa.,Melhorar: Empenhar-se mais nas aulas e avaliações.,Destaque: A sua boa integração aos Princípios Passos Mágicos.,1,0.7335527976610292,73.36
RA-159,2022,4,L,Aluno-159,2007.0,,15.0,Feminino,2021.0,Escola Pública,,,,Ametista,Ágata,,Ágata,6.49,6.49,,,644.0,58.0,14.0,4.0,8.3,8.1,5.6,4.7,6.458,5.0,,4.3,5.8,3.9,Não,Não,Fase 5 (1º EM),-1.0,Requer avaliação,Destaque: A sua boa entrega das lições de casa.,Melhorar: Empenhar-se mais nas aulas e avaliações.,Melhorar: Integrar-se mais aos Princípios Passos Mágicos.,1,0.9615335496159594,96.15
RA-160,2022,4,L,Aluno-160,2007.0,,15.0,Feminino,2021.0,Escola Pública,,,,Ágata,Ágata,,Ágata,6.746,6.746,,,568.0,52.0,12.0,4.0,7.5,7.2,5.6,5.3,8.25,5.0,,2.7,6.0,7.1,Sim,Não,Fase 5 (1º EM),-1.0,Requer avaliação,Melhorar: Melhorar a sua entrega de lições de casa.,Melhorar: Empenhar-se mais nas aulas e avaliações.,Destaque: A sua boa integração aos Princípios Passos Mágicos.,1,0.9027078205103923,90.27
RA-161,2022,4,L,Aluno-161,2011.0,,11.0,Feminino,2018.0,Rede Decisão,,,Ametista,Ametista,Ametista,,Ametista,7.957,7.957,,,153.0,14.0,4.0,4.0,7.9,9.1,5.6,6.9,8.083,10.0,,5.3,6.8,8.5,Não,Não,Fase 2 (5º e 6º ano),2.0,Requer avaliação,Destaque: A sua boa entrega das lições de casa.,Melhorar: Empenhar-se mais nas aulas e avaliações.,Destaque: A sua boa integração aos Princípios Passos Mágicos.,0,0.0641622497066092,6.42
RA-162,2022,4,L,Aluno-162,2008.0,,14.0,Feminino,2021.0,Escola Pública,,,,Ágata,Ametista,,Ametista,7.215,7.215,,,423.0,34.0,8.0,4.0,6.7,8.5,7.5,5.5,6.542,10.0,,4.7,5.5,6.4,Não,Não,Fase 4 (9º ano),0.0,Requer avaliação,Destaque: A sua boa entrega das lições de casa.,Melhorar: Empenhar-se mais nas aulas e avaliações.,Melhorar: Integrar-se mais aos Princípios Passos Mágicos.,0,0.2405515431449649,24.06
RA-163,2022,4,L,Aluno-163,2007.0,,15.0,Feminino,2021.0,Escola Pública,,,,Ágata,Ágata,,Ágata,6.797,6.797,,,556.0,49.0,10.0,4.0,8.8,7.9,5.6,6.7,6.5,5.0,,6.5,6.3,7.4,Não,Não,Fase 5 (1º EM),-1.0,Requer avaliação,Destaque: A sua boa entrega das lições de casa.,Melhorar: Empenhar-se mais nas aulas e avaliações.,Melhorar: Integrar-se mais aos Princípios Passos Mágicos.,1,0.8719265813979389,87.19
RA-164,2022,4,L,Aluno-164,2006.0,,16.0,Masculino,2018.0,Escola Pública,,,Ágata,Ágata,Ágata,,Ágata,6.776,6.776,,,562.0,50.0,11.0,4.0,8.3,7.3,5.6,6.5,7.208,5.0,,4.7,6.5,8.3,Sim,Não,Fase 6 (2º EM),-2.0,Requer avaliação,Melhorar: Melhorar a sua entrega de lições de casa.,Melhorar: Empenhar-se mais nas aulas e avaliações.,Melhorar: Integrar-se mais aos Princípios Passos Mágicos.,1,0.9454795920023895,94.55
RA-165,2022,4,L,Aluno-165,2008.0,,14.0,Feminino,2017.0,Rede Decisão,,,Ametista,Ametista,Topázio,,Topázio,8.063,8.063,,,128.0,12.0,3.0,4.0,7.1,9.8,5.6,7.6,7.5,10.0,,5.3,7.8,9.7,Não,Não,Fase 4 (9º ano),0.0,Sem limitações,Destaque: A sua boa entrega das lições de casa.,Destaque: As suas boas notas na Passos Mágicos.,Destaque: A sua boa integração aos Princípios Passos Mágicos.,0,0.0773951797430157,7.74
RA-166,2022,4,L,Aluno-166,2008.0,,14.0,Masculino,2020.0,Escola Pública,,,Ametista,Ametista,Topázio,,Topázio,8.253,8.253,,,73.0,8.0,2.0,4.0,9.2,9.0,6.3,8.1,7.542,10.0,,7.0,7.2,10.0,Sim,Não,Fase 4 (9º ano),0.0,Sem limitações,Destaque: A sua boa entrega das lições de casa.,Destaque: As suas boas notas na Passos Mágicos.,Destaque: A sua boa integração aos Princípios Passos Mágicos.,0,0.07588113531197614,7.59
RA-167,2022,4,P,Aluno-167,2006.0,,16.0,Feminino,2018.0,Rede Decisão,,,Ametista,Ametista,Ametista,,Ametista,7.798,7.798,,,200.0,19.0,3.0,4.0,9.2,9.7,5.6,7.9,7.833,5.0,,9.3,8.0,6.3,Não,Não,Fase 6 (2º EM),-2.0,Requer avaliação,Destaque: A sua boa entrega das lições de casa.,Destaque: As suas boas notas na Passos Mágicos.,Destaque: A sua boa integração aos Princípios Passos Mágicos.,1,0.8347898660478944,83.48
RA-168,2022,4,P,Aluno-168,2007.0,,15.0,Feminino,2018.0,Rede Decisão,,,Ametista,Ametista,Ágata,,Ágata,6.917,6.917,,,522.0,44.0,5.0,4.0,7.9,8.3,6.3,5.9,7.083,5.0,,4.7,8.2,5.0,Não,Não,Fase 5 (1º EM),-1.0,Sem limitações,Destaque: A sua boa entrega das lições de casa.,Melhorar: Empenhar-se mais nas aulas e avaliações.,Melhorar: Integrar-se mais aos Princípios Passos Mágicos.,1,0.8522554505424499,85.23
RA-169,2022,4,P,Aluno-169,2007.0,,15.0,Feminino,2018.0,Escola Pública,,,Ágata,Ágata,Quartzo,,Quartzo,5.159,5.159,,,814.0,73.0,9.0,4.0,7.5,5.1,6.3,3.2,4.792,5.0,,1.3,4.5,3.8,Não,Não,Fase 5 (1º EM),-1.0,Sem limitações,Melhorar: Melhorar a sua entrega de lições de casa.,Melhorar: Empenhar-se mais nas aulas e avaliações.,Melhorar: Integrar-se mais aos Princípios Passos Mágicos.,1,0.9021300761319325,90.21
RA-170,2022,4,P,Aluno-170,2008.0,,14.0,Feminino,2018.0,Rede Decisão,,,Ametista,Ametista,Ágata,,Ágata,7.007,7.007,,,484.0,40.0,4.0,4.0,8.3,9.2,5.6,4.9,5.792,10.0,,3.7,6.7,4.3,Não,Não,Fase 4 (9º ano),0.0,Requer avaliação,Destaque: A sua boa entrega das lições de casa.,Melhorar: Empenhar-se mais nas aulas e avaliações.,Melhorar: Integrar-se mais aos Princípios Passos Mágicos.,0,0.25616272103632115,25.62
RA-171,2022,4,P,Aluno-171,2006.0,,16.0,Masculino,2022.0,Escola Pública,,,,,Ágata,,Ágata,6.581,6.581,,,632.0,57.0,7.0,4.0,7.5,6.8,7.5,5.5,6.875,5.0,,3.0,8.0,,Não,Não,Fase 6 (2º EM),-2.0,Sem limitações,Melhorar: Melhorar a sua entrega de lições de casa.,Melhorar: Empenhar-se mais nas aulas e avaliações.,Melhorar: Integrar-se mais aos Princípios Passos Mágicos.,1,0.9754586700986403,97.55
RA-172,2022,4,P,Aluno-172,2008.0,,14.0,Feminino,2018.0,Rede Decisão,,,Ametista,Topázio,Topázio,,Topázio,8.673,8.673,,,18.0,1.0,1.0,4.0,9.2,8.9,9.4,7.3,8.917,10.0,,6.0,7.7,8.1,Não,Sim,Fase 4 (9º ano),0.0,Sem limitações,Destaque: A sua boa entrega das lições de casa.,Melhorar: Empenhar-se mais nas aulas e avaliações.,Destaque: A sua boa integração aos Princípios Passos Mágicos.,0,0.08300486400899999,8.3
RA-173,2022,4,P,Aluno-173,2005.0,,17.0,Masculino,2019.0,Rede Decisão,,,Ametista,Ametista,Ametista,,Ametista,7.816,7.816,,,198.0,18.0,2.0,4.0,8.3,9.2,6.9,7.9,9.25,2.5,,9.0,7.5,7.1,Não,Sim,Fase 7 (3º EM),-3.0,Requer avaliação,Destaque: A sua boa entrega das lições de casa.,Destaque: As suas boas notas na Passos Mágicos.,Destaque: A sua boa integração aos Princípios Passos Mágicos.,1,0.9058574699079546,90.59
RA-174,2022,4,P,Aluno-174,2007.0,,15.0,Feminino,2019.0,Escola Pública,,,Ágata,Ágata,Ágata,,Ágata,6.075,6.075,,,713.0,64.0,8.0,4.0,7.9,6.2,7.5,4.4,6.042,5.0,,4.0,5.3,3.8,Não,Não,Fase 5 (1º EM),-1.0,Sem limitações,Melhorar: Melhorar a sua entrega de lições de casa.,Melhorar: Empenhar-se mais nas aulas e avaliações.,Melhorar: Integrar-se mais aos Princípios Passos Mágicos.,1,0.9650195083202001,96.5
RA-175,2022,4,P,Aluno-175,2007.0,,15.0,Feminino,2018.0,Rede Decisão,,,Ametista,Ametista,Ágata,,Ágata,6.75,6.75,,,567.0,51.0,6.0,4.0,8.3,9.2,5.6,5.9,5.833,5.0,,4.7,7.2,5.9,Não,Não,Fase 5 (1º EM),-1.0,Requer avaliação,Destaque: A sua boa entrega das lições de casa.,Melhorar: Empenhar-se mais nas aulas e avaliações.,Melhorar: Integrar-se mais aos Princípios Passos Mágicos.,1,0.868443167671189,86.84
RA-176,2022,3,A,Aluno-176,2009.0,,13.0,Feminino,2018.0,Rede Decisão,,,Topázio,Ametista,Topázio,,Topázio,8.427,8.427,,,44.0,12.0,4.0,4.0,9.6,9.1,5.6,6.9,9.083,10.0,,5.1,6.8,8.7,Não,Sim,Fase 3 (7º e 8º ano),0.0,Requer avaliação,Destaque: A sua boa entrega das lições de casa.,Melhorar: Empenhar-se mais nas aulas e avaliações.,Destaque: A sua boa integração aos Princípios Passos Mágicos.,0,0.17232957158785303,17.23
RA-177,2022,3,A,Aluno-177,2009.0,,13.0,Feminino,2022.0,Escola Pública,,,,,Ametista,,Ametista,7.424,7.424,,,347.0,40.0,9.0,4.0,7.9,8.8,4.4,6.8,6.958,10.0,,6.0,7.5,,Não,Não,Fase 3 (7º e 8º ano),0.0,Requer avaliação,Destaque: A sua boa entrega das lições de casa.,Melhorar: Empenhar-se mais nas aulas e avaliações.,Melhorar: Integrar-se mais aos Princípios Passos Mágicos.,0,0.3205572946372977,32.06
RA-178,2022,3,A,Aluno-178,2009.0,,13.0,Feminino,2016.0,Rede Decisão,,,Ametista,Ametista,Ágata,,Ágata,7.025,7.025,,,481.0,61.0,13.0,4.0,0.0,8.8,4.4,6.3,8.458,10.0,,6.2,5.3,7.3,Não,Sim,Fase 3 (7º e 8º ano),0.0,Requer avaliação,Destaque: A sua boa entrega das lições de casa.,Melhorar: Empenhar-se mais nas aulas e avaliações.,Destaque: A sua boa integração aos Princípios Passos Mágicos.,1,0.5452329666960773,54.52
RA-179,2022,3,A,Aluno-179,2010.0,,12.0,Masculino,2022.0,Escola Pública,,,,,Ametista,,Ametista,7.993,7.993,,,145.0,22.0,5.0,4.0,7.5,9.2,7.5,6.1,8.042,10.0,,3.7,6.7,8.0,Sim,Não,Fase 3 (7º e 8º ano),0.0,Sem limitações,Destaque: A sua boa entrega das lições de casa.,Melhorar: Empenhar-se mais nas aulas e avaliações.,Destaque: A sua boa integração aos Princípios Passos Mágicos.,0,0.1768728161926017,17.69
RA-180,2022,3,A,Aluno-180,2010.0,,12.0,Masculino,2018.0,Rede Decisão,,,Topázio,Topázio,Topázio,,Topázio,8.442,8.442,,,42.0,11.0,3.0,4.0,9.2,8.3,6.3,8.1,8.625,10.0,,7.7,8.3,8.3,Não,Sim,Fase 3 (7º e 8º ano),0.0,Requer avaliação,Destaque: A sua boa entrega das lições de casa.,Destaque: As suas boas notas na Passos Mágicos.,Destaque: A sua boa integração aos Princípios Passos Mágicos.,0,0.06420512900984969,6.42
RA-181,2022,3,A,Aluno-181,2009.0,,13.0,Feminino,2019.0,Rede Decisão,,,Topázio,Ametista,Topázio,,Topázio,8.623,8.623,,,25.0,6.0,2.0,4.0,9.2,9.5,8.8,6.8,8.458,10.0,,6.8,7.3,6.2,Não,Sim,Fase 3 (7º e 8º ano),0.0,Não atendido,Destaque: A sua boa entrega das lições de casa.,Melhorar: Empenhar-se mais nas aulas e avaliações.,Destaque: A sua boa integração aos Princípios Passos Mágicos.,0,0.05455920807312211,5.46
RA-182,2022,3,A,Aluno-182,2006.0,,16.0,Feminino,2021.0,Escola Pública,,,,Quartzo,Ágata,,Ágata,6.328,6.328,,,677.0,93.0,15.0,4.0,7.5,8.0,7.5,4.1,6.958,2.5,,1.3,5.7,5.4,Não,Não,Fase 6 (2º EM),-3.0,Não atendido,Destaque: A sua boa entrega das lições de casa.,Melhorar: Empenhar-se mais nas aulas e avaliações.,Melhorar: Integrar-se mais aos Princípios Passos Mágicos.,1,0.983210109699139,98.32
RA-183,2022,3,A,Aluno-183,2009.0,,13.0,Feminino,2022.0,Escola Pública,,,,,Ametista,,Ametista,7.3,7.3,,,394.0,46.0,11.0,4.0,8.3,8.8,7.5,3.8,7.25,10.0,,0.0,7.5,,Não,Não,Fase 3 (7º e 8º ano),0.0,Não atendido,Destaque: A sua boa entrega das lições de casa.,Melhorar: Empenhar-se mais nas aulas e avaliações.,Melhorar: Integrar-se mais aos Princípios Passos Mágicos.,0,0.29235217185659645,29.24
RA-184,2022,3,A,Aluno-184,2006.0,,16.0,Masculino,2019.0,Escola Pública,,,Ametista,Ametista,Ametista,,Ametista,7.28,7.28,,,403.0,47.0,12.0,4.0,8.8,7.7,7.5,7.2,8.0,2.5,,5.0,7.3,9.3,Sim,Não,Fase 6 (2º EM),-3.0,Não atendido,Destaque: A sua boa entrega das lições de casa.,Melhorar: Empenhar-se mais nas aulas e avaliações.,Destaque: A sua boa integração aos Princípios Passos Mágicos.,1,0.8382449483455505,83.82
RA-185,2022,3,A,Aluno-185,2007.0,,15.0,Masculino,2021.0,Escola Pública,,,,Quartzo,Ágata,,Ágata,6.615,6.615,,,621.0,81.0,14.0,4.0,7.9,7.7,7.5,4.5,6.875,5.0,,3.3,5.7,4.5,Não,Não,Fase 5 (1º EM),-2.0,Não atendido,Destaque: A sua boa entrega das lições de casa.,Melhorar: Empenhar-se mais nas aulas e avaliações.,Melhorar: Integrar-se mais aos Princípios Passos Mágicos.,1,0.9766362504988818,97.66
RA-186,2022,3,A,Aluno-186,2009.0,,13.0,Feminino,2019.0,Escola Pública,,,Ametista,Ametista,Ametista,,Ametista,7.832,7.832,,,192.0,29.0,7.0,4.0,8.3,8.5,7.5,6.6,7.5,10.0,,6.0,5.7,8.0,Sim,Não,Fase 3 (7º e 8º ano),0.0,Não atendido,Destaque: A sua boa entrega das lições de casa.,Melhorar: Empenhar-se mais nas aulas e avaliações.,Melhorar: Integrar-se mais aos Princípios Passos Mágicos.,0,0.16087645862927244,16.09
RA-187,2022,3,A,Aluno-187,2010.0,,12.0,Feminino,2019.0,Rede Decisão,,,Ametista,Topázio,Ametista,,Ametista,7.928,7.928,,,161.0,25.0,6.0,4.0,8.8,8.9,7.5,5.8,7.917,10.0,,5.3,7.2,4.8,Não,Não,Fase 3 (7º e 8º ano),0.0,Não atendido,Destaque: A sua boa entrega das lições de casa.,Melhorar: Empenhar-se mais nas aulas e avaliações.,Destaque: A sua boa integração aos Princípios Passos Mágicos.,0,0.14943874946701255,14.94
RA-188,2022,3,A,Aluno-188,2008.0,,14.0,Masculino,2021.0,Escola Pública,,,,Ametista,Quartzo,,Quartzo,5.307,5.307,,,803.0,122.0,16.0,4.0,0.0,6.1,7.5,2.7,7.583,5.0,,3.0,3.2,2.0,Sim,Não,Fase 4 (9º ano),-1.0,Não atendido,Melhorar: Melhorar a sua entrega de lições de casa.,Melhorar: Empenhar-se mais nas aulas e avaliações.,Destaque: A sua boa integração aos Princípios Passos Mágicos.,1,0.8849320880765603,88.49
RA-189,2022,3,A,Aluno-189,2008.0,,14.0,Masculino,2018.0,Rede Decisão,,,Ametista,Ametista,Ametista,,Ametista,7.629,7.629,,,261.0,33.0,8.0,4.0,10.0,9.7,5.0,7.2,7.333,5.0,,6.3,7.2,8.0,Não,Não,Fase 4 (9º ano),-1.0,Requer avaliação,Destaque: A sua boa entrega das lições de casa.,Melhorar: Empenhar-se mais nas aulas e avaliações.,Melhorar: Integrar-se mais aos Princípios Passos Mágicos.,1,0.6435155970309883,64.35
RA-190,2022,3,A,Aluno-190,2009.0,,13.0,Feminino,2022.0,Escola Pública,,,,,Ametista,,Ametista,7.335,7.335,,,380.0,44.0,10.0,4.0,6.7,6.9,8.8,6.3,7.25,10.0,,5.0,7.5,,Não,Não,Fase 3 (7º e 8º ano),0.0,Não atendido,Melhorar: Melhorar a sua entrega de lições de casa.,Melhorar: Empenhar-se mais nas aulas e avaliações.,Melhorar: Integrar-se mais aos Princípios Passos Mágicos.,0,0.29564713326967484,29.56
RA-191,2022,3,A,Aluno-191,2009.0,,13.0,Masculino,2019.0,Rede Decisão,,,Topázio,Topázio,Topázio,,Topázio,8.74,8.74,,,13.0,2.0,1.0,4.0,10.0,9.4,8.8,7.2,8.5,10.0,,8.0,7.2,6.3,Não,Sim,Fase 3 (7º e 8º ano),0.0,Não atendido,Destaque: A sua boa entrega das lições de casa.,Melhorar: Empenhar-se mais nas aulas e avaliações.,Destaque: A sua boa integração aos Princípios Passos Mágicos.,0,0.11989641043707609,11.99
RA-192,2022,3,B,Aluno-192,2007.0,,15.0,Masculino,2021.0,Escola Pública,,,,Quartzo,Quartzo,,Quartzo,4.932,4.932,,,829.0,130.0,14.0,4.0,8.8,3.6,7.5,2.7,4.708,5.0,,1.7,4.7,1.7,Não,Não,Fase 5 (1º EM),-2.0,Não atendido,Melhorar: Melhorar a sua entrega de lições de casa.,Melhorar: Empenhar-se mais nas aulas e avaliações.,Melhorar: Integrar-se mais aos Princípios Passos Mágicos.,1,0.8777384282488644,87.77
RA-193,2022,3,B,Aluno-193,2010.0,,12.0,Masculino,2016.0,Rede Decisão,,,Topázio,Topázio,Topázio,,Topázio,8.155,8.155,,,95.0,16.0,2.0,4.0,9.2,8.9,5.6,6.7,8.5,10.0,,5.0,6.3,8.7,Não,Sim,Fase 3 (7º e 8º ano),0.0,Sem limitações,Destaque: A sua boa entrega das lições de casa.,Melhorar: Empenhar-se mais nas aulas e avaliações.,Destaque: A sua boa integração aos Princípios Passos Mágicos.,0,0.09170605114989408,9.17
RA-194,2022,3,B,Aluno-194,2008.0,,14.0,Feminino,2022.0,Escola Pública,,,,,Quartzo,,Quartzo,4.265,4.265,,,851.0,144.0,15.0,4.0,0.0,6.2,5.0,3.2,3.75,5.0,,3.7,5.8,0.0,Não,Não,Fase 4 (9º ano),-1.0,Requer avaliação,Melhorar: Melhorar a sua entrega de lições de casa.,Melhorar: Empenhar-se mais nas aulas e avaliações.,Melhorar: Integrar-se mais aos Princípios Passos Mágicos.,1,0.8102425170811937,81.02
RA-195,2022,3,B,Aluno-195,2009.0,,13.0,Feminino,2017.0,Rede Decisão,,,Ametista,Ametista,Ametista,,Ametista,8.017,8.017,,,137.0,21.0,4.0,4.0,8.8,9.2,5.0,6.3,8.25,10.0,,6.8,6.3,5.8,Não,Não,Fase 3 (7º e 8º ano),0.0,Requer avaliação,Destaque: A sua boa entrega das lições de casa.,Melhorar: Empenhar-se mais nas aulas e avaliações.,Destaque: A sua boa integração aos Princípios Passos Mágicos.,0,0.12080737011651511,12.08
RA-196,2022,3,B,Aluno-196,2010.0,,12.0,Masculino,2018.0,Rede Decisão,,,Ametista,Topázio,Topázio,,Topázio,8.124,8.124,,,106.0,17.0,3.0,4.0,9.2,9.1,7.5,5.1,8.625,10.0,,4.0,6.0,5.3,Não,Sim,Fase 3 (7º e 8º ano),0.0,Não atendido,Destaque: A sua boa entrega das lições de casa.,Melhorar: Empenhar-se mais nas aulas e avaliações.,Destaque: A sua boa integração aos Princípios Passos Mágicos.,0,0.08925264746894992,8.93
RA-197,2022,3,B,Aluno-197,2009.0,,13.0,Feminino,2021.0,Rede Decisão,,,,Topázio,Topázio,,Topázio,8.218,8.218,,,82.0,15.0,1.0,4.0,8.8,9.7,4.4,7.3,8.292,10.0,,6.0,7.5,8.3,Não,Não,Fase 3 (7º e 8º ano),0.0,Requer avaliação,Destaque: A sua boa entrega das lições de casa.,Melhorar: Empenhar-se mais nas aulas e avaliações.,Destaque: A sua boa integração aos Princípios Passos Mágicos.,0,0.07641321666348293,7.64
RA-198,2022,3,B,Aluno-198,2009.0,,13.0,Masculino,2017.0,Escola Pública,,,Ametista,Quartzo,Quartzo,,Quartzo,5.554,5.554,,,782.0,117.0,11.0,4.0,0.0,6.2,5.0,4.6,5.958,10.0,,5.2,5.8,2.8,Não,Não,Fase 3 (7º e 8º ano),0.0,Requer avaliação,Melhorar: Melhorar a sua entrega de lições de casa.,Melhorar: Empenhar-se mais nas aulas e avaliações.,Melhorar: Integrar-se mais aos Princípios Passos Mágicos.,0,0.485694804236275,48.57
RA-199,2022,3,B,Aluno-199,2009.0,,13.0,Masculino,2022.0,Escola Pública,,,,,Ametista,,Ametista,7.564,7.564,,,287.0,34.0,5.0,4.0,8.3,7.1,7.5,7.5,6.458,10.0,,5.7,7.8,9.0,Não,Não,Fase 3 (7º e 8º ano),0.0,Não atendido,Melhorar: Melhorar a sua entrega de lições de casa.,Destaque: As suas boas notas na Passos Mágicos.,Melhorar: Integrar-se mais aos Princípios Passos Mágicos.,0,0.2536180649377549,25.36
RA-200,2022,3,B,Aluno-200,2007.0,,15.0,Masculino,2018.0,Escola JP II,,,Quartzo,Quartzo,Quartzo,,Quartzo,5.705,5.705,,,759.0,109.0,9.0,4.0,7.9,5.6,4.4,5.5,4.917,5.0,,4.7,5.0,6.8,Não,Não,Fase 5 (1º EM),-2.0,Requer avaliação,Melhorar: Melhorar a sua entrega de lições de casa.,Melhorar: Empenhar-se mais nas aulas e avaliações.,Melhorar: Integrar-se mais aos Princípios Passos Mágicos.,1,0.9005316955290726,90.05
RA-201,2022,3,B,Aluno-201,2007.0,,15.0,Feminino,2021.0,Escola Pública,,,,Ágata,Ametista,,Ametista,7.078,7.078,,,462.0,58.0,7.0,4.0,7.9,7.3,7.5,6.5,7.542,5.0,,6.0,7.2,6.3,Não,Não,Fase 5 (1º EM),-2.0,Não atendido,Melhorar: Melhorar a sua entrega de lições de casa.,Melhorar: Empenhar-se mais nas aulas e avaliações.,Destaque: A sua boa integração aos Princípios Passos Mágicos.,1,0.7902775947091476,79.03
RA-202,2022,3,B,Aluno-202,2008.0,,14.0,Feminino,2017.0,Escola Pública,,,Ametista,Ametista,Quartzo,,Quartzo,5.201,5.201,,,810.0,123.0,13.0,4.0,0.0,5.2,4.4,5.4,6.917,5.0,,6.3,5.8,4.2,Sim,Não,Fase 4 (9º ano),-1.0,Requer avaliação,Melhorar: Melhorar a sua entrega de lições de casa.,Melhorar: Empenhar-se mais nas aulas e avaliações.,Melhorar: Integrar-se mais aos Princípios Passos Mágicos.,1,0.8646945372434374,86.47
RA-203,2022,3,B,Aluno-203,2008.0,,14.0,Feminino,2021.0,Escola Pública,,,,Ametista,Quartzo,,Quartzo,5.669,5.669,,,766.0,113.0,10.0,4.0,8.8,4.3,7.5,2.8,6.875,5.0,,2.3,3.5,2.5,Não,Não,Fase 4 (9º ano),-1.0,Não atendido,Melhorar: Melhorar a sua entrega de lições de casa.,Melhorar: Empenhar-se mais nas aulas e avaliações.,Melhorar: Integrar-se mais aos Princípios Passos Mágicos.,1,0.9048102314927117,90.48
RA-204,2022,3,B,Aluno-204,2009.0,,13.0,Feminino,2019.0,Escola Pública,,,Ametista,Ametista,Ágata,,Ágata,6.943,6.943,,,509.0,64.0,8.0,4.0,7.9,6.7,4.4,7.4,5.708,10.0,,5.3,8.5,8.5,Não,Não,Fase 3 (7º e 8º ano),0.0,Requer avaliação,Melhorar: Melhorar a sua entrega de lições de casa.,Melhorar: Empenhar-se mais nas aulas e avaliações.,Melhorar: Integrar-se mais aos Princípios Passos Mágicos.,0,0.32997207498696907,33.0
RA-205,2022,3,B,Aluno-205,2008.0,,14.0,Masculino,2020.0,Escola Pública,,,Ametista,Ametista,Quartzo,,Quartzo,5.372,5.372,,,797.0,120.0,12.0,4.0,9.6,3.8,7.5,4.1,4.833,5.0,,5.7,1.7,5.0,Não,Não,Fase 4 (9º ano),-1.0,Não atendido,Melhorar: Melhorar a sua entrega de lições de casa.,Melhorar: Empenhar-se mais nas aulas e avaliações.,Melhorar: Integrar-se mais aos Princípios Passos Mágicos.,1,0.8653356883097212,86.53
RA-206,2022,3,B,Aluno-206,2010.0,,12.0,Feminino,2022.0,Escola Pública,,,,,Ametista,,Ametista,7.101,7.101,,,455.0,56.0,6.0,4.0,8.3,8.8,7.5,5.0,5.167,10.0,,4.0,6.0,,Não,Não,Fase 3 (7º e 8º ano),0.0,Não atendido,Destaque: A sua boa entrega das lições de casa.,Melhorar: Empenhar-se mais nas aulas e avaliações.,Melhorar: Integrar-se mais aos Princípios Passos Mágicos.,0,0.32691448396035183,32.69
RA-207,2022,3,C,Aluno-207,2006.0,,16.0,Masculino,2021.0,Escola Pública,,,,Ágata,Quartzo,,Quartzo,4.936,4.936,,,827.0,129.0,5.0,4.0,0.0,4.8,7.5,5.8,5.708,2.5,,5.3,4.0,8.0,Não,Não,Fase 6 (2º EM),-3.0,Não atendido,Melhorar: Melhorar a sua entrega de lições de casa.,Melhorar: Empenhar-se mais nas aulas e avaliações.,Melhorar: Integrar-se mais aos Princípios Passos Mágicos.,1,0.8920900700294642,89.21
RA-208,2022,3,C,Aluno-208,2008.0,,14.0,Masculino,2018.0,Escola Pública,,,Ametista,Ágata,Ágata,,Ágata,6.667,6.667,,,599.0,78.0,4.0,4.0,7.5,7.1,7.5,6.1,6.417,5.0,,5.0,7.5,5.8,Não,Não,Fase 4 (9º ano),-1.0,Não atendido,Melhorar: Melhorar a sua entrega de lições de casa.,Melhorar: Empenhar-se mais nas aulas e avaliações.,Melhorar: Integrar-se mais aos Princípios Passos Mágicos.,1,0.892721301527868,89.27
RA-209,2022,3,C,Aluno-209,2008.0,,14.0,Masculino,2019.0,Escola Pública,,,Quartzo,Quartzo,Quartzo,,Quartzo,4.499,4.499,,,843.0,140.0,7.0,4.0,0.0,4.8,5.6,6.0,3.75,5.0,,5.0,5.2,7.8,Não,Não,Fase 4 (9º ano),-1.0,Requer avaliação,Melhorar: Melhorar a sua entrega de lições de casa.,Melhorar: Empenhar-se mais nas aulas e avaliações.,Melhorar: Integrar-se mais aos Princípios Passos Mágicos.,1,0.8860506150656314,88.61
RA-210,2022,3,C,Aluno-210,2008.0,,14.0,Masculino,2022.0,Escola Pública,,,,,Quartzo,,Quartzo,4.44,4.44,,,844.0,141.0,8.0,4.0,0.0,5.1,7.5,3.4,4.417,5.0,,2.7,5.3,2.3,Não,Não,Fase 4 (9º ano),-1.0,Não atendido,Melhorar: Melhorar a sua entrega de lições de casa.,Melhorar: Empenhar-se mais nas aulas e avaliações.,Melhorar: Integrar-se mais aos Princípios Passos Mágicos.,1,0.8906502948340761,89.07
RA-211,2022,3,C,Aluno-211,2009.0,,13.0,Masculino,2021.0,Escola Pública,,,,Topázio,Topázio,,Topázio,8.465,8.465,,,39.0,10.0,1.0,4.0,9.2,8.8,7.5,7.6,8.458,10.0,,6.7,7.5,8.5,Sim,Sim,Fase 3 (7º e 8º ano),0.0,Não atendido,Destaque: A sua boa entrega das lições de casa.,Destaque: As suas boas notas na Passos Mágicos.,Destaque: A sua boa integração aos Princípios Passos Mágicos.,0,0.047843988061741546,4.78
RA-212,2022,3,C,Aluno-212,2008.0,,14.0,Masculino,2022.0,Escola Pública,,,,,Ametista,,Ametista,7.268,7.268,,,407.0,49.0,2.0,4.0,9.6,8.4,7.5,6.2,6.958,5.0,,4.8,5.8,7.8,Não,Não,Fase 4 (9º ano),-1.0,Não atendido,Destaque: A sua boa entrega das lições de casa.,Melhorar: Empenhar-se mais nas aulas e avaliações.,Melhorar: Integrar-se mais aos Princípios Passos Mágicos.,1,0.5535244233578431,55.35
RA-213,2022,3,C,Aluno-213,2009.0,,13.0,Masculino,2022.0,Escola Pública,,,,,Ametista,,Ametista,7.209,7.209,,,425.0,51.0,3.0,4.0,9.6,8.7,7.5,3.5,6.833,10.0,,5.0,2.0,,Não,Não,Fase 3 (7º e 8º ano),0.0,Não atendido,Destaque: A sua boa entrega das lições de casa.,Melhorar: Empenhar-se mais nas aulas e avaliações.,Melhorar: Integrar-se mais aos Princípios Passos Mágicos.,0,0.3329549215300612,33.3
RA-214,2022,3,C,Aluno-214,2007.0,,15.0,Masculino,2022.0,Escola Pública,,,,,Quartzo,,Quartzo,4.87,4.87,,,832.0,133.0,6.0,4.0,0.0,6.1,7.5,4.3,5.125,5.0,,5.0,3.5,,Não,Não,Fase 5 (1º EM),-2.0,Não atendido,Melhorar: Melhorar a sua entrega de lições de casa.,Melhorar: Empenhar-se mais nas aulas e avaliações.,Melhorar: Integrar-se mais aos Princípios Passos Mágicos.,1,0.9136599117228158,91.37
RA-215,2022,3,D,Aluno-215,2009.0,,13.0,Feminino,2021.0,Escola Pública,,,,Ágata,Ametista,,Ametista,7.172,7.172,,,442.0,53.0,3.0,4.0,6.7,5.8,7.5,7.8,6.542,10.0,,5.7,7.7,10.0,Não,Não,Fase 3 (7º e 8º ano),0.0,Não atendido,Melhorar: Melhorar a sua entrega de lições de casa.,Destaque: As suas boas notas na Passos Mágicos.,Melhorar: Integrar-se mais aos Princípios Passos Mágicos.,0,0.30060308361033056,30.06
RA-216,2022,3,D,Aluno-216,2009.0,,13.0,Feminino,2018.0,Escola Pública,,,Ametista,Ágata,Ametista,,Ametista,7.502,7.502,,,310.0,35.0,1.0,4.0,7.9,8.5,7.5,7.0,5.583,10.0,,5.3,6.5,9.2,Não,Não,Fase 3 (7º e 8º ano),0.0,Não atendido,Destaque: A sua boa entrega das lições de casa.,Melhorar: Empenhar-se mais nas aulas e avaliações.,Melhorar: Integrar-se mais aos Princípios Passos Mágicos.,0,0.2084271495469611,20.84
RA-217,2022,3,D,Aluno-217,2007.0,,15.0,Feminino,2021.0,Escola Pública,,,,Ametista,Ametista,,Ametista,7.397,7.397,,,363.0,42.0,2.0,4.0,7.9,8.5,7.5,7.1,7.292,5.0,,6.3,7.2,7.7,Sim,Não,Fase 5 (1º EM),-2.0,Não atendido,Destaque: A sua boa entrega das lições de casa.,Melhorar: Empenhar-se mais nas aulas e avaliações.,Melhorar: Integrar-se mais aos Princípios Passos Mágicos.,1,0.666010158812027,66.6
RA-218,2022,3,D,Aluno-218,2008.0,,14.0,Feminino,2022.0,Escola Pública,,,,,Ágata,,Ágata,6.1,6.1,,,709.0,99.0,6.0,4.0,6.3,7.3,7.5,4.0,6.125,5.0,,5.0,7.0,0.0,Não,Não,Fase 4 (9º ano),-1.0,Não atendido,Melhorar: Melhorar a sua entrega de lições de casa.,Melhorar: Empenhar-se mais nas aulas e avaliações.,Melhorar: Integrar-se mais aos Princípios Passos Mágicos.,1,0.8267435760934349,82.67
RA-219,2022,3,D,Aluno-219,2006.0,,16.0,Masculino,2019.0,Escola Pública,,,Ametista,Ágata,Quartzo,,Quartzo,5.942,5.942,,,733.0,105.0,7.0,4.0,8.8,6.9,7.5,3.5,6.375,2.5,,4.0,4.8,1.7,Não,Não,Fase 6 (2º EM),-3.0,Não atendido,Melhorar: Melhorar a sua entrega de lições de casa.,Melhorar: Empenhar-se mais nas aulas e avaliações.,Melhorar: Integrar-se mais aos Princípios Passos Mágicos.,1,0.913928737938059,91.39
RA-220,2022,3,D,Aluno-220,2009.0,,13.0,Feminino,2022.0,Escola Pública,,,,,Ágata,,Ágata,7.028,7.028,,,479.0,60.0,4.0,4.0,0.0,8.1,7.5,6.5,7.833,10.0,,6.8,6.8,5.8,Sim,Não,Fase 3 (7º e 8º ano),0.0,Não atendido,Destaque: A sua boa entrega das lições de casa.,Melhorar: Empenhar-se mais nas aulas e avaliações.,Destaque: A sua boa integração aos Princípios Passos Mágicos.,0,0.4161498596869192,41.61
RA-221,2022,3,D,Aluno-221,2008.0,,14.0,Masculino,2022.0,Escola Pública,,,,,Ágata,,Ágata,6.892,6.892,,,528.0,68.0,5.0,4.0,9.6,8.5,7.5,5.2,6.0,5.0,,7.0,3.5,5.0,Não,Não,Fase 4 (9º ano),-1.0,Não atendido,Destaque: A sua boa entrega das lições de casa.,Melhorar: Empenhar-se mais nas aulas e avaliações.,Melhorar: Integrar-se mais aos Princípios Passos Mágicos.,1,0.6440855527336403,64.41
RA-222,2022,3,D,Aluno-222,2007.0,,15.0,Feminino,2019.0,Escola Pública,,,Ágata,Ametista,Quartzo,,Quartzo,5.604,5.604,,,774.0,115.0,8.0,4.0,7.1,4.6,7.5,6.2,4.917,5.0,,5.0,7.5,6.0,Não,Não,Fase 5 (1º EM),-2.0,Não atendido,Melhorar: Melhorar a sua entrega de lições de casa.,Melhorar: Empenhar-se mais nas aulas e avaliações.,Melhorar: Integrar-se mais aos Princípios Passos Mágicos.,1,0.9248493494007245,92.48
RA-223,2022,3,E,Aluno-223,2009.0,,13.0,Feminino,2022.0,Escola Pública,,,,,Quartzo,,Quartzo,4.966,4.966,,,823.0,128.0,12.0,4.0,0.0,4.6,7.5,3.1,5.583,10.0,,4.3,4.7,0.2,Não,Não,Fase 3 (7º e 8º ano),0.0,Não atendido,Melhorar: Melhorar a sua entrega de lições de casa.,Melhorar: Empenhar-se mais nas aulas e avaliações.,Melhorar: Integrar-se mais aos Princípios Passos Mágicos.,0,0.309460617364983,30.95
RA-224,2022,3,E,Aluno-224,2009.0,,13.0,Masculino,2021.0,Escola Pública,,,,Ágata,Quartzo,,Quartzo,5.671,5.671,,,765.0,112.0,11.0,4.0,9.6,4.3,7.5,2.6,4.875,10.0,,5.0,2.7,0.0,Não,Não,Fase 3 (7º e 8º ano),0.0,Não atendido,Melhorar: Melhorar a sua entrega de lições de casa.,Melhorar: Empenhar-se mais nas aulas e avaliações.,Melhorar: Integrar-se mais aos Princípios Passos Mágicos.,0,0.34307216642629185,34.31
RA-225,2022,3,E,Aluno-225,2008.0,,14.0,Masculino,2022.0,Escola Pública,,,,,Quartzo,,Quartzo,5.918,5.918,,,736.0,107.0,10.0,4.0,8.3,5.3,7.5,5.0,5.708,5.0,,3.0,7.0,,Não,Não,Fase 4 (9º ano),-1.0,Não atendido,Melhorar: Melhorar a sua entrega de lições de casa.,Melhorar: Empenhar-se mais nas aulas e avaliações.,Melhorar: Integrar-se mais aos Princípios Passos Mágicos.,1,0.9294694178267235,92.95
RA-226,2022,3,E,Aluno-226,2008.0,,14.0,Feminino,2022.0,Escola Pública,,,,,Ágata,,Ágata,6.549,6.549,,,638.0,82.0,4.0,4.0,7.5,6.1,7.5,6.8,6.208,5.0,,7.0,6.5,,Não,Não,Fase 4 (9º ano),-1.0,Não atendido,Melhorar: Melhorar a sua entrega de lições de casa.,Melhorar: Empenhar-se mais nas aulas e avaliações.,Melhorar: Integrar-se mais aos Princípios Passos Mágicos.,1,0.9079520715372839,90.8
RA-227,2022,3,E,Aluno-227,2010.0,,12.0,Masculino,2022.0,Escola Pública,,,,,Ágata,,Ágata,6.471,6.471,,,647.0,84.0,5.0,4.0,9.2,6.4,7.5,3.3,5.833,10.0,,4.7,4.3,1.0,Não,Não,Fase 3 (7º e 8º ano),0.0,Não atendido,Melhorar: Melhorar a sua entrega de lições de casa.,Melhorar: Empenhar-se mais nas aulas e avaliações.,Melhorar: Integrar-se mais aos Princípios Passos Mágicos.,0,0.35322892267154493,35.32
RA-228,2022,3,E,Aluno-228,2007.0,,15.0,Feminino,2017.0,Escola Pública,,,Ágata,Quartzo,Ágata,,Ágata,6.196,6.196,,,700.0,95.0,7.0,4.0,7.5,6.7,7.5,4.8,6.417,5.0,,3.0,6.0,5.3,Não,Não,Fase 5 (1º EM),-2.0,Não atendido,Melhorar: Melhorar a sua entrega de lições de casa.,Melhorar: Empenhar-se mais nas aulas e avaliações.,Melhorar: Integrar-se mais aos Princípios Passos Mágicos.,1,0.9727011968925668,97.27
RA-229,2022,3,E,Aluno-229,2010.0,,12.0,Masculino,2022.0,Escola Pública,,,,,Topázio,,Topázio,8.62,8.62,,,27.0,7.0,1.0,4.0,10.0,9.4,7.5,6.9,8.5,10.0,,7.0,6.7,7.2,Sim,Sim,Fase 3 (7º e 8º ano),0.0,Não atendido,Destaque: A sua boa entrega das lições de casa.,Melhorar: Empenhar-se mais nas aulas e avaliações.,Destaque: A sua boa integração aos Princípios Passos Mágicos.,0,0.1061913030535138,10.62
RA-230,2022,3,E,Aluno-230,2008.0,,14.0,Masculino,2022.0,Escola Pública,,,,,Ágata,,Ágata,6.328,6.328,,,676.0,92.0,6.0,4.0,7.9,5.1,7.5,5.7,6.75,5.0,,3.7,4.3,9.0,Sim,Não,Fase 4 (9º ano),-1.0,Não atendido,Melhorar: Melhorar a sua entrega de lições de casa.,Melhorar: Empenhar-se mais nas aulas e avaliações.,Melhorar: Integrar-se mais aos Princípios Passos Mágicos.,1,0.8440038886136295,84.4
RA-231,2022,3,E,Aluno-231,2008.0,,14.0,Masculino,2022.0,Escola Pública,,,,,Ágata,,Ágata,6.116,6.116,,,705.0,97.0,8.0,4.0,8.8,7.4,7.5,3.8,5.333,5.0,,3.0,4.5,,Não,Não,Fase 4 (9º ano),-1.0,Não atendido,Melhorar: Melhorar a sua entrega de lições de casa.,Melhorar: Empenhar-se mais nas aulas e avaliações.,Melhorar: Integrar-se mais aos Princípios Passos Mágicos.,1,0.9236025387635658,92.36
RA-232,2022,3,E,Aluno-232,2010.0,,12.0,Masculino,2022.0,Escola Pública,,,,,Quartzo,,Quartzo,4.245,4.245,,,852.0,145.0,13.0,4.0,0.0,4.9,7.5,0.0,4.542,10.0,,0.0,0.0,,Não,Não,Fase 3 (7º e 8º ano),0.0,Não atendido,Melhorar: Melhorar a sua entrega de lições de casa.,Melhorar: Empenhar-se mais nas aulas e avaliações.,Melhorar: Integrar-se mais aos Princípios Passos Mágicos.,1,0.5726298835743017,57.26
RA-233,2022,3,E,Aluno-233,2008.0,,14.0,Masculino,2022.0,Escola Pública,,,,,Ágata,,Ágata,6.051,6.051,,,718.0,101.0,9.0,4.0,7.9,7.4,7.5,3.8,5.5,5.0,,3.0,4.5,,Não,Não,Fase 4 (9º ano),-1.0,Não atendido,Melhorar: Melhorar a sua entrega de lições de casa.,Melhorar: Empenhar-se mais nas aulas e avaliações.,Melhorar: Integrar-se mais aos Princípios Passos Mágicos.,1,0.9605862246480131,96.06
RA-234,2022,3,E,Aluno-234,2009.0,,13.0,Masculino,2022.0,Escola Pública,,,,,Ágata,,Ágata,6.719,6.719,,,583.0,75.0,3.0,4.0,10.0,7.6,5.6,4.3,5.583,10.0,,3.7,6.3,2.8,Não,Não,Fase 3 (7º e 8º ano),0.0,Sem limitações,Destaque: A sua boa entrega das lições de casa.,Melhorar: Empenhar-se mais nas aulas e avaliações.,Melhorar: Integrar-se mais aos Princípios Passos Mágicos.,0,0.3516909015668725,35.17
RA-235,2022,3,E,Aluno-235,2008.0,,14.0,Feminino,2022.0,Escola Pública,,,,,Ágata,,Ágata,6.79,6.79,,,559.0,73.0,2.0,4.0,8.3,7.3,7.5,6.3,6.417,5.0,,7.0,5.5,,Não,Não,Fase 4 (9º ano),-1.0,Não atendido,Melhorar: Melhorar a sua entrega de lições de casa.,Melhorar: Empenhar-se mais nas aulas e avaliações.,Melhorar: Integrar-se mais aos Princípios Passos Mágicos.,1,0.823870786318116,82.39
RA-236,2022,3,F,Aluno-236,2010.0,,12.0,Feminino,2022.0,Escola Pública,,,,,Ametista,,Ametista,7.11,7.11,,,452.0,55.0,9.0,4.0,9.6,7.5,7.5,3.7,7.208,10.0,,4.0,4.0,3.0,Não,Não,Fase 3 (7º e 8º ano),0.0,Não atendido,Melhorar: Melhorar a sua entrega de lições de casa.,Melhorar: Empenhar-se mais nas aulas e avaliações.,Melhorar: Integrar-se mais aos Princípios Passos Mágicos.,0,0.22736414271717925,22.74
RA-237,2022,3,F,Aluno-237,2008.0,,14.0,Feminino,2022.0,Escola Pública,,,,,Topázio,,Topázio,8.084,8.084,,,121.0,19.0,6.0,4.0,10.0,9.0,7.5,7.8,8.417,5.0,,6.8,7.7,8.8,Sim,Sim,Fase 4 (9º ano),-1.0,Não atendido,Destaque: A sua boa entrega das lições de casa.,Destaque: As suas boas notas na Passos Mágicos.,Destaque: A sua boa integração aos Princípios Passos Mágicos.,1,0.5306037856933216,53.06
RA-238,2022,3,F,Aluno-238,2008.0,,14.0,Feminino,2021.0,Escola Pública,,,,Ágata,Ágata,,Ágata,6.331,6.331,,,674.0,91.0,12.0,4.0,8.8,6.4,5.0,5.1,7.208,5.0,,4.3,6.5,4.5,Não,Não,Fase 4 (9º ano),-1.0,Requer avaliação,Melhorar: Melhorar a sua entrega de lições de casa.,Melhorar: Empenhar-se mais nas aulas e avaliações.,Melhorar: Integrar-se mais aos Princípios Passos Mágicos.,1,0.9311911716086364,93.12
RA-239,2022,3,F,Aluno-239,2007.0,,15.0,Feminino,2021.0,Escola Pública,,,,Quartzo,Quartzo,,Quartzo,4.572,4.572,,,840.0,138.0,13.0,4.0,0.0,3.7,7.5,3.7,5.958,5.0,,2.0,4.7,4.5,Não,Não,Fase 5 (1º EM),-2.0,Não atendido,Melhorar: Melhorar a sua entrega de lições de casa.,Melhorar: Empenhar-se mais nas aulas e avaliações.,Melhorar: Integrar-se mais aos Princípios Passos Mágicos.,1,0.9289916445054267,92.9
RA-240,2022,3,F,Aluno-240,2009.0,,13.0,Feminino,2017.0,Rede Decisão,,,Ametista,Ametista,Ágata,,Ágata,6.943,6.943,,,510.0,65.0,11.0,4.0,7.1,8.1,5.0,4.7,7.042,10.0,,6.3,5.0,2.8,Não,Não,Fase 3 (7º e 8º ano),0.0,Requer avaliação,Destaque: A sua boa entrega das lições de casa.,Melhorar: Empenhar-se mais nas aulas e avaliações.,Melhorar: Integrar-se mais aos Princípios Passos Mágicos.,0,0.23204262814762203,23.2
RA-241,2022,3,F,Aluno-241,2008.0,,14.0,Masculino,2016.0,Rede Decisão,,,Ametista,Topázio,Topázio,,Topázio,8.468,8.468,,,38.0,9.0,5.0,4.0,10.0,10.0,7.5,7.7,9.125,5.0,,8.2,7.5,7.3,Não,Sim,Fase 4 (9º ano),-1.0,Não atendido,Destaque: A sua boa entrega das lições de casa.,Destaque: As suas boas notas na Passos Mágicos.,Destaque: A sua boa integração aos Princípios Passos Mágicos.,1,0.5773406134938814,57.73
RA-242,2022,3,F,Aluno-242,2009.0,,13.0,Masculino,2018.0,Rede Decisão,,,Ametista,Ametista,Topázio,,Topázio,8.673,8.673,,,19.0,3.0,1.0,4.0,9.6,9.7,5.6,8.2,8.708,10.0,,8.7,7.2,8.7,Não,Sim,Fase 3 (7º e 8º ano),0.0,Requer avaliação,Destaque: A sua boa entrega das lições de casa.,Destaque: As suas boas notas na Passos Mágicos.,Destaque: A sua boa integração aos Princípios Passos Mágicos.,0,0.12032594498735756,12.03
RA-243,2022,3,F,Aluno-243,2007.0,,15.0,Feminino,2022.0,Escola Pública,,,,,Ágata,,Ágata,6.982,6.982,,,493.0,63.0,10.0,4.0,7.1,8.7,5.0,6.0,7.875,5.0,,5.0,5.3,7.7,Não,Não,Fase 5 (1º EM),-2.0,Requer avaliação,Destaque: A sua boa entrega das lições de casa.,Melhorar: Empenhar-se mais nas aulas e avaliações.,Destaque: A sua boa integração aos Princípios Passos Mágicos.,1,0.7234824796672062,72.35
RA-244,2022,3,F,Aluno-244,2010.0,,12.0,Feminino,2018.0,Rede Decisão,,,Topázio,Topázio,Topázio,,Topázio,8.51,8.51,,,34.0,8.0,4.0,4.0,7.5,9.4,6.3,7.8,9.208,10.0,,6.7,8.0,8.7,Não,Sim,Fase 3 (7º e 8º ano),0.0,Requer avaliação,Destaque: A sua boa entrega das lições de casa.,Destaque: As suas boas notas na Passos Mágicos.,Destaque: A sua boa integração aos Princípios Passos Mágicos.,0,0.13269463239710574,13.27
RA-245,2022,3,F,Aluno-245,2008.0,,14.0,Masculino,2016.0,Rede Decisão,,,Ametista,Topázio,Topázio,,Topázio,8.656,8.656,,,20.0,4.0,2.0,4.0,10.0,9.9,7.5,8.4,9.25,5.0,,8.3,8.2,8.8,Não,Sim,Fase 4 (9º ano),-1.0,Não atendido,Destaque: A sua boa entrega das lições de casa.,Destaque: As suas boas notas na Passos Mágicos.,Destaque: A sua boa integração aos Princípios Passos Mágicos.,1,0.5403940390895743,54.04
RA-246,2022,3,F,Aluno-246,2009.0,,13.0,Masculino,2022.0,Escola Pública,,,,,Topázio,,Topázio,8.639,8.639,,,23.0,5.0,3.0,4.0,8.3,9.4,7.5,7.6,9.167,10.0,,8.0,6.7,8.0,Sim,Sim,Fase 3 (7º e 8º ano),0.0,Não atendido,Destaque: A sua boa entrega das lições de casa.,Destaque: As suas boas notas na Passos Mágicos.,Destaque: A sua boa integração aos Princípios Passos Mágicos.,0,0.17771393628119597,17.77
RA-247,2022,3,F,Aluno-247,2009.0,,13.0,Feminino,2021.0,Escola Pública,,,,Ágata,Ametista,,Ametista,7.72,7.72,,,230.0,32.0,7.0,4.0,8.3,8.2,7.5,5.8,7.875,10.0,,5.3,5.7,6.3,Sim,Não,Fase 3 (7º e 8º ano),0.0,Não atendido,Destaque: A sua boa entrega das lições de casa.,Melhorar: Empenhar-se mais nas aulas e avaliações.,Destaque: A sua boa integração aos Princípios Passos Mágicos.,0,0.19299924720774336,19.3
RA-248,2022,3,F,Aluno-248,2009.0,,13.0,Masculino,2022.0,Escola Pública,,,,,Ametista,,Ametista,7.429,7.429,,,343.0,39.0,8.0,4.0,9.2,7.6,7.5,5.2,7.292,10.0,,4.0,5.5,6.0,Não,Não,Fase 3 (7º e 8º ano),0.0,Não atendido,Destaque: A sua boa entrega das lições de casa.,Melhorar: Empenhar-se mais nas aulas e avaliações.,Melhorar: Integrar-se mais aos Princípios Passos Mágicos.,0,0.18605214268109205,18.61
RA-249,2022,3,G,Aluno-249,2008.0,,14.0,Masculino,2017.0,Escola Pública,,,Ágata,Ágata,Quartzo,,Quartzo,5.097,5.097,,,816.0,125.0,10.0,4.0,6.7,7.4,5.0,2.9,4.292,5.0,,2.3,4.2,2.2,Não,Não,Fase 4 (9º ano),-1.0,Não atendido,Melhorar: Melhorar a sua entrega de lições de casa.,Melhorar: Empenhar-se mais nas aulas e avaliações.,Melhorar: Integrar-se mais aos Princípios Passos Mágicos.,1,0.8984089291054389,89.84
RA-250,2022,3,G,Aluno-250,2010.0,,12.0,Feminino,2022.0,Escola Pública,,,,,Ametista,,Ametista,7.958,7.958,,,152.0,23.0,1.0,4.0,8.3,8.6,7.5,6.6,7.625,10.0,,6.7,6.5,6.7,Sim,Não,Fase 3 (7º e 8º ano),0.0,Não atendido,Destaque: A sua boa entrega das lições de casa.,Melhorar: Empenhar-se mais nas aulas e avaliações.,Destaque: A sua boa integração aos Princípios Passos Mágicos.,0,0.19536643720939026,19.54
RA-251,2022,3,G,Aluno-251,2007.0,,15.0,Masculino,2018.0,Escola Pública,,,Ametista,Ametista,Ágata,,Ágata,7.022,7.022,,,482.0,62.0,4.0,4.0,10.0,8.1,5.6,6.3,6.625,5.0,,5.3,6.3,7.2,Não,Não,Fase 5 (1º EM),-2.0,Sem limitações,Destaque: A sua boa entrega das lições de casa.,Melhorar: Empenhar-se mais nas aulas e avaliações.,Melhorar: Integrar-se mais aos Princípios Passos Mágicos.,1,0.7619366032631305,76.19
RA-252,2022,3,G,Aluno-252,2008.0,,14.0,Masculino,2018.0,Escola Pública,,,Ágata,Quartzo,Quartzo,,Quartzo,4.277,4.277,,,850.0,143.0,14.0,4.0,9.2,2.8,7.5,0.9,3.875,5.0,,1.3,1.2,0.2,Não,Não,Fase 4 (9º ano),-1.0,Não atendido,Melhorar: Melhorar a sua entrega de lições de casa.,Melhorar: Empenhar-se mais nas aulas e avaliações.,Melhorar: Integrar-se mais aos Princípios Passos Mágicos.,1,0.8526999683833677,85.27
RA-253,2022,3,G,Aluno-253,2007.0,,15.0,Masculino,2019.0,Escola Pública,,,Ágata,Ágata,Quartzo,,Quartzo,4.312,4.312,,,847.0,142.0,13.0,4.0,9.2,3.6,5.0,1.8,3.75,5.0,,1.0,3.7,0.7,Não,Não,Fase 5 (1º EM),-2.0,Requer avaliação,Melhorar: Melhorar a sua entrega de lições de casa.,Melhorar: Empenhar-se mais nas aulas e avaliações.,Melhorar: Integrar-se mais aos Princípios Passos Mágicos.,1,0.9270014859966192,92.7
RA-254,2022,3,G,Aluno-254,2008.0,,14.0,Masculino,2019.0,Escola Pública,,,Ametista,Ametista,Ágata,,Ágata,6.715,6.715,,,584.0,76.0,7.0,4.0,10.0,7.4,5.6,5.3,6.917,5.0,,5.0,6.8,4.0,Não,Não,Fase 4 (9º ano),-1.0,Requer avaliação,Melhorar: Melhorar a sua entrega de lições de casa.,Melhorar: Empenhar-se mais nas aulas e avaliações.,Melhorar: Integrar-se mais aos Princípios Passos Mágicos.,1,0.8049593607920515,80.5
RA-255,2022,3,G,Aluno-255,2008.0,,14.0,Masculino,2019.0,Escola Pública,,,Quartzo,Quartzo,Quartzo,,Quartzo,4.563,4.563,,,841.0,139.0,12.0,4.0,7.5,3.8,5.0,1.3,5.542,5.0,,1.0,2.3,0.5,Não,Não,Fase 4 (9º ano),-1.0,Não indicado,Melhorar: Melhorar a sua entrega de lições de casa.,Melhorar: Empenhar-se mais nas aulas e avaliações.,Melhorar: Integrar-se mais aos Princípios Passos Mágicos.,1,0.9345623627713542,93.46
RA-256,2022,3,G,Aluno-256,2010.0,,12.0,Feminino,2019.0,Escola Pública,,,Ametista,Ametista,Ametista,,Ametista,7.192,7.192,,,433.0,52.0,3.0,4.0,8.8,8.5,5.0,5.2,6.708,10.0,,5.3,6.7,3.5,Não,Não,Fase 3 (7º e 8º ano),0.0,Requer avaliação,Destaque: A sua boa entrega das lições de casa.,Melhorar: Empenhar-se mais nas aulas e avaliações.,Melhorar: Integrar-se mais aos Princípios Passos Mágicos.,0,0.20155447747715716,20.16
RA-257,2022,3,G,Aluno-257,2008.0,,14.0,Feminino,2018.0,Escola Pública,,,Ametista,Ametista,Quartzo,,Quartzo,5.149,5.149,,,815.0,124.0,9.0,4.0,0.0,6.4,5.6,3.6,6.708,5.0,,4.0,5.2,1.5,Não,Não,Fase 4 (9º ano),-1.0,Requer avaliação,Melhorar: Melhorar a sua entrega de lições de casa.,Melhorar: Empenhar-se mais nas aulas e avaliações.,Melhorar: Integrar-se mais aos Princípios Passos Mágicos.,1,0.8939053959482903,89.39
RA-258,2022,3,G,Aluno-258,2010.0,,12.0,Feminino,2018.0,Escola Pública,,,Ametista,Topázio,Ágata,,Ágata,6.926,6.926,,,517.0,67.0,5.0,4.0,10.0,7.3,5.6,4.8,6.125,10.0,,2.7,6.2,5.5,Não,Não,Fase 3 (7º e 8º ano),0.0,Sem limitações,Melhorar: Melhorar a sua entrega de lições de casa.,Melhorar: Empenhar-se mais nas aulas e avaliações.,Melhorar: Integrar-se mais aos Princípios Passos Mágicos.,0,0.2875416725877715,28.75
RA-259,2022,3,G,Aluno-259,2006.0,,16.0,Masculino,2017.0,Escola Pública,,,Quartzo,Quartzo,Quartzo,,Quartzo,4.182,4.182,,,853.0,146.0,15.0,4.0,8.8,2.9,7.5,0.9,4.625,2.5,,0.0,2.7,0.2,Não,Não,Fase 6 (2º EM),-3.0,Não atendido,Melhorar: Melhorar a sua entrega de lições de casa.,Melhorar: Empenhar-se mais nas aulas e avaliações.,Melhorar: Integrar-se mais aos Princípios Passos Mágicos.,1,0.8691523445040903,86.92
RA-260,2022,3,G,Aluno-260,2009.0,,13.0,Feminino,2019.0,Escola Pública,,,Topázio,Ametista,Ametista,,Ametista,7.44,7.44,,,340.0,38.0,2.0,4.0,10.0,8.2,7.5,5.0,6.458,10.0,,5.7,5.2,4.2,Não,Não,Fase 3 (7º e 8º ano),0.0,Não atendido,Destaque: A sua boa entrega das lições de casa.,Melhorar: Empenhar-se mais nas aulas e avaliações.,Melhorar: Integrar-se mais aos Princípios Passos Mágicos.,0,0.1730934142174279,17.31
RA-261,2022,3,G,Aluno-261,2008.0,,14.0,Feminino,2019.0,Escola Pública,,,Ágata,Quartzo,Ágata,,Ágata,6.763,6.763,,,566.0,74.0,6.0,4.0,8.8,7.2,5.6,5.8,7.042,5.0,,6.2,5.8,5.5,Sim,Não,Fase 4 (9º ano),-1.0,Sem limitações,Melhorar: Melhorar a sua entrega de lições de casa.,Melhorar: Empenhar-se mais nas aulas e avaliações.,Melhorar: Integrar-se mais aos Princípios Passos Mágicos.,1,0.7903044872300269,79.03
RA-262,2022,3,G,Aluno-262,2007.0,,15.0,Masculino,2021.0,Escola Pública,,,,Quartzo,Quartzo,,Quartzo,4.786,4.786,,,835.0,135.0,11.0,4.0,0.0,5.8,5.6,3.4,5.625,5.0,,1.3,5.5,3.5,Não,Não,Fase 5 (1º EM),-2.0,Sem limitações,Melhorar: Melhorar a sua entrega de lições de casa.,Melhorar: Empenhar-se mais nas aulas e avaliações.,Melhorar: Integrar-se mais aos Princípios Passos Mágicos.,1,0.9323579794624537,93.24
RA-263,2022,3,G,Aluno-263,2007.0,,15.0,Feminino,2019.0,Escola Pública,,,Ágata,Quartzo,Quartzo,,Quartzo,5.319,5.319,,,800.0,121.0,8.0,4.0,5.8,5.6,7.5,3.7,4.417,5.0,,3.0,2.8,5.4,Não,Não,Fase 5 (1º EM),-2.0,Não atendido,Melhorar: Melhorar a sua entrega de lições de casa.,Melhorar: Empenhar-se mais nas aulas e avaliações.,Melhorar: Integrar-se mais aos Princípios Passos Mágicos.,1,0.9365566184303579,93.66
RA-264,2022,3,I,Aluno-264,2007.0,,15.0,Feminino,2022.0,Escola Pública,,,,,Ametista,,Ametista,7.087,7.087,,,460.0,57.0,2.0,4.0,10.0,9.2,5.6,5.8,6.625,5.0,,6.0,5.5,,Não,Não,Fase 5 (1º EM),-2.0,Requer avaliação,Destaque: A sua boa entrega das lições de casa.,Melhorar: Empenhar-se mais nas aulas e avaliações.,Melhorar: Integrar-se mais aos Princípios Passos Mágicos.,1,0.7548567228634647,75.49
RA-265,2022,3,I,Aluno-265,2009.0,,13.0,Masculino,2019.0,Escola Pública,,,Ametista,Ametista,Ametista,,Ametista,7.926,7.926,,,162.0,26.0,1.0,4.0,8.3,7.7,7.5,6.9,7.917,10.0,,5.3,7.0,8.5,Sim,Não,Fase 3 (7º e 8º ano),0.0,Não atendido,Destaque: A sua boa entrega das lições de casa.,Melhorar: Empenhar-se mais nas aulas e avaliações.,Destaque: A sua boa integração aos Princípios Passos Mágicos.,0,0.1806691203112771,18.07
RA-266,2022,3,I,Aluno-266,2006.0,,16.0,Feminino,2019.0,Escola Pública,,,Quartzo,Quartzo,Quartzo,,Quartzo,5.987,5.987,,,730.0,104.0,4.0,4.0,7.5,5.8,5.6,6.0,6.583,2.5,,5.0,6.7,6.3,Não,Não,Fase 6 (2º EM),-3.0,Requer avaliação,Melhorar: Melhorar a sua entrega de lições de casa.,Melhorar: Empenhar-se mais nas aulas e avaliações.,Melhorar: Integrar-se mais aos Princípios Passos Mágicos.,1,0.9456400184008019,94.56
RA-267,2022,3,I,Aluno-267,2007.0,,15.0,Feminino,2016.0,Escola Pública,,,Ágata,Quartzo,Ágata,,Ágata,6.012,6.012,,,727.0,103.0,3.0,4.0,10.0,7.4,5.0,3.3,6.292,5.0,,2.3,4.8,2.7,Não,Não,Fase 5 (1º EM),-2.0,Não indicado,Melhorar: Melhorar a sua entrega de lições de casa.,Melhorar: Empenhar-se mais nas aulas e avaliações.,Melhorar: Integrar-se mais aos Princípios Passos Mágicos.,1,0.9097724747460119,90.98
RA-268,2022,3,K,Aluno-268,2008.0,,14.0,Feminino,2021.0,Escola Pública,,,,Ágata,Ágata,,Ágata,6.695,6.695,,,590.0,77.0,11.0,4.0,9.2,6.7,6.3,5.7,7.208,5.0,,7.0,6.8,3.2,Sim,Não,Fase 4 (9º ano),-1.0,Requer avaliação,Melhorar: Melhorar a sua entrega de lições de casa.,Melhorar: Empenhar-se mais nas aulas e avaliações.,Melhorar: Integrar-se mais aos Princípios Passos Mágicos.,1,0.9028476649688498,90.28
RA-269,2022,3,K,Aluno-269,2009.0,,13.0,Masculino,2022.0,Escola Pública,,,,,Topázio,,Topázio,8.231,8.231,,,76.0,13.0,2.0,4.0,9.2,8.6,6.3,8.9,7.25,10.0,,8.7,9.5,8.5,Não,Não,Fase 3 (7º e 8º ano),0.0,Requer avaliação,Destaque: A sua boa entrega das lições de casa.,Destaque: As suas boas notas na Passos Mágicos.,Melhorar: Integrar-se mais aos Princípios Passos Mágicos.,0,0.22752068909682435,22.75
RA-270,2022,3,K,Aluno-270,2009.0,,13.0,Feminino,2019.0,Rede Decisão,,,Ametista,Topázio,Topázio,,Topázio,8.226,8.226,,,79.0,14.0,3.0,4.0,8.3,8.4,6.9,7.9,8.125,10.0,,8.0,7.2,8.5,Não,Não,Fase 3 (7º e 8º ano),0.0,Não atendido,Destaque: A sua boa entrega das lições de casa.,Destaque: As suas boas notas na Passos Mágicos.,Destaque: A sua boa integração aos Princípios Passos Mágicos.,0,0.06083314569007837,6.08
RA-271,2022,3,K,Aluno-271,2007.0,,15.0,Feminino,2022.0,Escola Pública,,,,,Ametista,,Ametista,7.255,7.255,,,411.0,50.0,8.0,4.0,9.2,8.5,5.6,7.1,6.958,5.0,,6.3,6.5,8.3,Sim,Não,Fase 5 (1º EM),-2.0,Requer avaliação,Destaque: A sua boa entrega das lições de casa.,Melhorar: Empenhar-se mais nas aulas e avaliações.,Melhorar: Integrar-se mais aos Princípios Passos Mágicos.,1,0.7643822756463221,76.44
RA-272,2022,3,K,Aluno-272,2008.0,,14.0,Masculino,2021.0,Escola Pública,,,,Ágata,Ágata,,Ágata,6.361,6.361,,,666.0,88.0,14.0,4.0,9.2,5.7,7.5,5.1,6.417,5.0,,5.0,6.8,3.5,Não,Não,Fase 4 (9º ano),-1.0,Não atendido,Melhorar: Melhorar a sua entrega de lições de casa.,Melhorar: Empenhar-se mais nas aulas e avaliações.,Melhorar: Integrar-se mais aos Princípios Passos Mágicos.,1,0.9487324454709956,94.87
RA-273,2022,3,K,Aluno-273,2008.0,,14.0,Feminino,2018.0,Escola Pública,,,Ametista,Ametista,Quartzo,,Quartzo,5.679,5.679,,,761.0,110.0,15.0,4.0,9.2,5.3,7.5,3.0,5.833,5.0,,3.8,4.7,0.5,Não,Não,Fase 4 (9º ano),-1.0,Não atendido,Melhorar: Melhorar a sua entrega de lições de casa.,Melhorar: Empenhar-se mais nas aulas e avaliações.,Melhorar: Integrar-se mais aos Princípios Passos Mágicos.,1,0.8077008838636588,80.77
RA-274,2022,3,K,Aluno-274,2011.0,,11.0,Feminino,2019.0,Rede Decisão,,,Ametista,Topázio,Ametista,,Ametista,7.946,7.946,,,157.0,24.0,5.0,4.0,7.9,8.3,7.5,8.1,7.0,10.0,,8.1,9.3,7.0,Não,Não,Fase 2 (5º e 6º ano),1.0,Não atendido,Destaque: A sua boa entrega das lições de casa.,Destaque: As suas boas notas na Passos Mágicos.,Melhorar: Integrar-se mais aos Princípios Passos Mágicos.,0,0.212773252245543,21.28
RA-275,2022,3,K,Aluno-275,2007.0,,15.0,Masculino,2018.0,Escola Pública,,,Quartzo,Ágata,Ágata,,Ágata,6.665,6.665,,,600.0,79.0,12.0,4.0,9.6,6.9,7.5,4.6,6.667,5.0,,5.0,6.0,2.7,Sim,Não,Fase 5 (1º EM),-2.0,Não atendido,Melhorar: Melhorar a sua entrega de lições de casa.,Melhorar: Empenhar-se mais nas aulas e avaliações.,Melhorar: Integrar-se mais aos Princípios Passos Mágicos.,1,0.9086205932214707,90.86
RA-276,2022,3,K,Aluno-276,2008.0,,14.0,Feminino,2017.0,Escola Pública,,,Ágata,Quartzo,Quartzo,,Quartzo,5.527,5.527,,,788.0,118.0,16.0,4.0,7.1,5.7,5.6,4.3,5.125,5.0,,3.7,6.0,3.3,Não,Não,Fase 4 (9º ano),-1.0,Não indicado,Melhorar: Melhorar a sua entrega de lições de casa.,Melhorar: Empenhar-se mais nas aulas e avaliações.,Melhorar: Integrar-se mais aos Princípios Passos Mágicos.,1,0.912945336872392,91.29
RA-277,2022,3,K,Aluno-277,2008.0,,14.0,Masculino,2021.0,Escola Pública,,,,Ametista,Ametista,,Ametista,7.411,7.411,,,354.0,41.0,7.0,4.0,7.1,8.8,7.5,7.4,7.208,5.0,,7.2,7.0,8.2,Sim,Não,Fase 4 (9º ano),-1.0,Não atendido,Destaque: A sua boa entrega das lições de casa.,Melhorar: Empenhar-se mais nas aulas e avaliações.,Melhorar: Integrar-se mais aos Princípios Passos Mágicos.,1,0.6774077305130688,67.74
RA-278,2022,3,K,Aluno-278,2010.0,,12.0,Masculino,2018.0,Rede Decisão,,,Ametista,Topázio,Ametista,,Ametista,7.741,7.741,,,222.0,31.0,6.0,4.0,8.8,9.2,5.6,6.0,7.417,10.0,,5.7,5.8,6.4,Não,Não,Fase 3 (7º e 8º ano),0.0,Requer avaliação,Destaque: A sua boa entrega das lições de casa.,Melhorar: Empenhar-se mais nas aulas e avaliações.,Melhorar: Integrar-se mais aos Princípios Passos Mágicos.,0,0.23602285018710886,23.6
RA-279,2022,3,K,Aluno-279,2009.0,,13.0,Masculino,2019.0,Rede Decisão,,,Topázio,Topázio,Topázio,,Topázio,8.815,8.815,,,10.0,1.0,1.0,4.0,9.2,9.9,6.3,9.1,8.208,10.0,,9.7,8.3,9.3,Não,Não,Fase 3 (7º e 8º ano),0.0,Sem limitações,Destaque: A sua boa entrega das lições de casa.,Destaque: As suas boas notas na Passos Mágicos.,Destaque: A sua boa integração aos Princípios Passos Mágicos.,0,0.14494291602342163,14.49
RA-280,2022,3,K,Aluno-280,2009.0,,13.0,Feminino,2021.0,Rede Decisão,,,,Topázio,Ametista,,Ametista,8.046,8.046,,,133.0,20.0,4.0,4.0,7.5,9.2,7.5,7.1,7.333,10.0,,5.7,7.0,8.7,Não,Não,Fase 3 (7º e 8º ano),0.0,Sem limitações,Destaque: A sua boa entrega das lições de casa.,Melhorar: Empenhar-se mais nas aulas e avaliações.,Melhorar: Integrar-se mais aos Princípios Passos Mágicos.,0,0.08600904524741622,8.6
RA-281,2022,3,K,Aluno-281,2009.0,,13.0,Feminino,2019.0,Escola Pública,,,Ametista,Ágata,Ágata,,Ágata,6.806,6.806,,,553.0,71.0,10.0,4.0,6.7,6.9,7.5,5.9,5.625,10.0,,5.0,6.8,6.0,Não,Não,Fase 3 (7º e 8º ano),0.0,Sem limitações,Melhorar: Melhorar a sua entrega de lições de casa.,Melhorar: Empenhar-se mais nas aulas e avaliações.,Melhorar: Integrar-se mais aos Princípios Passos Mágicos.,1,0.5511995364125275,55.12
RA-282,2022,3,K,Aluno-282,2009.0,,13.0,Feminino,2019.0,Escola Pública,,,Ametista,Ágata,Ágata,,Ágata,6.618,6.618,,,620.0,80.0,13.0,4.0,8.8,6.8,7.5,4.0,5.625,10.0,,4.7,6.3,1.0,Não,Não,Fase 3 (7º e 8º ano),0.0,Sem limitações,Melhorar: Melhorar a sua entrega de lições de casa.,Melhorar: Empenhar-se mais nas aulas e avaliações.,Melhorar: Integrar-se mais aos Princípios Passos Mágicos.,0,0.38200309008444877,38.2
RA-283,2022,3,K,Aluno-283,2008.0,,14.0,Masculino,2020.0,Escola Pública,,,Ágata,Ágata,Ametista,,Ametista,7.131,7.131,,,448.0,54.0,9.0,4.0,9.6,8.8,7.5,5.6,6.625,5.0,,4.5,5.8,6.6,Não,Não,Fase 4 (9º ano),-1.0,Não atendido,Destaque: A sua boa entrega das lições de casa.,Melhorar: Empenhar-se mais nas aulas e avaliações.,Melhorar: Integrar-se mais aos Princípios Passos Mágicos.,1,0.5070571190680441,50.71
RA-284,2022,3,L,Aluno-284,2009.0,,13.0,Masculino,2022.0,Escola Pública,,,,,Quartzo,,Quartzo,5.939,5.939,,,734.0,106.0,3.0,4.0,6.7,5.1,5.6,3.8,5.958,10.0,,7.0,4.5,0.0,Não,Não,Fase 3 (7º e 8º ano),0.0,Sem limitações,Melhorar: Melhorar a sua entrega de lições de casa.,Melhorar: Empenhar-se mais nas aulas e avaliações.,Melhorar: Integrar-se mais aos Princípios Passos Mágicos.,0,0.3494501866767515,34.95
RA-285,2022,3,L,Aluno-285,2006.0,,16.0,Feminino,2020.0,Escola Pública,,,Ametista,Quartzo,Quartzo,,Quartzo,5.063,5.063,,,817.0,126.0,5.0,4.0,9.2,4.1,7.5,2.8,5.75,2.5,,4.0,3.2,1.2,Não,Não,Fase 6 (2º EM),-3.0,Sem limitações,Melhorar: Melhorar a sua entrega de lições de casa.,Melhorar: Empenhar-se mais nas aulas e avaliações.,Melhorar: Integrar-se mais aos Princípios Passos Mágicos.,1,0.8900453424583245,89.0
RA-286,2022,3,L,Aluno-286,2007.0,,15.0,Feminino,2022.0,Escola Pública,,,,,Quartzo,,Quartzo,5.424,5.424,,,794.0,119.0,4.0,4.0,7.1,5.8,6.3,3.0,5.625,5.0,,4.7,2.3,2.0,Não,Não,Fase 5 (1º EM),-2.0,Sem limitações,Melhorar: Melhorar a sua entrega de lições de casa.,Melhorar: Empenhar-se mais nas aulas e avaliações.,Melhorar: Integrar-se mais aos Princípios Passos Mágicos.,1,0.9168128244320347,91.68
RA-287,2022,3,L,Aluno-287,2005.0,,17.0,Feminino,2022.0,Escola Pública,,,,,Quartzo,,Quartzo,3.7,3.7,,,859.0,148.0,11.0,4.0,7.9,3.4,5.0,1.1,4.292,2.5,,0.7,2.5,0.2,Não,Não,Fase 7 (3º EM),-4.0,Requer avaliação,Melhorar: Melhorar a sua entrega de lições de casa.,Melhorar: Empenhar-se mais nas aulas e avaliações.,Melhorar: Integrar-se mais aos Princípios Passos Mágicos.,1,0.8955850477506221,89.56
RA-288,2022,3,L,Aluno-288,2006.0,,16.0,Feminino,2022.0,Escola Pública,,,,,Quartzo,,Quartzo,4.097,4.097,,,854.0,147.0,10.0,4.0,0.0,5.6,6.3,0.0,6.833,2.5,,,,,Não,Não,Fase 6 (2º EM),-3.0,Sem limitações,Melhorar: Melhorar a sua entrega de lições de casa.,Melhorar: Empenhar-se mais nas aulas e avaliações.,Melhorar: Integrar-se mais aos Princípios Passos Mágicos.,1,0.8564669733075411,85.65
RA-289,2022,3,L,Aluno-289,2008.0,,14.0,Feminino,2020.0,Escola Pública,,,Ametista,Quartzo,Ágata,,Ágata,6.236,6.236,,,699.0,94.0,2.0,4.0,0.0,7.8,6.3,6.8,7.25,5.0,,5.3,7.5,7.5,Não,Não,Fase 4 (9º ano),-1.0,Sem limitações,Destaque: A sua boa entrega das lições de casa.,Melhorar: Empenhar-se mais nas aulas e avaliações.,Melhorar: Integrar-se mais aos Princípios Passos Mágicos.,1,0.8582176974801954,85.82
RA-290,2022,3,L,Aluno-290,2005.0,,17.0,Feminino,2022.0,Escola Pública,,,,,Quartzo,,Quartzo,4.929,4.929,,,830.0,131.0,7.0,4.0,10.0,3.9,6.3,1.7,6.042,2.5,,1.0,2.3,1.8,Não,Não,Fase 7 (3º EM),-4.0,Sem limitações,Melhorar: Melhorar a sua entrega de lições de casa.,Melhorar: Empenhar-se mais nas aulas e avaliações.,Melhorar: Integrar-se mais aos Princípios Passos Mágicos.,1,0.9358337928613517,93.58
RA-291,2022,3,L,Aluno-291,2009.0,,13.0,Masculino,2022.0,Escola Pública,,,,,Topázio,,Topázio,8.122,8.122,,,107.0,18.0,1.0,4.0,8.3,8.2,6.9,8.0,7.792,10.0,,8.0,7.5,8.5,Sim,Não,Fase 3 (7º e 8º ano),0.0,Sem limitações,Destaque: A sua boa entrega das lições de casa.,Destaque: As suas boas notas na Passos Mágicos.,Destaque: A sua boa integração aos Princípios Passos Mágicos.,0,0.11604605283843923,11.6
RA-292,2022,3,L,Aluno-292,2006.0,,16.0,Masculino,2022.0,Escola Pública,,,,,Quartzo,,Quartzo,4.837,4.837,,,833.0,134.0,9.0,4.0,7.9,3.7,7.5,1.8,6.292,2.5,,0.0,5.0,0.5,Não,Não,Fase 6 (2º EM),-3.0,Não atendido,Melhorar: Melhorar a sua entrega de lições de casa.,Melhorar: Empenhar-se mais nas aulas e avaliações.,Melhorar: Integrar-se mais aos Princípios Passos Mágicos.,1,0.9289440600227347,92.89
RA-293,2022,3,L,Aluno-293,2009.0,,13.0,Masculino,2022.0,Escola Pública,,,,,Quartzo,,Quartzo,4.875,4.875,,,831.0,132.0,8.0,4.0,8.8,2.9,7.5,2.3,3.333,10.0,,2.0,3.8,1.0,Não,Não,Fase 3 (7º e 8º ano),0.0,Não atendido,Melhorar: Melhorar a sua entrega de lições de casa.,Melhorar: Empenhar-se mais nas aulas e avaliações.,Melhorar: Integrar-se mais aos Princípios Passos Mágicos.,0,0.43978248581696555,43.98
RA-294,2022,3,L,Aluno-294,2004.0,,18.0,Feminino,2022.0,Escola Pública,,,,,Quartzo,,Quartzo,5.031,5.031,,,819.0,127.0,6.0,4.0,9.6,5.8,7.5,0.0,5.917,2.5,,,,,Não,Não,Fase 8 (Universitários),-5.0,Não atendido,Melhorar: Melhorar a sua entrega de lições de casa.,Melhorar: Empenhar-se mais nas aulas e avaliações.,Melhorar: Integrar-se mais aos Princípios Passos Mágicos.,1,0.8753328090019916,87.53
RA-295,2022,3,M,Aluno-295,2008.0,,14.0,Feminino,2022.0,Escola Pública,,,,,Ametista,,Ametista,7.305,7.305,,,386.0,45.0,2.0,4.0,7.9,8.0,7.5,6.9,7.375,5.0,,5.3,7.7,7.7,Sim,Não,Fase 4 (9º ano),-1.0,Não atendido,Destaque: A sua boa entrega das lições de casa.,Melhorar: Empenhar-se mais nas aulas e avaliações.,Melhorar: Integrar-se mais aos Princípios Passos Mágicos.,0,0.4579989338651638,45.8
RA-296,2022,3,M,Aluno-296,2007.0,,15.0,Feminino,2022.0,Escola Pública,,,,,Quartzo,,Quartzo,4.665,4.665,,,839.0,137.0,16.0,4.0,8.8,3.6,7.5,2.8,3.833,5.0,,5.7,2.7,0.2,Não,Não,Fase 5 (1º EM),-2.0,Não atendido,Melhorar: Melhorar a sua entrega de lições de casa.,Melhorar: Empenhar-se mais nas aulas e avaliações.,Melhorar: Integrar-se mais aos Princípios Passos Mágicos.,1,0.8690724694562801,86.91
RA-297,2022,3,M,Aluno-297,2009.0,,13.0,Feminino,2022.0,Escola Pública,,,,,Ametista,,Ametista,7.478,7.478,,,324.0,36.0,1.0,4.0,7.1,7.9,6.3,6.6,7.417,10.0,,6.3,5.3,8.2,Sim,Não,Fase 3 (7º e 8º ano),0.0,Sem limitações,Destaque: A sua boa entrega das lições de casa.,Melhorar: Empenhar-se mais nas aulas e avaliações.,Melhorar: Integrar-se mais aos Princípios Passos Mágicos.,0,0.31364498090369075,31.36
RA-298,2022,3,M,Aluno-298,2009.0,,13.0,Masculino,2019.0,Escola Pública,,,Ametista,Ágata,Ágata,,Ágata,6.409,6.409,,,659.0,86.0,7.0,4.0,9.2,6.3,5.6,5.2,5.417,10.0,,5.5,4.8,,Não,Não,Fase 3 (7º e 8º ano),0.0,Sem limitações,Melhorar: Melhorar a sua entrega de lições de casa.,Melhorar: Empenhar-se mais nas aulas e avaliações.,Melhorar: Integrar-se mais aos Princípios Passos Mágicos.,0,0.4255322034074161,42.55
RA-299,2022,3,M,Aluno-299,2009.0,,13.0,Feminino,2019.0,Rede Decisão,,,Topázio,Ametista,Ametista,,Ametista,7.278,7.278,,,404.0,48.0,3.0,4.0,7.1,8.2,5.0,6.8,6.708,10.0,,6.3,7.3,6.7,Não,Não,Fase 3 (7º e 8º ano),0.0,Requer avaliação,Destaque: A sua boa entrega das lições de casa.,Melhorar: Empenhar-se mais nas aulas e avaliações.,Melhorar: Integrar-se mais aos Princípios Passos Mágicos.,0,0.3479263521256704,34.79
RA-300,2022,3,M,Aluno-300,2008.0,,14.0,Masculino,2022.0,Escola Pública,,,,,Quartzo,,Quartzo,5.557,5.557,,,781.0,116.0,14.0,4.0,5.4,6.9,6.3,3.1,5.875,5.0,,2.7,4.8,1.7,Sim,Não,Fase 4 (9º ano),-1.0,Sem limitações,Melhorar: Melhorar a sua entrega de lições de casa.,Melhorar: Empenhar-se mais nas aulas e avaliações.,Melhorar: Integrar-se mais aos Princípios Passos Mágicos.,1,0.7896846818441254,78.97
RA-301,2022,3,M,Aluno-301,2009.0,,13.0,Feminino,2019.0,Escola Pública,,,Ametista,Ametista,Ágata,,Ágata,6.802,6.802,,,554.0,72.0,5.0,4.0,8.8,5.8,5.6,6.3,6.042,10.0,,6.5,7.2,5.4,Sim,Não,Fase 3 (7º e 8º ano),0.0,Sem limitações,Melhorar: Melhorar a sua entrega de lições de casa.,Melhorar: Empenhar-se mais nas aulas e avaliações.,Melhorar: Integrar-se mais aos Princípios Passos Mágicos.,0,0.4291149190009552,42.91
RA-302,2022,3,M,Aluno-302,2006.0,,16.0,Masculino,2022.0,Escola Pública,,,,,Ágata,,Ágata,6.334,6.334,,,673.0,90.0,10.0,4.0,9.2,7.7,6.9,4.8,6.208,2.5,,4.3,5.0,5.0,Não,Não,Fase 6 (2º EM),-3.0,Sem limitações,Destaque: A sua boa entrega das lições de casa.,Melhorar: Empenhar-se mais nas aulas e avaliações.,Melhorar: Integrar-se mais aos Princípios Passos Mágicos.,1,0.9822972180592541,98.23
RA-303,2022,3,M,Aluno-303,2008.0,,14.0,Masculino,2019.0,Escola Pública,,,Ametista,Ágata,Ágata,,Ágata,6.03,6.03,,,723.0,102.0,13.0,4.0,7.5,7.2,7.5,3.9,5.375,5.0,,3.8,4.0,,Não,Não,Fase 4 (9º ano),-1.0,Não atendido,Melhorar: Melhorar a sua entrega de lições de casa.,Melhorar: Empenhar-se mais nas aulas e avaliações.,Melhorar: Integrar-se mais aos Princípios Passos Mágicos.,1,0.952800181541344,95.28
RA-304,2022,3,M,Aluno-304,2007.0,,15.0,Masculino,2020.0,Escola Pública,,,Ametista,Ágata,Ágata,,Ágata,6.355,6.355,,,667.0,89.0,9.0,4.0,8.8,7.7,7.5,4.3,5.542,5.0,,3.0,5.5,,Sim,Não,Fase 5 (1º EM),-2.0,Não atendido,Destaque: A sua boa entrega das lições de casa.,Melhorar: Empenhar-se mais nas aulas e avaliações.,Melhorar: Integrar-se mais aos Princípios Passos Mágicos.,1,0.9319150987801033,93.19
RA-305,2022,3,M,Aluno-305,2008.0,,14.0,Masculino,2019.0,Escola Pública,,,Ametista,Ágata,Ágata,,Ágata,6.058,6.058,,,717.0,100.0,12.0,4.0,7.9,6.6,7.5,4.8,5.208,5.0,,2.8,6.7,,Não,Não,Fase 4 (9º ano),-1.0,Não atendido,Melhorar: Melhorar a sua entrega de lições de casa.,Melhorar: Empenhar-se mais nas aulas e avaliações.,Melhorar: Integrar-se mais aos Princípios Passos Mágicos.,1,0.945265364003902,94.53
RA-306,2022,3,M,Aluno-306,2008.0,,14.0,Feminino,2021.0,Escola Pública,,,,Ametista,Ágata,,Ágata,6.427,6.427,,,656.0,85.0,6.0,4.0,8.3,6.8,7.5,5.2,5.958,5.0,,4.7,5.8,5.0,Não,Não,Fase 4 (9º ano),-1.0,Não atendido,Melhorar: Melhorar a sua entrega de lições de casa.,Melhorar: Empenhar-se mais nas aulas e avaliações.,Melhorar: Integrar-se mais aos Princípios Passos Mágicos.,1,0.8330704252748009,83.31
RA-307,2022,3,M,Aluno-307,2008.0,,14.0,Masculino,2022.0,Escola Pública,,,,,Quartzo,,Quartzo,4.733,4.733,,,838.0,136.0,15.0,4.0,5.4,4.5,7.5,2.5,4.708,5.0,,5.0,0.0,,Não,Não,Fase 4 (9º ano),-1.0,Não atendido,Melhorar: Melhorar a sua entrega de lições de casa.,Melhorar: Empenhar-se mais nas aulas e avaliações.,Melhorar: Integrar-se mais aos Princípios Passos Mágicos.,1,0.8429991772766107,84.3
RA-308,2022,3,M,Aluno-308,2009.0,,13.0,Masculino,2019.0,Escola Pública,,,Ametista,Ametista,Ágata,,Ágata,6.93,6.93,,,514.0,66.0,4.0,4.0,7.9,7.4,6.9,5.0,6.167,10.0,,6.7,5.5,2.8,Sim,Não,Fase 3 (7º e 8º ano),0.0,Sem limitações,Melhorar: Melhorar a sua entrega de lições de casa.,Melhorar: Empenhar-se mais nas aulas e avaliações.,Melhorar: Integrar-se mais aos Princípios Passos Mágicos.,0,0.21498489949471242,21.5
RA-309,2022,3,M,Aluno-309,2008.0,,14.0,Feminino,2022.0,Escola Pública,,,,,Ágata,,Ágata,6.151,6.151,,,702.0,96.0,11.0,4.0,9.2,5.2,7.5,6.5,5.083,5.0,,7.0,6.0,,Não,Não,Fase 4 (9º ano),-1.0,Não atendido,Melhorar: Melhorar a sua entrega de lições de casa.,Melhorar: Empenhar-se mais nas aulas e avaliações.,Melhorar: Integrar-se mais aos Princípios Passos Mágicos.,1,0.869906214751436,86.99
RA-310,2022,3,M,Aluno-310,2007.0,,15.0,Feminino,2022.0,Escola Pública,,,,,Ágata,,Ágata,6.4,6.4,,,662.0,87.0,8.0,4.0,7.9,7.5,7.5,4.5,6.0,5.0,,3.7,3.8,6.0,Sim,Não,Fase 5 (1º EM),-2.0,Não atendido,Destaque: A sua boa entrega das lições de casa.,Melhorar: Empenhar-se mais nas aulas e avaliações.,Melhorar: Integrar-se mais aos Princípios Passos Mágicos.,1,0.9465160436740476,94.65
RA-311,2022,3,N,Aluno-311,2006.0,,16.0,Feminino,2022.0,Escola Pública,,,,,Quartzo,,Quartzo,5.652,5.652,,,771.0,114.0,13.0,3.0,7.9,5.6,5.0,5.2,6.222,2.5,,5.0,6.2,4.3,Não,Não,Fase 6 (2º EM),-3.0,Requer avaliação,Melhorar: Melhorar a sua entrega de lições de casa.,Melhorar: Empenhar-se mais nas aulas e avaliações.,Melhorar: Integrar-se mais aos Princípios Passos Mágicos.,1,0.95714975942064,95.71
RA-312,2022,3,N,Aluno-312,2009.0,,13.0,Feminino,2022.0,Escola Pública,,,,,Ametista,,Ametista,7.339,7.339,,,378.0,43.0,5.0,3.0,9.6,8.1,7.5,5.2,6.167,10.0,,6.0,4.5,5.0,Não,Não,Fase 3 (7º e 8º ano),0.0,Não atendido,Destaque: A sua boa entrega das lições de casa.,Melhorar: Empenhar-se mais nas aulas e avaliações.,Melhorar: Integrar-se mais aos Princípios Passos Mágicos.,0,0.2426428915655466,24.26
RA-313,2022,3,N,Aluno-313,2008.0,,14.0,Feminino,2022.0,Escola Pública,,,,,Quartzo,,Quartzo,5.8,5.8,,,750.0,108.0,11.0,3.0,7.5,7.0,5.0,4.1,5.889,5.0,,4.7,5.0,2.5,Não,Não,Fase 4 (9º ano),-1.0,Requer avaliação,Melhorar: Melhorar a sua entrega de lições de casa.,Melhorar: Empenhar-se mais nas aulas e avaliações.,Melhorar: Integrar-se mais aos Princípios Passos Mágicos.,1,0.8858487666362066,88.58
RA-314,2022,3,N,Aluno-314,2009.0,,13.0,Feminino,2022.0,Escola Pública,,,,,Ágata,,Ágata,6.1,6.1,,,708.0,98.0,10.0,3.0,5.4,5.4,5.0,5.3,6.0,10.0,,4.3,3.3,8.3,Não,Não,Fase 3 (7º e 8º ano),0.0,Requer avaliação,Melhorar: Melhorar a sua entrega de lições de casa.,Melhorar: Empenhar-se mais nas aulas e avaliações.,Melhorar: Integrar-se mais aos Princípios Passos Mágicos.,0,0.4794085675559244,47.94
RA-315,2022,3,N,Aluno-315,2009.0,,13.0,Feminino,2022.0,Escola Pública,,,,,Quartzo,,Quartzo,5.672,5.672,,,764.0,111.0,12.0,3.0,6.7,5.1,7.5,3.0,5.056,10.0,,3.0,4.2,1.8,Não,Não,Fase 3 (7º e 8º ano),0.0,Não atendido,Melhorar: Melhorar a sua entrega de lições de casa.,Melhorar: Empenhar-se mais nas aulas e avaliações.,Melhorar: Integrar-se mais aos Princípios Passos Mágicos.,0,0.3506739389041114,35.07
RA-316,2022,3,N,Aluno-316,2008.0,,14.0,Feminino,2022.0,Escola Pública,,,,,Ametista,,Ametista,7.889,7.889,,,174.0,28.0,2.0,3.0,10.0,10.0,6.9,6.1,8.389,5.0,,7.0,6.5,4.7,Sim,Sim,Fase 4 (9º ano),-1.0,Não atendido,Destaque: A sua boa entrega das lições de casa.,Melhorar: Empenhar-se mais nas aulas e avaliações.,Destaque: A sua boa integração aos Princípios Passos Mágicos.,1,0.5955052348066278,59.55
RA-317,2022,3,N,Aluno-317,2009.0,,13.0,Masculino,2021.0,Escola Pública,,,,Ametista,Ametista,,Ametista,7.04,7.04,,,474.0,59.0,6.0,3.0,8.8,5.6,7.5,6.8,5.944,10.0,,4.7,5.7,10.0,Não,Não,Fase 3 (7º e 8º ano),0.0,Não atendido,Melhorar: Melhorar a sua entrega de lições de casa.,Melhorar: Empenhar-se mais nas aulas e avaliações.,Melhorar: Integrar-se mais aos Princípios Passos Mágicos.,0,0.2823132149627989,28.23
RA-318,2022,3,N,Aluno-318,2008.0,,14.0,Feminino,2019.0,Escola Pública,,,Ágata,Ametista,Ágata,,Ágata,6.527,6.527,,,640.0,83.0,9.0,3.0,8.3,6.9,6.9,5.8,6.111,5.0,,4.3,5.8,7.3,Não,Não,Fase 4 (9º ano),-1.0,Sem limitações,Melhorar: Melhorar a sua entrega de lições de casa.,Melhorar: Empenhar-se mais nas aulas e avaliações.,Melhorar: Integrar-se mais aos Princípios Passos Mágicos.,1,0.88770185574988,88.77
RA-319,2022,3,N,Aluno-319,2009.0,,13.0,Masculino,2022.0,Escola Pública,,,,,Ametista,,Ametista,7.448,7.448,,,336.0,37.0,4.0,3.0,9.2,7.7,7.5,5.2,7.5,10.0,,6.3,4.3,5.0,Não,Não,Fase 3 (7º e 8º ano),0.0,Não atendido,Destaque: A sua boa entrega das lições de casa.,Melhorar: Empenhar-se mais nas aulas e avaliações.,Destaque: A sua boa integração aos Princípios Passos Mágicos.,0,0.28740658869550423,28.74
RA-320,2022,3,N,Aluno-320,2008.0,,14.0,Feminino,2022.0,Escola Pública,,,,,Ametista,,Ametista,7.897,7.897,,,170.0,27.0,1.0,3.0,8.8,10.0,6.9,6.4,8.667,5.0,,7.3,6.3,5.7,Sim,Sim,Fase 4 (9º ano),-1.0,Sem limitações,Destaque: A sua boa entrega das lições de casa.,Melhorar: Empenhar-se mais nas aulas e avaliações.,Destaque: A sua boa integração aos Princípios Passos Mágicos.,1,0.6026003993582426,60.26
RA-321,2022,3,N,Aluno-321,2010.0,,12.0,Feminino,2022.0,Escola Pública,,,,,Ametista,,Ametista,7.792,7.792,,,202.0,30.0,3.0,3.0,9.2,9.1,5.6,5.2,8.278,10.0,,5.7,6.2,3.7,Sim,Não,Fase 3 (7º e 8º ano),0.0,Sem limitações,Destaque: A sua boa entrega das lições de casa.,Melhorar: Empenhar-se mais nas aulas e avaliações.,Destaque: A sua boa integração aos Princípios Passos Mágicos.,0,0.2393302106493347,23.93
RA-322,2022,3,N,Aluno-322,2009.0,,13.0,Feminino,2022.0,Escola Pública,,,,,Ágata,,Ágata,6.859,6.859,,,536.0,70.0,8.0,3.0,7.1,8.1,5.0,4.7,6.778,10.0,,4.3,5.7,4.0,Não,Não,Fase 3 (7º e 8º ano),0.0,Requer avaliação,Destaque: A sua boa entrega das lições de casa.,Melhorar: Empenhar-se mais nas aulas e avaliações.,Melhorar: Integrar-se mais aos Princípios Passos Mágicos.,0,0.397438213280513,39.74
RA-323,2022,3,N,Aluno-323,2009.0,,13.0,Masculino,2022.0,Escola Pública,,,,,Ágata,,Ágata,6.86,6.86,,,535.0,69.0,7.0,3.0,9.2,7.3,7.5,3.4,6.611,10.0,,7.3,2.5,0.5,Não,Não,Fase 3 (7º e 8º ano),0.0,Sem limitações,Melhorar: Melhorar a sua entrega de lições de casa.,Melhorar: Empenhar-se mais nas aulas e avaliações.,Melhorar: Integrar-se mais aos Princípios Passos Mágicos.,0,0.3614669776954946,36.15
RA-324,2022,2,A,Aluno-324,2012.0,,10.0,Feminino,2022.0,Escola Pública,,,,,Topázio,,Topázio,8.27,8.27,,,66.0,6.0,1.0,3.0,10.0,9.3,6.9,6.8,8.611,10.0,,6.3,7.2,,Sim,Sim,Fase 2 (5º e 6º ano),0.0,Sem limitações,Destaque: A sua boa entrega das lições de casa.,Melhorar: Empenhar-se mais nas aulas e avaliações.,Destaque: A sua boa integração aos Princípios Passos Mágicos.,0,0.13041706421670332,13.04
RA-325,2022,2,A,Aluno-325,2012.0,,10.0,Masculino,2022.0,Escola Pública,,,,,Ametista,,Ametista,7.619,7.619,,,265.0,42.0,6.0,3.0,9.5,6.8,7.5,6.0,8.444,10.0,,6.0,6.0,,Sim,Sim,Fase 2 (5º e 6º ano),0.0,Sem limitações,Melhorar: Melhorar a sua entrega de lições de casa.,Melhorar: Empenhar-se mais nas aulas e avaliações.,Destaque: A sua boa integração aos Princípios Passos Mágicos.,0,0.36325443406808633,36.33
RA-326,2022,2,A,Aluno-326,2010.0,,12.0,Feminino,2022.0,Escola Pública,,,,,Topázio,,Topázio,8.22,8.22,,,80.0,9.0,2.0,3.0,10.0,9.7,5.0,9.0,8.944,5.0,,8.7,9.3,,Sim,Sim,Fase 3 (7º e 8º ano),-1.0,Requer avaliação,Destaque: A sua boa entrega das lições de casa.,Destaque: As suas boas notas na Passos Mágicos.,Destaque: A sua boa integração aos Princípios Passos Mágicos.,1,0.6090670973578323,60.91
RA-327,2022,2,A,Aluno-327,2011.0,,11.0,Masculino,2021.0,Escola Pública,,,,Ametista,Ágata,,Ágata,6.986,6.986,,,491.0,72.0,7.0,3.0,8.5,8.8,7.5,2.8,7.333,10.0,,2.3,3.2,,Não,Não,Fase 2 (5º e 6º ano),0.0,Sem limitações,Destaque: A sua boa entrega das lições de casa.,Melhorar: Empenhar-se mais nas aulas e avaliações.,Melhorar: Integrar-se mais aos Princípios Passos Mágicos.,0,0.4443131007925726,44.43
RA-328,2022,2,A,Aluno-328,2010.0,,12.0,Masculino,2020.0,Escola Pública,,,Ametista,Ametista,Ágata,,Ágata,6.823,6.823,,,548.0,86.0,8.0,3.0,10.0,7.0,7.5,5.3,7.5,5.0,,4.0,6.5,,Não,Não,Fase 3 (7º e 8º ano),-1.0,Sem limitações,Melhorar: Melhorar a sua entrega de lições de casa.,Melhorar: Empenhar-se mais nas aulas e avaliações.,Melhorar: Integrar-se mais aos Princípios Passos Mágicos.,1,0.9140992697272771,91.41
RA-329,2022,2,A,Aluno-329,2011.0,,11.0,Masculino,2019.0,Escola Pública,,,Ametista,Ágata,Ágata,,Ágata,6.313,6.313,,,683.0,126.0,12.0,3.0,7.4,6.9,4.4,5.0,5.778,10.0,,3.0,7.0,,Não,Não,Fase 2 (5º e 6º ano),0.0,Requer avaliação,Melhorar: Melhorar a sua entrega de lições de casa.,Melhorar: Empenhar-se mais nas aulas e avaliações.,Melhorar: Integrar-se mais aos Princípios Passos Mágicos.,1,0.6346133870664575,63.46
RA-330,2022,2,A,Aluno-330,2008.0,,14.0,Feminino,2018.0,Escola Pública,,,Ágata,Ágata,Ágata,,Ágata,6.446,6.446,,,651.0,116.0,11.0,3.0,9.5,8.8,7.5,2.5,7.056,5.0,,2.3,2.7,,Não,Não,Fase 4 (9º ano),-2.0,Sem limitações,Destaque: A sua boa entrega das lições de casa.,Melhorar: Empenhar-se mais nas aulas e avaliações.,Melhorar: Integrar-se mais aos Princípios Passos Mágicos.,1,0.9761648908436978,97.62
RA-331,2022,2,A,Aluno-331,2010.0,,12.0,Feminino,2019.0,Escola Pública,,,Ametista,Ametista,Ágata,,Ágata,6.636,6.636,,,613.0,105.0,10.0,3.0,9.0,8.7,7.5,3.7,6.944,5.0,,2.3,5.0,,Não,Não,Fase 3 (7º e 8º ano),-1.0,Sem limitações,Destaque: A sua boa entrega das lições de casa.,Melhorar: Empenhar-se mais nas aulas e avaliações.,Melhorar: Integrar-se mais aos Princípios Passos Mágicos.,1,0.9755967131979716,97.56
RA-332,2022,2,A,Aluno-332,2009.0,,13.0,Masculino,2017.0,Rede Decisão,,,Ametista,Ametista,Ametista,,Ametista,7.883,7.883,,,176.0,27.0,5.0,3.0,9.5,9.0,8.1,7.5,8.5,5.0,,7.5,7.5,,Não,Sim,Fase 3 (7º e 8º ano),-1.0,Sem limitações,Destaque: A sua boa entrega das lições de casa.,Destaque: As suas boas notas na Passos Mágicos.,Destaque: A sua boa integração aos Princípios Passos Mágicos.,1,0.7417873492311396,74.18
RA-333,2022,2,A,Aluno-333,2008.0,,14.0,Masculino,2018.0,Escola JP II,,,Ágata,Quartzo,Quartzo,,Quartzo,5.249,5.249,,,807.0,153.0,13.0,3.0,8.0,5.8,3.8,2.9,6.722,5.0,,0.2,5.7,,Não,Não,Fase 4 (9º ano),-2.0,Não indicado,Melhorar: Melhorar a sua entrega de lições de casa.,Melhorar: Empenhar-se mais nas aulas e avaliações.,Melhorar: Integrar-se mais aos Princípios Passos Mágicos.,1,0.971206417331914,97.12
RA-334,2022,2,A,Aluno-334,2011.0,,11.0,Feminino,2019.0,Rede Decisão,,,Topázio,Topázio,Ametista,,Ametista,7.961,7.961,,,151.0,20.0,3.0,3.0,6.9,9.2,4.4,8.0,8.722,10.0,,7.0,9.0,,Não,Sim,Fase 2 (5º e 6º ano),0.0,Não indicado,Destaque: A sua boa entrega das lições de casa.,Destaque: As suas boas notas na Passos Mágicos.,Destaque: A sua boa integração aos Princípios Passos Mágicos.,0,0.19065621358829973,19.07
RA-335,2022,2,A,Aluno-335,2012.0,,10.0,Masculino,2022.0,Escola Pública,,,,,Ametista,,Ametista,7.902,7.902,,,168.0,25.0,4.0,3.0,9.5,9.4,7.5,7.4,6.833,10.0,,5.8,9.0,,Não,Não,Fase 2 (5º e 6º ano),0.0,Sem limitações,Destaque: A sua boa entrega das lições de casa.,Melhorar: Empenhar-se mais nas aulas e avaliações.,Melhorar: Integrar-se mais aos Princípios Passos Mágicos.,0,0.3370357337900134,33.7
RA-336,2022,2,A,Aluno-336,2009.0,,13.0,Masculino,2016.0,Escola Pública,,,Ametista,Ágata,Ágata,,Ágata,6.787,6.787,,,560.0,87.0,9.0,3.0,9.5,8.5,4.4,5.1,7.889,5.0,,4.5,5.7,,Não,Não,Fase 3 (7º e 8º ano),-1.0,Requer avaliação,Destaque: A sua boa entrega das lições de casa.,Melhorar: Empenhar-se mais nas aulas e avaliações.,Destaque: A sua boa integração aos Princípios Passos Mágicos.,1,0.8752433696639842,87.52
RA-337,2022,2,B,Aluno-337,2011.0,,11.0,Masculino,2022.0,Escola Pública,,,,,Ametista,,Ametista,7.914,7.914,,,163.0,22.0,3.0,3.0,10.0,9.3,7.5,5.8,7.611,10.0,,7.5,4.0,,Não,Não,Fase 2 (5º e 6º ano),0.0,Não atendido,Destaque: A sua boa entrega das lições de casa.,Melhorar: Empenhar-se mais nas aulas e avaliações.,Destaque: A sua boa integração aos Princípios Passos Mágicos.,0,0.3859262232779935,38.59
RA-338,2022,2,B,Aluno-338,2010.0,,12.0,Masculino,2019.0,Escola Pública,,,Ametista,Ametista,Ágata,,Ágata,6.837,6.837,,,544.0,84.0,10.0,3.0,8.5,7.3,7.5,5.8,7.611,5.0,,5.3,6.2,,Não,Não,Fase 3 (7º e 8º ano),-1.0,Não atendido,Melhorar: Melhorar a sua entrega de lições de casa.,Melhorar: Empenhar-se mais nas aulas e avaliações.,Destaque: A sua boa integração aos Princípios Passos Mágicos.,1,0.9539992252610331,95.4
RA-339,2022,2,B,Aluno-339,2011.0,,11.0,Feminino,2019.0,Escola Pública,,,Topázio,Ametista,Topázio,,Topázio,8.488,8.488,,,36.0,3.0,1.0,3.0,6.9,9.9,7.5,8.1,8.889,10.0,,7.1,9.2,,Sim,Sim,Fase 2 (5º e 6º ano),0.0,Não atendido,Destaque: A sua boa entrega das lições de casa.,Destaque: As suas boas notas na Passos Mágicos.,Destaque: A sua boa integração aos Princípios Passos Mágicos.,0,0.13335035498033787,13.34
RA-340,2022,2,B,Aluno-340,2011.0,,11.0,Masculino,2017.0,Escola Pública,,,Ametista,Ágata,Ametista,,Ametista,7.721,7.721,,,229.0,36.0,5.0,3.0,9.0,8.2,7.5,6.5,7.667,10.0,,6.0,7.0,,Não,Não,Fase 2 (5º e 6º ano),0.0,Não atendido,Destaque: A sua boa entrega das lições de casa.,Melhorar: Empenhar-se mais nas aulas e avaliações.,Destaque: A sua boa integração aos Princípios Passos Mágicos.,0,0.29356024226654903,29.36
RA-341,2022,2,B,Aluno-341,2010.0,,12.0,Masculino,2022.0,Escola Pública,,,,,Ágata,,Ágata,6.854,6.854,,,537.0,83.0,9.0,3.0,8.0,7.7,7.5,5.8,7.5,5.0,,5.0,6.5,,Não,Não,Fase 3 (7º e 8º ano),-1.0,Não atendido,Destaque: A sua boa entrega das lições de casa.,Melhorar: Empenhar-se mais nas aulas e avaliações.,Destaque: A sua boa integração aos Princípios Passos Mágicos.,1,0.9489917538522924,94.9
RA-342,2022,2,B,Aluno-342,2008.0,,14.0,Feminino,2021.0,Escola Pública,,,,Quartzo,Ágata,,Ágata,6.941,6.941,,,511.0,77.0,7.0,3.0,9.0,6.7,7.5,6.6,7.5,5.0,,5.5,7.7,,Não,Não,Fase 4 (9º ano),-2.0,Não atendido,Melhorar: Melhorar a sua entrega de lições de casa.,Melhorar: Empenhar-se mais nas aulas e avaliações.,Destaque: A sua boa integração aos Princípios Passos Mágicos.,1,0.9265151314852633,92.65
RA-343,2022,2,B,Aluno-343,2008.0,,14.0,Masculino,2020.0,Escola Pública,,,Ametista,Quartzo,Ágata,,Ágata,6.9,6.9,,,525.0,80.0,8.0,3.0,9.5,7.4,7.5,5.9,7.167,5.0,,4.2,7.7,,Não,Não,Fase 4 (9º ano),-2.0,Não atendido,Melhorar: Melhorar a sua entrega de lições de casa.,Melhorar: Empenhar-se mais nas aulas e avaliações.,Melhorar: Integrar-se mais aos Princípios Passos Mágicos.,1,0.9131896174964018,91.32
RA-344,2022,2,B,Aluno-344,2011.0,,11.0,Masculino,2019.0,Escola Pública,,,Topázio,Ametista,Ametista,,Ametista,7.263,7.263,,,409.0,60.0,6.0,3.0,8.5,8.3,7.5,4.5,7.5,10.0,,2.3,6.7,,Não,Não,Fase 2 (5º e 6º ano),0.0,Não atendido,Destaque: A sua boa entrega das lições de casa.,Melhorar: Empenhar-se mais nas aulas e avaliações.,Destaque: A sua boa integração aos Princípios Passos Mágicos.,0,0.3175609268343124,31.76
RA-345,2022,2,B,Aluno-345,2009.0,,13.0,Masculino,2021.0,Escola Pública,,,,Ametista,Quartzo,,Quartzo,5.75,5.75,,,754.0,139.0,12.0,3.0,9.5,5.4,5.6,3.6,6.667,5.0,,1.3,5.8,,Não,Não,Fase 3 (7º e 8º ano),-1.0,Requer avaliação,Melhorar: Melhorar a sua entrega de lições de casa.,Melhorar: Empenhar-se mais nas aulas e avaliações.,Melhorar: Integrar-se mais aos Princípios Passos Mágicos.,1,0.9842809873443741,98.43
RA-346,2022,2,B,Aluno-346,2012.0,,10.0,Masculino,2022.0,Escola Pública,,,,,Topázio,,Topázio,8.143,8.143,,,102.0,14.0,2.0,3.0,10.0,9.1,7.5,7.0,7.889,10.0,,6.0,8.0,,Não,Não,Fase 2 (5º e 6º ano),0.0,Não atendido,Destaque: A sua boa entrega das lições de casa.,Melhorar: Empenhar-se mais nas aulas e avaliações.,Destaque: A sua boa integração aos Princípios Passos Mágicos.,0,0.12273917298546261,12.27
RA-347,2022,2,B,Aluno-347,2010.0,,12.0,Feminino,2019.0,Escola Pública,,,Topázio,Ametista,Ametista,,Ametista,7.908,7.908,,,167.0,24.0,4.0,3.0,9.0,10.0,5.6,8.5,8.0,5.0,,8.5,8.5,,Sim,Não,Fase 3 (7º e 8º ano),-1.0,Sem limitações,Destaque: A sua boa entrega das lições de casa.,Destaque: As suas boas notas na Passos Mágicos.,Destaque: A sua boa integração aos Princípios Passos Mágicos.,1,0.7751411812644353,77.51
RA-348,2022,2,B,Aluno-348,2010.0,,12.0,Masculino,2022.0,Escola Pública,,,,,Quartzo,,Quartzo,5.864,5.864,,,741.0,135.0,11.0,3.0,9.0,8.7,7.5,1.8,5.833,5.0,,0.5,3.0,,Não,Não,Fase 3 (7º e 8º ano),-1.0,Sem limitações,Destaque: A sua boa entrega das lições de casa.,Melhorar: Empenhar-se mais nas aulas e avaliações.,Melhorar: Integrar-se mais aos Princípios Passos Mágicos.,1,0.9630558230826884,96.31
RA-349,2022,2,B,Aluno-349,2010.0,,12.0,Masculino,2021.0,Escola Pública,,,,Ametista,Quartzo,,Quartzo,5.658,5.658,,,770.0,143.0,13.0,3.0,9.5,7.7,7.5,3.7,3.944,5.0,,2.2,5.2,,Não,Não,Fase 3 (7º e 8º ano),-1.0,Sem limitações,Destaque: A sua boa entrega das lições de casa.,Melhorar: Empenhar-se mais nas aulas e avaliações.,Melhorar: Integrar-se mais aos Princípios Passos Mágicos.,1,0.9430454510677225,94.3
RA-350,2022,2,D,Aluno-350,2011.0,,11.0,Feminino,2022.0,Escola Pública,,,,,Topázio,,Topázio,8.206,8.206,,,84.0,10.0,2.0,3.0,10.0,8.8,7.5,6.5,8.611,10.0,,7.0,6.0,,Não,Sim,Fase 2 (5º e 6º ano),0.0,Não atendido,Destaque: A sua boa entrega das lições de casa.,Melhorar: Empenhar-se mais nas aulas e avaliações.,Destaque: A sua boa integração aos Princípios Passos Mágicos.,0,0.21746285145547353,21.75
RA-351,2022,2,D,Aluno-351,2008.0,,14.0,Masculino,2022.0,Escola Pública,,,,,Ágata,,Ágata,6.622,6.622,,,618.0,107.0,7.0,3.0,9.0,7.2,7.5,4.0,8.111,5.0,,3.2,4.8,,Não,Não,Fase 4 (9º ano),-2.0,Não atendido,Melhorar: Melhorar a sua entrega de lições de casa.,Melhorar: Empenhar-se mais nas aulas e avaliações.,Destaque: A sua boa integração aos Princípios Passos Mágicos.,1,0.9133490025953968,91.33
RA-352,2022,2,D,Aluno-352,2011.0,,11.0,Masculino,2019.0,Escola Pública,,,Ametista,Ametista,Ametista,,Ametista,7.834,7.834,,,191.0,31.0,4.0,3.0,9.0,8.1,5.6,7.0,8.389,10.0,,7.3,6.7,,Não,Sim,Fase 2 (5º e 6º ano),0.0,Requer avaliação,Destaque: A sua boa entrega das lições de casa.,Melhorar: Empenhar-se mais nas aulas e avaliações.,Destaque: A sua boa integração aos Princípios Passos Mágicos.,0,0.41791931104335495,41.79
RA-353,2022,2,D,Aluno-353,2011.0,,11.0,Feminino,2022.0,Escola Pública,,,,,Topázio,,Topázio,8.264,8.264,,,69.0,7.0,1.0,3.0,7.0,10.0,7.5,7.5,8.444,10.0,,8.0,7.0,,Não,Sim,Fase 2 (5º e 6º ano),0.0,Não atendido,Destaque: A sua boa entrega das lições de casa.,Destaque: As suas boas notas na Passos Mágicos.,Destaque: A sua boa integração aos Princípios Passos Mágicos.,0,0.14519187129135594,14.52
RA-354,2022,2,D,Aluno-354,2009.0,,13.0,Feminino,2018.0,Escola Pública,,,Ametista,Ágata,Quartzo,,Quartzo,5.858,5.858,,,742.0,136.0,9.0,3.0,8.5,4.3,7.5,4.5,7.333,5.0,,2.8,6.2,,Não,Não,Fase 3 (7º e 8º ano),-1.0,Não atendido,Melhorar: Melhorar a sua entrega de lições de casa.,Melhorar: Empenhar-se mais nas aulas e avaliações.,Melhorar: Integrar-se mais aos Princípios Passos Mágicos.,1,0.9613000202978043,96.13
RA-355,2022,2,D,Aluno-355,2010.0,,12.0,Feminino,2018.0,Escola Pública,,,Ametista,Quartzo,Quartzo,,Quartzo,5.379,5.379,,,796.0,151.0,11.0,3.0,5.8,5.0,7.5,4.5,6.056,5.0,,5.5,3.5,,Não,Não,Fase 3 (7º e 8º ano),-1.0,Não atendido,Melhorar: Melhorar a sua entrega de lições de casa.,Melhorar: Empenhar-se mais nas aulas e avaliações.,Melhorar: Integrar-se mais aos Princípios Passos Mágicos.,1,0.881915403949272,88.19
RA-356,2022,2,D,Aluno-356,2010.0,,12.0,Masculino,2019.0,Escola Pública,,,Topázio,Topázio,Ágata,,Ágata,6.69,6.69,,,591.0,97.0,6.0,3.0,10.0,8.4,5.0,4.6,8.278,5.0,,5.3,3.8,,Não,Não,Fase 3 (7º e 8º ano),-1.0,Requer avaliação,Destaque: A sua boa entrega das lições de casa.,Melhorar: Empenhar-se mais nas aulas e avaliações.,Destaque: A sua boa integração aos Princípios Passos Mágicos.,1,0.8166634287176467,81.67
RA-357,2022,2,D,Aluno-357,2010.0,,12.0,Masculino,2022.0,Escola Pública,,,,,Ametista,,Ametista,7.836,7.836,,,190.0,30.0,3.0,3.0,8.0,9.6,7.5,8.5,7.778,5.0,,10.0,7.0,,Não,Não,Fase 3 (7º e 8º ano),-1.0,Não atendido,Destaque: A sua boa entrega das lições de casa.,Destaque: As suas boas notas na Passos Mágicos.,Destaque: A sua boa integração aos Princípios Passos Mágicos.,1,0.8689247003429058,86.89
RA-358,2022,2,D,Aluno-358,2009.0,,13.0,Masculino,2022.0,Escola Pública,,,,,Quartzo,,Quartzo,5.412,5.412,,,795.0,150.0,10.0,3.0,7.5,6.5,7.5,0.0,7.556,5.0,,0.0,0.0,,Não,Não,Fase 3 (7º e 8º ano),-1.0,Não atendido,Melhorar: Melhorar a sua entrega de lições de casa.,Melhorar: Empenhar-se mais nas aulas e avaliações.,Destaque: A sua boa integração aos Princípios Passos Mágicos.,1,0.9358555056389393,93.59
RA-359,2022,2,D,Aluno-359,2010.0,,12.0,Feminino,2019.0,Escola Pública,,,Ametista,Ágata,Ágata,,Ágata,6.606,6.606,,,625.0,108.0,8.0,3.0,9.0,7.0,7.5,4.6,7.5,5.0,,3.3,5.8,,Não,Não,Fase 3 (7º e 8º ano),-1.0,Não atendido,Melhorar: Melhorar a sua entrega de lições de casa.,Melhorar: Empenhar-se mais nas aulas e avaliações.,Melhorar: Integrar-se mais aos Princípios Passos Mágicos.,1,0.9630360169090791,96.3
RA-360,2022,2,D,Aluno-360,2010.0,,12.0,Feminino,2019.0,Escola Pública,,,Ametista,Ágata,Ametista,,Ametista,7.075,7.075,,,463.0,70.0,5.0,3.0,9.5,8.5,7.5,5.2,7.5,5.0,,4.7,5.7,,Não,Não,Fase 3 (7º e 8º ano),-1.0,Não atendido,Destaque: A sua boa entrega das lições de casa.,Melhorar: Empenhar-se mais nas aulas e avaliações.,Melhorar: Integrar-se mais aos Princípios Passos Mágicos.,1,0.7043942155843718,70.44
RA-361,2022,2,F,Aluno-361,2009.0,,13.0,Feminino,2022.0,Escola Pública,,,,,Ágata,,Ágata,6.731,6.731,,,576.0,93.0,16.0,3.0,7.9,9.2,6.3,5.0,6.778,5.0,,4.0,6.0,,Não,Não,Fase 3 (7º e 8º ano),-1.0,Sem limitações,Destaque: A sua boa entrega das lições de casa.,Melhorar: Empenhar-se mais nas aulas e avaliações.,Melhorar: Integrar-se mais aos Princípios Passos Mágicos.,1,0.9372215994782849,93.72
RA-362,2022,2,F,Aluno-362,2010.0,,12.0,Feminino,2018.0,Escola Pública,,,Ágata,Quartzo,Ametista,,Ametista,7.413,7.413,,,350.0,51.0,7.0,3.0,8.5,7.9,7.5,7.9,7.5,5.0,,6.5,9.3,,Não,Não,Fase 3 (7º e 8º ano),-1.0,Sem limitações,Destaque: A sua boa entrega das lições de casa.,Destaque: As suas boas notas na Passos Mágicos.,Destaque: A sua boa integração aos Princípios Passos Mágicos.,1,0.8077751648368833,80.78
RA-363,2022,2,F,Aluno-363,2010.0,,12.0,Masculino,2022.0,Escola Pública,,,,,Ágata,,Ágata,6.644,6.644,,,610.0,104.0,17.0,3.0,10.0,10.0,6.9,2.0,7.056,5.0,,1.0,3.0,,Não,Não,Fase 3 (7º e 8º ano),-1.0,Sem limitações,Destaque: A sua boa entrega das lições de casa.,Melhorar: Empenhar-se mais nas aulas e avaliações.,Melhorar: Integrar-se mais aos Princípios Passos Mágicos.,1,0.9476642492516361,94.77
RA-364,2022,2,F,Aluno-364,2011.0,,11.0,Masculino,2019.0,Escola Pública,,,Ametista,Topázio,Topázio,,Topázio,8.75,8.75,,,12.0,1.0,1.0,3.0,9.5,10.0,7.5,8.8,8.167,10.0,,9.5,8.0,,Não,Não,Fase 2 (5º e 6º ano),0.0,Sem limitações,Destaque: A sua boa entrega das lições de casa.,Destaque: As suas boas notas na Passos Mágicos.,Destaque: A sua boa integração aos Princípios Passos Mágicos.,0,0.3276680665463153,32.77
RA-365,2022,2,F,Aluno-365,2012.0,,10.0,Feminino,2022.0,Escola Pública,,,,,Topázio,,Topázio,8.063,8.063,,,129.0,17.0,3.0,3.0,8.0,10.0,5.0,7.8,7.833,10.0,,6.0,9.5,,Não,Não,Fase 2 (5º e 6º ano),0.0,Sem limitações,Destaque: A sua boa entrega das lições de casa.,Destaque: As suas boas notas na Passos Mágicos.,Destaque: A sua boa integração aos Princípios Passos Mágicos.,0,0.14874471471124923,14.87
RA-366,2022,2,F,Aluno-366,2010.0,,12.0,Masculino,2022.0,Escola Pública,,,,,Ametista,,Ametista,7.181,7.181,,,437.0,67.0,9.0,3.0,9.5,9.4,7.5,5.5,6.833,5.0,,6.0,5.0,,Não,Não,Fase 3 (7º e 8º ano),-1.0,Sem limitações,Destaque: A sua boa entrega das lições de casa.,Melhorar: Empenhar-se mais nas aulas e avaliações.,Melhorar: Integrar-se mais aos Princípios Passos Mágicos.,1,0.652251804882812,65.23
RA-367,2022,2,F,Aluno-367,2010.0,,12.0,Feminino,2018.0,Escola Pública,,,Topázio,Ametista,Ágata,,Ágata,6.95,6.95,,,506.0,76.0,14.0,3.0,8.5,7.4,6.3,6.7,7.5,5.0,,5.2,8.2,,Não,Não,Fase 3 (7º e 8º ano),-1.0,Sem limitações,Melhorar: Melhorar a sua entrega de lições de casa.,Melhorar: Empenhar-se mais nas aulas e avaliações.,Destaque: A sua boa integração aos Princípios Passos Mágicos.,1,0.9547203647804665,95.47
RA-368,2022,2,F,Aluno-368,2009.0,,13.0,Masculino,2018.0,Rede Decisão,,,Ametista,Ametista,Ágata,,Ágata,6.969,6.969,,,497.0,74.0,12.0,3.0,8.0,7.9,5.0,7.3,7.5,5.0,,5.5,9.0,,Não,Não,Fase 3 (7º e 8º ano),-1.0,Requer avaliação,Destaque: A sua boa entrega das lições de casa.,Melhorar: Empenhar-se mais nas aulas e avaliações.,Destaque: A sua boa integração aos Princípios Passos Mágicos.,1,0.9147638084666813,91.48
RA-369,2022,2,F,Aluno-369,2011.0,,11.0,Masculino,2022.0,Escola Pública,,,,,Ágata,,Ágata,6.973,6.973,,,496.0,73.0,11.0,3.0,9.0,6.9,7.5,4.8,6.889,10.0,,4.0,5.5,,Não,Não,Fase 2 (5º e 6º ano),0.0,Sem limitações,Melhorar: Melhorar a sua entrega de lições de casa.,Melhorar: Empenhar-se mais nas aulas e avaliações.,Melhorar: Integrar-se mais aos Princípios Passos Mágicos.,0,0.47988916982668106,47.99
RA-370,2022,2,F,Aluno-370,2010.0,,12.0,Feminino,2018.0,Rede Decisão,,,Ametista,Ametista,Ametista,,Ametista,7.066,7.066,,,465.0,71.0,10.0,3.0,8.5,8.2,5.0,7.2,7.611,5.0,,5.2,9.2,,Não,Não,Fase 3 (7º e 8º ano),-1.0,Requer avaliação,Destaque: A sua boa entrega das lições de casa.,Melhorar: Empenhar-se mais nas aulas e avaliações.,Destaque: A sua boa integração aos Princípios Passos Mágicos.,1,0.8918111620071927,89.18
RA-371,2022,2,F,Aluno-371,2012.0,,10.0,Feminino,2022.0,Escola Pública,,,,,Topázio,,Topázio,8.112,8.112,,,111.0,16.0,2.0,3.0,9.5,8.0,6.9,8.4,7.667,10.0,,7.8,9.0,,Não,Não,Fase 2 (5º e 6º ano),0.0,Sem limitações,Destaque: A sua boa entrega das lições de casa.,Destaque: As suas boas notas na Passos Mágicos.,Destaque: A sua boa integração aos Princípios Passos Mágicos.,0,0.2548129144139793,25.48
RA-372,2022,2,F,Aluno-372,2012.0,,10.0,Masculino,2021.0,Escola Pública,,,,Topázio,Ametista,,Ametista,7.304,7.304,,,389.0,57.0,8.0,3.0,8.5,5.5,6.9,7.8,7.389,10.0,,8.3,7.2,,Não,Não,Fase 2 (5º e 6º ano),0.0,Sem limitações,Melhorar: Melhorar a sua entrega de lições de casa.,Destaque: As suas boas notas na Passos Mágicos.,Melhorar: Integrar-se mais aos Princípios Passos Mágicos.,1,0.723989890840557,72.4
RA-373,2022,2,F,Aluno-373,2011.0,,11.0,Masculino,2022.0,Escola Pública,,,,,Ametista,,Ametista,7.503,7.503,,,308.0,46.0,6.0,3.0,6.4,9.5,5.0,7.3,6.944,10.0,,6.5,8.0,,Não,Não,Fase 2 (5º e 6º ano),0.0,Requer avaliação,Destaque: A sua boa entrega das lições de casa.,Melhorar: Empenhar-se mais nas aulas e avaliações.,Melhorar: Integrar-se mais aos Princípios Passos Mágicos.,0,0.4152327355063068,41.52
RA-374,2022,2,F,Aluno-374,2010.0,,12.0,Feminino,2021.0,Escola Pública,,,,Ágata,Ametista,,Ametista,7.747,7.747,,,217.0,34.0,5.0,3.0,9.0,9.8,7.5,6.9,7.944,5.0,,5.3,8.5,,Não,Não,Fase 3 (7º e 8º ano),-1.0,Sem limitações,Destaque: A sua boa entrega das lições de casa.,Melhorar: Empenhar-se mais nas aulas e avaliações.,Destaque: A sua boa integração aos Princípios Passos Mágicos.,1,0.6663542975799682,66.64
RA-375,2022,2,F,Aluno-375,2011.0,,11.0,Masculino,2019.0,Escola Pública,,,Topázio,Topázio,Ametista,,Ametista,7.831,7.831,,,194.0,32.0,4.0,3.0,9.0,9.5,7.5,5.4,7.667,10.0,,3.3,7.5,,Não,Não,Fase 2 (5º e 6º ano),0.0,Sem limitações,Destaque: A sua boa entrega das lições de casa.,Melhorar: Empenhar-se mais nas aulas e avaliações.,Destaque: A sua boa integração aos Princípios Passos Mágicos.,0,0.23927614352114676,23.93
RA-376,2022,2,F,Aluno-376,2010.0,,12.0,Feminino,2019.0,Escola Pública,,,Ametista,Ágata,Ágata,,Ágata,6.957,6.957,,,500.0,75.0,13.0,3.0,9.0,9.0,7.5,4.3,7.5,5.0,,2.0,6.7,,Não,Não,Fase 3 (7º e 8º ano),-1.0,Sem limitações,Destaque: A sua boa entrega das lições de casa.,Melhorar: Empenhar-se mais nas aulas e avaliações.,Destaque: A sua boa integração aos Princípios Passos Mágicos.,1,0.8312973349492991,83.13
RA-377,2022,2,F,Aluno-377,2010.0,,12.0,Feminino,2021.0,Escola Pública,,,,Quartzo,Ágata,,Ágata,6.743,6.743,,,571.0,92.0,15.0,3.0,9.0,7.7,5.6,6.2,6.833,5.0,,4.3,8.0,,Não,Não,Fase 3 (7º e 8º ano),-1.0,Requer avaliação,Destaque: A sua boa entrega das lições de casa.,Melhorar: Empenhar-se mais nas aulas e avaliações.,Melhorar: Integrar-se mais aos Princípios Passos Mágicos.,1,0.9631391508803706,96.31
RA-378,2022,2,I,Aluno-378,2010.0,,12.0,Masculino,2021.0,Escola Pública,,,,Ágata,Ametista,,Ametista,7.203,7.203,,,428.0,62.0,3.0,3.0,9.0,6.8,5.6,8.1,7.889,5.0,,8.7,7.5,,Sim,Não,Fase 3 (7º e 8º ano),-1.0,Requer avaliação,Melhorar: Melhorar a sua entrega de lições de casa.,Destaque: As suas boas notas na Passos Mágicos.,Destaque: A sua boa integração aos Princípios Passos Mágicos.,1,0.8772371269886725,87.72
RA-379,2022,2,I,Aluno-379,2009.0,,13.0,Feminino,2022.0,Escola Pública,,,,,Ágata,,Ágata,6.722,6.722,,,581.0,95.0,7.0,3.0,8.5,8.1,7.5,5.0,6.778,5.0,,5.0,5.0,,Não,Não,Fase 3 (7º e 8º ano),-1.0,Sem limitações,Destaque: A sua boa entrega das lições de casa.,Melhorar: Empenhar-se mais nas aulas e avaliações.,Melhorar: Integrar-se mais aos Princípios Passos Mágicos.,1,0.8969602961749007,89.7
RA-380,2022,2,I,Aluno-380,2009.0,,13.0,Masculino,2017.0,Escola Pública,,,Ametista,Quartzo,Quartzo,,Quartzo,4.556,4.556,,,842.0,154.0,13.0,3.0,7.9,4.4,5.0,2.5,4.833,5.0,,2.3,2.7,,Não,Não,Fase 3 (7º e 8º ano),-1.0,Requer avaliação,Melhorar: Melhorar a sua entrega de lições de casa.,Melhorar: Empenhar-se mais nas aulas e avaliações.,Melhorar: Integrar-se mais aos Princípios Passos Mágicos.,1,0.922634779298408,92.26
RA-381,2022,2,I,Aluno-381,2009.0,,13.0,Masculino,2018.0,Escola Pública,,,Ágata,Ágata,Ágata,,Ágata,6.454,6.454,,,649.0,114.0,9.0,3.0,9.0,8.3,6.9,3.3,6.944,5.0,,1.5,5.2,,Não,Não,Fase 3 (7º e 8º ano),-1.0,Sem limitações,Destaque: A sua boa entrega das lições de casa.,Melhorar: Empenhar-se mais nas aulas e avaliações.,Melhorar: Integrar-se mais aos Princípios Passos Mágicos.,1,0.9736522919043392,97.37
RA-382,2022,2,I,Aluno-382,2008.0,,14.0,Masculino,2017.0,Escola Pública,,,Ametista,Ágata,Ágata,,Ágata,6.777,6.777,,,561.0,88.0,5.0,3.0,9.0,7.7,6.3,5.4,7.333,5.0,,4.0,6.8,,Não,Não,Fase 4 (9º ano),-2.0,Sem limitações,Destaque: A sua boa entrega das lições de casa.,Melhorar: Empenhar-se mais nas aulas e avaliações.,Melhorar: Integrar-se mais aos Princípios Passos Mágicos.,1,0.91018028826561,91.02
RA-383,2022,2,I,Aluno-383,2011.0,,11.0,Masculino,2019.0,Escola Pública,,,Topázio,Ametista,Topázio,,Topázio,8.4,8.4,,,47.0,5.0,1.0,3.0,9.0,9.6,7.5,8.1,7.778,10.0,,8.0,8.2,,Não,Não,Fase 2 (5º e 6º ano),0.0,Sem limitações,Destaque: A sua boa entrega das lições de casa.,Destaque: As suas boas notas na Passos Mágicos.,Destaque: A sua boa integração aos Princípios Passos Mágicos.,0,0.13363739940679037,13.36
RA-384,2022,2,I,Aluno-384,2010.0,,12.0,Feminino,2017.0,Escola Pública,,,Ametista,Ametista,Ametista,,Ametista,7.558,7.558,,,291.0,44.0,2.0,3.0,9.0,8.4,6.3,8.1,8.0,5.0,,8.0,8.2,,Não,Não,Fase 3 (7º e 8º ano),-1.0,Requer avaliação,Destaque: A sua boa entrega das lições de casa.,Destaque: As suas boas notas na Passos Mágicos.,Destaque: A sua boa integração aos Princípios Passos Mágicos.,1,0.873242402179974,87.32
RA-385,2022,2,I,Aluno-385,2010.0,,12.0,Feminino,2022.0,Escola Pública,,,,,Ágata,,Ágata,6.083,6.083,,,712.0,131.0,12.0,3.0,7.4,7.5,5.0,4.9,6.5,5.0,,2.7,7.2,,Não,Não,Fase 3 (7º e 8º ano),-1.0,Sem limitações,Melhorar: Melhorar a sua entrega de lições de casa.,Melhorar: Empenhar-se mais nas aulas e avaliações.,Melhorar: Integrar-se mais aos Princípios Passos Mágicos.,1,0.9607379443969549,96.07
RA-386,2022,2,I,Aluno-386,2009.0,,13.0,Masculino,2019.0,Escola Pública,,,Ágata,Ágata,Ágata,,Ágata,6.104,6.104,,,707.0,130.0,11.0,3.0,10.0,5.9,5.6,4.0,7.222,5.0,,3.7,4.3,,Não,Não,Fase 3 (7º e 8º ano),-1.0,Requer avaliação,Melhorar: Melhorar a sua entrega de lições de casa.,Melhorar: Empenhar-se mais nas aulas e avaliações.,Melhorar: Integrar-se mais aos Princípios Passos Mágicos.,1,0.9776171606325227,97.76
RA-387,2022,2,I,Aluno-387,2009.0,,13.0,Masculino,2019.0,Escola Pública,,,Ágata,Ágata,Ágata,,Ágata,6.323,6.323,,,680.0,124.0,10.0,3.0,7.0,8.2,7.5,3.7,6.833,5.0,,1.3,6.0,,Não,Não,Fase 3 (7º e 8º ano),-1.0,Sem limitações,Destaque: A sua boa entrega das lições de casa.,Melhorar: Empenhar-se mais nas aulas e avaliações.,Melhorar: Integrar-se mais aos Princípios Passos Mágicos.,1,0.9743993660752391,97.44
RA-388,2022,2,I,Aluno-388,2008.0,,14.0,Feminino,2019.0,Escola Pública,,,Ágata,Ágata,Ágata,,Ágata,6.654,6.654,,,605.0,101.0,8.0,3.0,7.9,8.5,5.6,4.5,7.722,5.0,,3.5,5.5,,Não,Não,Fase 4 (9º ano),-2.0,Requer avaliação,Destaque: A sua boa entrega das lições de casa.,Melhorar: Empenhar-se mais nas aulas e avaliações.,Destaque: A sua boa integração aos Princípios Passos Mágicos.,1,0.9339602871886123,93.4
RA-389,2022,2,I,Aluno-389,2011.0,,11.0,Masculino,2019.0,Escola Pública,,,Ametista,Ágata,Ametista,,Ametista,7.184,7.184,,,435.0,66.0,4.0,3.0,8.0,8.9,7.5,3.5,7.556,10.0,,2.0,5.0,,Não,Não,Fase 2 (5º e 6º ano),0.0,Sem limitações,Destaque: A sua boa entrega das lições de casa.,Melhorar: Empenhar-se mais nas aulas e avaliações.,Destaque: A sua boa integração aos Princípios Passos Mágicos.,0,0.30282135283476935,30.28
RA-390,2022,2,I,Aluno-390,2010.0,,12.0,Feminino,2022.0,Escola Pública,,,,,Ágata,,Ágata,6.776,6.776,,,563.0,89.0,6.0,3.0,7.4,8.8,6.3,4.7,7.722,5.0,,4.0,5.3,,Não,Não,Fase 3 (7º e 8º ano),-1.0,Requer avaliação,Destaque: A sua boa entrega das lições de casa.,Melhorar: Empenhar-se mais nas aulas e avaliações.,Destaque: A sua boa integração aos Princípios Passos Mágicos.,1,0.8950751865031275,89.51
RA-391,2022,2,J,Aluno-391,2010.0,,12.0,Feminino,2022.0,Escola Pública,,,,,Ametista,,Ametista,7.117,7.117,,,451.0,69.0,3.0,3.0,10.0,8.1,7.5,5.1,8.056,5.0,,5.0,5.2,,Não,Não,Fase 3 (7º e 8º ano),-1.0,Sem limitações,Destaque: A sua boa entrega das lições de casa.,Melhorar: Empenhar-se mais nas aulas e avaliações.,Destaque: A sua boa integração aos Princípios Passos Mágicos.,1,0.7388876140149805,73.89
RA-392,2022,2,J,Aluno-392,2008.0,,14.0,Masculino,2022.0,Escola Pública,,,,,Ágata,,Ágata,6.418,6.418,,,657.0,118.0,5.0,3.0,9.5,8.8,5.6,4.8,6.778,5.0,,3.7,5.8,,Não,Não,Fase 4 (9º ano),-2.0,Não indicado,Destaque: A sua boa entrega das lições de casa.,Melhorar: Empenhar-se mais nas aulas e avaliações.,Melhorar: Integrar-se mais aos Princípios Passos Mágicos.,1,0.9534914290185693,95.35
RA-393,2022,2,J,Aluno-393,2006.0,,16.0,Feminino,2018.0,Escola Pública,,,Ágata,Quartzo,Quartzo,,Quartzo,5.518,5.518,,,790.0,148.0,7.0,3.0,10.0,5.4,5.0,4.6,6.778,2.5,,4.7,4.5,,Não,Não,Fase 6 (2º EM),-4.0,Não indicado,Melhorar: Melhorar a sua entrega de lições de casa.,Melhorar: Empenhar-se mais nas aulas e avaliações.,Melhorar: Integrar-se mais aos Princípios Passos Mágicos.,1,0.9666744037847259,96.67
RA-394,2022,2,J,Aluno-394,2011.0,,11.0,Feminino,2022.0,Escola Pública,,,,,Ametista,,Ametista,7.897,7.897,,,171.0,26.0,1.0,3.0,9.5,8.6,7.5,5.9,8.444,10.0,,4.3,7.5,,Não,Sim,Fase 2 (5º e 6º ano),0.0,Sem limitações,Destaque: A sua boa entrega das lições de casa.,Melhorar: Empenhar-se mais nas aulas e avaliações.,Destaque: A sua boa integração aos Princípios Passos Mágicos.,0,0.2578312268057655,25.78
RA-395,2022,2,J,Aluno-395,2011.0,,11.0,Feminino,2018.0,Escola Pública,,,Ametista,Topázio,Ametista,,Ametista,7.683,7.683,,,239.0,39.0,2.0,3.0,9.0,8.9,7.5,4.9,8.333,10.0,,4.2,5.7,,Não,Não,Fase 2 (5º e 6º ano),0.0,Sem limitações,Destaque: A sua boa entrega das lições de casa.,Melhorar: Empenhar-se mais nas aulas e avaliações.,Destaque: A sua boa integração aos Princípios Passos Mágicos.,0,0.21300533387322593,21.3
RA-396,2022,2,J,Aluno-396,2010.0,,12.0,Masculino,2022.0,Escola Pública,,,,,Ágata,,Ágata,6.556,6.556,,,637.0,111.0,4.0,3.0,9.0,8.0,6.3,5.6,6.556,5.0,,4.7,6.5,,Não,Não,Fase 3 (7º e 8º ano),-1.0,Requer avaliação,Destaque: A sua boa entrega das lições de casa.,Melhorar: Empenhar-se mais nas aulas e avaliações.,Melhorar: Integrar-se mais aos Princípios Passos Mágicos.,1,0.9414481961870638,94.14
RA-397,2022,2,J,Aluno-397,2008.0,,14.0,Feminino,2017.0,Escola Pública,,,Quartzo,Quartzo,Quartzo,,Quartzo,5.852,5.852,,,744.0,137.0,6.0,3.0,9.0,5.7,6.9,2.8,7.167,5.0,,3.3,2.3,,Não,Não,Fase 4 (9º ano),-2.0,Requer avaliação,Melhorar: Melhorar a sua entrega de lições de casa.,Melhorar: Empenhar-se mais nas aulas e avaliações.,Melhorar: Integrar-se mais aos Princípios Passos Mágicos.,1,0.9656921976050237,96.57
RA-398,2022,2,K,Aluno-398,2012.0,,10.0,Feminino,2022.0,Escola Pública,,,,,Ametista,,Ametista,7.742,7.742,,,221.0,35.0,2.0,3.0,9.0,9.3,7.5,5.5,7.5,10.0,,3.0,8.0,,Não,Não,Fase 2 (5º e 6º ano),0.0,Sem limitações,Destaque: A sua boa entrega das lições de casa.,Melhorar: Empenhar-se mais nas aulas e avaliações.,Destaque: A sua boa integração aos Princípios Passos Mágicos.,0,0.22327345132885967,22.33
RA-399,2022,2,K,Aluno-399,2010.0,,12.0,Feminino,2022.0,Escola Pública,,,,,Ágata,,Ágata,6.58,6.58,,,633.0,110.0,9.0,3.0,6.8,9.3,5.6,4.3,7.5,5.0,,3.0,5.5,,Não,Não,Fase 3 (7º e 8º ano),-1.0,Requer avaliação,Destaque: A sua boa entrega das lições de casa.,Melhorar: Empenhar-se mais nas aulas e avaliações.,Destaque: A sua boa integração aos Princípios Passos Mágicos.,1,0.9722452207607936,97.22
RA-400,2022,2,K,Aluno-400,2008.0,,14.0,Masculino,2018.0,Escola Pública,,,Ágata,Quartzo,Ágata,,Ágata,6.042,6.042,,,720.0,132.0,10.0,3.0,9.0,8.5,5.0,1.7,7.444,5.0,,1.2,2.2,,Não,Não,Fase 4 (9º ano),-2.0,Requer avaliação,Destaque: A sua boa entrega das lições de casa.,Melhorar: Empenhar-se mais nas aulas e avaliações.,Melhorar: Integrar-se mais aos Princípios Passos Mágicos.,1,0.9681635592223417,96.82
RA-401,2022,2,K,Aluno-401,2010.0,,12.0,Feminino,2021.0,Escola Pública,,,,Quartzo,Ágata,,Ágata,6.645,6.645,,,609.0,103.0,8.0,3.0,6.9,9.6,7.5,4.3,6.722,5.0,,3.7,5.0,,Não,Não,Fase 3 (7º e 8º ano),-1.0,Sem limitações,Destaque: A sua boa entrega das lições de casa.,Melhorar: Empenhar-se mais nas aulas e avaliações.,Melhorar: Integrar-se mais aos Princípios Passos Mágicos.,1,0.9049957943284322,90.5
RA-402,2022,2,K,Aluno-402,2010.0,,12.0,Feminino,2019.0,Escola Pública,,,Ágata,Ágata,Quartzo,,Quartzo,5.261,5.261,,,806.0,152.0,13.0,3.0,9.0,3.7,5.0,3.0,7.222,5.0,,4.3,1.7,,Não,Não,Fase 3 (7º e 8º ano),-1.0,Requer avaliação,Melhorar: Melhorar a sua entrega de lições de casa.,Melhorar: Empenhar-se mais nas aulas e avaliações.,Melhorar: Integrar-se mais aos Princípios Passos Mágicos.,1,0.9776152710675347,97.76
RA-403,2022,2,K,Aluno-403,2010.0,,12.0,Masculino,2020.0,Escola Pública,,,Ametista,Ametista,Ametista,,Ametista,7.455,7.455,,,334.0,50.0,4.0,3.0,9.5,9.3,7.5,6.3,7.5,5.0,,6.5,6.2,,Não,Não,Fase 3 (7º e 8º ano),-1.0,Sem limitações,Destaque: A sua boa entrega das lições de casa.,Melhorar: Empenhar-se mais nas aulas e avaliações.,Destaque: A sua boa integração aos Princípios Passos Mágicos.,1,0.6646122410242473,66.46
RA-404,2022,2,K,Aluno-404,2010.0,,12.0,Feminino,2020.0,Escola Pública,,,Ametista,Ágata,Ágata,,Ágata,6.658,6.658,,,602.0,100.0,7.0,3.0,9.0,7.3,7.5,5.3,6.944,5.0,,4.0,6.5,,Não,Não,Fase 3 (7º e 8º ano),-1.0,Sem limitações,Melhorar: Melhorar a sua entrega de lições de casa.,Melhorar: Empenhar-se mais nas aulas e avaliações.,Melhorar: Integrar-se mais aos Princípios Passos Mágicos.,1,0.9510974944752674,95.11
RA-405,2022,2,K,Aluno-405,2009.0,,13.0,Masculino,2016.0,Escola Pública,,,Quartzo,Quartzo,Quartzo,,Quartzo,5.661,5.661,,,769.0,142.0,12.0,3.0,9.5,6.2,5.0,3.3,6.0,5.0,,2.7,3.8,,Não,Não,Fase 3 (7º e 8º ano),-1.0,Requer avaliação,Melhorar: Melhorar a sua entrega de lições de casa.,Melhorar: Empenhar-se mais nas aulas e avaliações.,Melhorar: Integrar-se mais aos Princípios Passos Mágicos.,1,0.9668374270453939,96.68
RA-406,2022,2,K,Aluno-406,2009.0,,13.0,Feminino,2019.0,Escola Pública,,,Ametista,Ametista,Ametista,,Ametista,7.496,7.496,,,314.0,47.0,3.0,3.0,9.5,9.5,7.5,6.6,7.333,5.0,,5.4,7.8,,Não,Não,Fase 3 (7º e 8º ano),-1.0,Sem limitações,Destaque: A sua boa entrega das lições de casa.,Melhorar: Empenhar-se mais nas aulas e avaliações.,Melhorar: Integrar-se mais aos Princípios Passos Mágicos.,1,0.668342437428663,66.83
RA-407,2022,2,K,Aluno-407,2009.0,,13.0,Masculino,2022.0,Escola Pública,,,,,Ametista,,Ametista,7.195,7.195,,,431.0,64.0,5.0,3.0,8.5,9.3,7.5,6.0,7.056,5.0,,4.0,8.0,,Não,Não,Fase 3 (7º e 8º ano),-1.0,Sem limitações,Destaque: A sua boa entrega das lições de casa.,Melhorar: Empenhar-se mais nas aulas e avaliações.,Melhorar: Integrar-se mais aos Princípios Passos Mágicos.,1,0.7265999539462826,72.66
RA-408,2022,2,K,Aluno-408,2010.0,,12.0,Feminino,2022.0,Escola Pública,,,,,Ágata,,Ágata,6.725,6.725,,,578.0,94.0,6.0,3.0,8.0,9.7,7.5,3.3,7.333,5.0,,1.0,5.5,,Não,Não,Fase 3 (7º e 8º ano),-1.0,Sem limitações,Destaque: A sua boa entrega das lições de casa.,Melhorar: Empenhar-se mais nas aulas e avaliações.,Melhorar: Integrar-se mais aos Princípios Passos Mágicos.,1,0.8695746862121303,86.96
RA-409,2022,2,K,Aluno-409,2011.0,,11.0,Feminino,2022.0,Escola Pública,,,,,Topázio,,Topázio,8.15,8.15,,,99.0,13.0,1.0,3.0,7.9,9.7,7.5,7.8,7.5,10.0,,6.0,9.5,,Não,Não,Fase 2 (5º e 6º ano),0.0,Sem limitações,Destaque: A sua boa entrega das lições de casa.,Destaque: As suas boas notas na Passos Mágicos.,Destaque: A sua boa integração aos Princípios Passos Mágicos.,0,0.11908245221003778,11.91
RA-410,2022,2,K,Aluno-410,2008.0,,14.0,Masculino,2018.0,Escola Pública,,,Quartzo,Quartzo,Quartzo,,Quartzo,5.675,5.675,,,763.0,141.0,11.0,3.0,7.4,6.5,6.3,2.0,7.444,5.0,,2.0,2.0,,Não,Não,Fase 4 (9º ano),-2.0,Requer avaliação,Melhorar: Melhorar a sua entrega de lições de casa.,Melhorar: Empenhar-se mais nas aulas e avaliações.,Melhorar: Integrar-se mais aos Princípios Passos Mágicos.,1,0.971738776892384,97.17
RA-411,2022,2,L,Aluno-411,2010.0,,12.0,Feminino,2019.0,Escola Pública,,,Ametista,Ametista,Ametista,,Ametista,7.232,7.232,,,415.0,61.0,12.0,3.0,6.4,8.6,7.5,7.1,7.833,5.0,,6.7,7.5,,Não,Não,Fase 3 (7º e 8º ano),-1.0,Não atendido,Destaque: A sua boa entrega das lições de casa.,Melhorar: Empenhar-se mais nas aulas e avaliações.,Destaque: A sua boa integração aos Princípios Passos Mágicos.,1,0.8589052757134799,85.89
RA-412,2022,2,L,Aluno-412,2010.0,,12.0,Feminino,2018.0,Escola Pública,,,Ágata,Ágata,Ametista,,Ametista,7.556,7.556,,,292.0,45.0,8.0,3.0,8.5,9.0,7.5,7.3,7.778,5.0,,6.5,8.2,,Não,Não,Fase 3 (7º e 8º ano),-1.0,Não atendido,Destaque: A sua boa entrega das lições de casa.,Melhorar: Empenhar-se mais nas aulas e avaliações.,Destaque: A sua boa integração aos Princípios Passos Mágicos.,1,0.833779405102525,83.38
RA-413,2022,2,L,Aluno-413,2010.0,,12.0,Feminino,2022.0,Escola Pública,,,,,Ágata,,Ágata,6.408,6.408,,,660.0,120.0,15.0,3.0,6.4,8.7,5.6,4.7,7.056,5.0,,4.2,5.2,,Não,Não,Fase 3 (7º e 8º ano),-1.0,Requer avaliação,Destaque: A sua boa entrega das lições de casa.,Melhorar: Empenhar-se mais nas aulas e avaliações.,Melhorar: Integrar-se mais aos Princípios Passos Mágicos.,1,0.94169327223631,94.17
RA-414,2022,2,L,Aluno-414,2010.0,,12.0,Feminino,2021.0,Escola Pública,,,,Ágata,Ametista,,Ametista,7.284,7.284,,,399.0,58.0,11.0,3.0,8.0,9.3,7.5,5.9,7.667,5.0,,5.7,6.2,,Não,Não,Fase 3 (7º e 8º ano),-1.0,Não atendido,Destaque: A sua boa entrega das lições de casa.,Melhorar: Empenhar-se mais nas aulas e avaliações.,Destaque: A sua boa integração aos Princípios Passos Mágicos.,1,0.6762062292008576,67.62
RA-415,2022,2,L,Aluno-415,2011.0,,11.0,Feminino,2019.0,Escola Pública,,,Topázio,Ametista,Ametista,,Ametista,7.695,7.695,,,235.0,37.0,7.0,3.0,8.0,8.3,7.5,6.2,8.056,10.0,,4.8,7.5,,Não,Não,Fase 2 (5º e 6º ano),0.0,Não atendido,Destaque: A sua boa entrega das lições de casa.,Melhorar: Empenhar-se mais nas aulas e avaliações.,Destaque: A sua boa integração aos Princípios Passos Mágicos.,0,0.4264666561238787,42.65
RA-416,2022,2,L,Aluno-416,2010.0,,12.0,Masculino,2018.0,Rede Decisão,,,Ametista,Ametista,Ametista,,Ametista,7.913,7.913,,,164.0,23.0,6.0,3.0,9.5,9.3,8.8,7.2,8.222,5.0,,6.7,7.7,,Não,Não,Fase 3 (7º e 8º ano),-1.0,Sem limitações,Destaque: A sua boa entrega das lições de casa.,Melhorar: Empenhar-se mais nas aulas e avaliações.,Destaque: A sua boa integração aos Princípios Passos Mágicos.,0,0.4812125742059198,48.12
RA-417,2022,2,L,Aluno-417,2009.0,,13.0,Feminino,2022.0,Escola Pública,,,,,Topázio,,Topázio,8.428,8.428,,,43.0,4.0,2.0,3.0,10.0,10.0,7.5,8.0,9.556,5.0,,6.0,10.0,,Não,Sim,Fase 3 (7º e 8º ano),-1.0,Não atendido,Destaque: A sua boa entrega das lições de casa.,Destaque: As suas boas notas na Passos Mágicos.,Destaque: A sua boa integração aos Princípios Passos Mágicos.,1,0.587199903439778,58.72
RA-418,2022,2,L,Aluno-418,2012.0,,10.0,Feminino,2020.0,Rede Decisão,,,Topázio,Topázio,Topázio,,Topázio,8.175,8.175,,,93.0,12.0,3.0,3.0,8.0,9.4,7.5,7.5,8.222,10.0,,6.5,8.5,,Não,Não,Fase 2 (5º e 6º ano),0.0,Não atendido,Destaque: A sua boa entrega das lições de casa.,Destaque: As suas boas notas na Passos Mágicos.,Destaque: A sua boa integração aos Princípios Passos Mágicos.,0,0.10783358802743344,10.78
RA-419,2022,2,L,Aluno-419,2010.0,,12.0,Feminino,2019.0,Rede Decisão,,,Ametista,Ametista,Ametista,,Ametista,7.359,7.359,,,375.0,55.0,10.0,3.0,7.5,9.2,5.6,6.9,8.389,5.0,,5.3,8.5,,Não,Sim,Fase 3 (7º e 8º ano),-1.0,Requer avaliação,Destaque: A sua boa entrega das lições de casa.,Melhorar: Empenhar-se mais nas aulas e avaliações.,Destaque: A sua boa integração aos Princípios Passos Mágicos.,1,0.7269807190685288,72.7
RA-420,2022,2,L,Aluno-420,2011.0,,11.0,Feminino,2019.0,Rede Decisão,,,Topázio,Ametista,Ametista,,Ametista,7.461,7.461,,,331.0,49.0,9.0,3.0,9.5,9.0,5.6,4.5,8.0,10.0,,1.3,7.7,,Não,Não,Fase 2 (5º e 6º ano),0.0,Requer avaliação,Destaque: A sua boa entrega das lições de casa.,Melhorar: Empenhar-se mais nas aulas e avaliações.,Destaque: A sua boa integração aos Princípios Passos Mágicos.,0,0.36366897741653303,36.37
RA-421,2022,2,L,Aluno-421,2011.0,,11.0,Masculino,2021.0,Escola Pública,,,,Topázio,Topázio,,Topázio,8.717,8.717,,,14.0,2.0,1.0,3.0,8.5,9.3,7.5,8.8,9.111,10.0,,9.2,8.5,,Sim,Sim,Fase 2 (5º e 6º ano),0.0,Não atendido,Destaque: A sua boa entrega das lições de casa.,Destaque: As suas boas notas na Passos Mágicos.,Destaque: A sua boa integração aos Princípios Passos Mágicos.,0,0.44748735913144727,44.75
RA-422,2022,2,L,Aluno-422,2010.0,,12.0,Masculino,2022.0,Escola Pública,,,,,Ágata,,Ágata,6.746,6.746,,,569.0,90.0,13.0,3.0,8.5,10.0,7.5,2.5,7.5,5.0,,1.0,4.0,,Não,Não,Fase 3 (7º e 8º ano),-1.0,Não atendido,Destaque: A sua boa entrega das lições de casa.,Melhorar: Empenhar-se mais nas aulas e avaliações.,Destaque: A sua boa integração aos Princípios Passos Mágicos.,1,0.8983186510421891,89.83
RA-423,2022,2,L,Aluno-423,2010.0,,12.0,Feminino,2022.0,Escola Pública,,,,,Ágata,,Ágata,6.647,6.647,,,607.0,102.0,14.0,3.0,8.4,9.6,7.5,2.3,7.667,5.0,,0.5,4.0,,Não,Não,Fase 3 (7º e 8º ano),-1.0,Sem limitações,Destaque: A sua boa entrega das lições de casa.,Melhorar: Empenhar-se mais nas aulas e avaliações.,Destaque: A sua boa integração aos Princípios Passos Mágicos.,1,0.9394915032551983,93.95
RA-424,2022,2,L,Aluno-424,2010.0,,12.0,Feminino,2022.0,Escola Pública,,,,,Ametista,,Ametista,7.94,7.94,,,159.0,21.0,5.0,3.0,9.0,10.0,7.5,7.5,8.222,5.0,,10.0,5.0,,Não,Não,Fase 3 (7º e 8º ano),-1.0,Não atendido,Destaque: A sua boa entrega das lições de casa.,Destaque: As suas boas notas na Passos Mágicos.,Destaque: A sua boa integração aos Princípios Passos Mágicos.,1,0.7109685728995374,71.1
RA-425,2022,2,L,Aluno-425,2010.0,,12.0,Masculino,2022.0,Escola Pública,,,,,Topázio,,Topázio,8.117,8.117,,,110.0,15.0,4.0,3.0,9.0,10.0,7.5,9.0,7.5,5.0,,9.0,9.0,,Não,Não,Fase 3 (7º e 8º ano),-1.0,Não atendido,Destaque: A sua boa entrega das lições de casa.,Destaque: As suas boas notas na Passos Mágicos.,Destaque: A sua boa integração aos Princípios Passos Mágicos.,1,0.6149121477736328,61.49
RA-426,2022,2,M,Aluno-426,2008.0,,14.0,Feminino,2022.0,Escola Pública,,,,,Ágata,,Ágata,6.35,6.35,,,668.0,122.0,9.0,3.0,9.0,6.5,7.5,4.6,7.111,5.0,,2.3,6.8,,Não,Não,Fase 4 (9º ano),-2.0,Não atendido,Melhorar: Melhorar a sua entrega de lições de casa.,Melhorar: Empenhar-se mais nas aulas e avaliações.,Melhorar: Integrar-se mais aos Princípios Passos Mágicos.,1,0.9895895296278095,98.96
RA-427,2022,2,M,Aluno-427,2009.0,,13.0,Masculino,2022.0,Escola Pública,,,,,Ágata,,Ágata,6.245,6.245,,,696.0,128.0,11.0,3.0,8.0,8.5,7.5,2.5,6.778,5.0,,3.0,2.0,,Não,Não,Fase 3 (7º e 8º ano),-1.0,Não atendido,Destaque: A sua boa entrega das lições de casa.,Melhorar: Empenhar-se mais nas aulas e avaliações.,Melhorar: Integrar-se mais aos Princípios Passos Mágicos.,1,0.9832748104235048,98.33
RA-428,2022,2,M,Aluno-428,2009.0,,13.0,Masculino,2022.0,Escola Pública,,,,,Ametista,,Ametista,7.683,7.683,,,238.0,38.0,2.0,3.0,6.8,8.7,7.5,9.5,7.111,5.0,,10.0,9.0,,Não,Não,Fase 3 (7º e 8º ano),-1.0,Não atendido,Destaque: A sua boa entrega das lições de casa.,Destaque: As suas boas notas na Passos Mágicos.,Melhorar: Integrar-se mais aos Princípios Passos Mágicos.,1,0.7857840999922603,78.58
RA-429,2022,2,M,Aluno-429,2009.0,,13.0,Masculino,2019.0,Escola Pública,,,Ametista,Quartzo,Quartzo,,Quartzo,5.811,5.811,,,749.0,138.0,12.0,3.0,10.0,5.3,7.5,2.7,6.611,5.0,,2.8,2.5,,Não,Não,Fase 3 (7º e 8º ano),-1.0,Não atendido,Melhorar: Melhorar a sua entrega de lições de casa.,Melhorar: Empenhar-se mais nas aulas e avaliações.,Melhorar: Integrar-se mais aos Princípios Passos Mágicos.,1,0.9881017532586891,98.81
RA-430,2022,2,M,Aluno-430,2009.0,,13.0,Masculino,2022.0,Escola Pública,,,,,Ametista,,Ametista,7.585,7.585,,,281.0,43.0,3.0,3.0,9.5,8.6,7.5,8.5,6.611,5.0,,7.5,9.5,,Não,Não,Fase 3 (7º e 8º ano),-1.0,Não atendido,Destaque: A sua boa entrega das lições de casa.,Destaque: As suas boas notas na Passos Mágicos.,Melhorar: Integrar-se mais aos Princípios Passos Mágicos.,1,0.7446865613125023,74.47
RA-431,2022,2,M,Aluno-431,2011.0,,11.0,Masculino,2022.0,Escola Pública,,,,,Ametista,,Ametista,7.175,7.175,,,439.0,68.0,5.0,3.0,9.0,8.1,7.5,4.5,6.778,10.0,,5.0,4.0,,Não,Não,Fase 2 (5º e 6º ano),0.0,Não atendido,Destaque: A sua boa entrega das lições de casa.,Melhorar: Empenhar-se mais nas aulas e avaliações.,Melhorar: Integrar-se mais aos Princípios Passos Mágicos.,0,0.3938087278709814,39.38
RA-432,2022,2,M,Aluno-432,2008.0,,14.0,Feminino,2019.0,Escola Pública,,,Quartzo,Quartzo,Ágata,,Ágata,6.34,6.34,,,672.0,123.0,10.0,3.0,10.0,6.8,5.0,5.1,6.611,5.0,,5.7,4.5,,Não,Não,Fase 4 (9º ano),-2.0,Requer avaliação,Melhorar: Melhorar a sua entrega de lições de casa.,Melhorar: Empenhar-se mais nas aulas e avaliações.,Melhorar: Integrar-se mais aos Princípios Passos Mágicos.,1,0.952222794119568,95.22
RA-433,2022,2,M,Aluno-433,2010.0,,12.0,Masculino,2022.0,Escola Pública,,,,,Quartzo,,Quartzo,5.557,5.557,,,780.0,146.0,13.0,3.0,8.5,7.3,5.0,2.6,5.778,5.0,,2.2,3.0,,Não,Não,Fase 3 (7º e 8º ano),-1.0,Requer avaliação,Melhorar: Melhorar a sua entrega de lições de casa.,Melhorar: Empenhar-se mais nas aulas e avaliações.,Melhorar: Integrar-se mais aos Princípios Passos Mágicos.,1,0.9234732173136919,92.35
RA-434,2022,2,M,Aluno-434,2011.0,,11.0,Masculino,2022.0,Escola Pública,,,,,Ametista,,Ametista,7.403,7.403,,,360.0,52.0,4.0,3.0,9.0,8.1,7.5,5.7,6.778,10.0,,4.8,6.5,,Não,Não,Fase 2 (5º e 6º ano),0.0,Sem limitações,Destaque: A sua boa entrega das lições de casa.,Melhorar: Empenhar-se mais nas aulas e avaliações.,Melhorar: Integrar-se mais aos Princípios Passos Mágicos.,0,0.2671476341661309,26.71
RA-435,2022,2,M,Aluno-435,2012.0,,10.0,Feminino,2022.0,Escola Pública,,,,,Ágata,,Ágata,6.599,6.599,,,627.0,109.0,8.0,3.0,7.9,6.2,7.5,4.7,6.444,10.0,,3.7,5.7,,Não,Não,Fase 2 (5º e 6º ano),0.0,Sem limitações,Melhorar: Melhorar a sua entrega de lições de casa.,Melhorar: Empenhar-se mais nas aulas e avaliações.,Melhorar: Integrar-se mais aos Princípios Passos Mágicos.,1,0.9378278879507015,93.78
RA-436,2022,2,M,Aluno-436,2011.0,,11.0,Masculino,2022.0,Escola Pública,,,,,Ágata,,Ágata,6.687,6.687,,,592.0,98.0,7.0,3.0,9.5,8.1,7.5,2.0,6.611,10.0,,4.0,0.0,,Não,Não,Fase 2 (5º e 6º ano),0.0,Sem limitações,Destaque: A sua boa entrega das lições de casa.,Melhorar: Empenhar-se mais nas aulas e avaliações.,Melhorar: Integrar-se mais aos Princípios Passos Mágicos.,1,0.8134144064748129,81.34
RA-437,2022,2,M,Aluno-437,2009.0,,13.0,Masculino,2022.0,Escola Pública,,,,,Ágata,,Ágata,6.875,6.875,,,531.0,82.0,6.0,3.0,8.5,8.3,7.5,5.8,6.611,5.0,,6.0,5.5,,Não,Não,Fase 3 (7º e 8º ano),-1.0,Sem limitações,Destaque: A sua boa entrega das lições de casa.,Melhorar: Empenhar-se mais nas aulas e avaliações.,Melhorar: Integrar-se mais aos Princípios Passos Mágicos.,1,0.8955393354752172,89.55
RA-438,2022,2,M,Aluno-438,2012.0,,10.0,Masculino,2022.0,Escola Pública,,,,,Ametista,,Ametista,7.764,7.764,,,213.0,33.0,1.0,3.0,8.0,8.7,7.5,7.3,6.889,10.0,,6.5,8.0,,Não,Não,Fase 2 (5º e 6º ano),0.0,Sem limitações,Destaque: A sua boa entrega das lições de casa.,Melhorar: Empenhar-se mais nas aulas e avaliações.,Melhorar: Integrar-se mais aos Princípios Passos Mágicos.,0,0.4400792184924837,44.01
RA-439,2022,2,M,Aluno-439,2010.0,,12.0,Masculino,2022.0,Escola Pública,,,,,Quartzo,,Quartzo,5.519,5.519,,,789.0,147.0,14.0,3.0,9.0,4.9,7.5,2.3,6.5,5.0,,3.2,1.3,,Não,Não,Fase 3 (7º e 8º ano),-1.0,Sem limitações,Melhorar: Melhorar a sua entrega de lições de casa.,Melhorar: Empenhar-se mais nas aulas e avaliações.,Melhorar: Integrar-se mais aos Princípios Passos Mágicos.,1,0.9746973811191314,97.47
RA-440,2022,2,P,Aluno-440,2011.0,,11.0,Masculino,2022.0,Escola Pública,,,,,Ametista,,Ametista,7.329,7.329,,,382.0,56.0,6.0,3.0,9.5,9.0,6.9,5.5,5.833,10.0,,6.0,5.0,,Não,Não,Fase 2 (5º e 6º ano),0.0,Não atendido,Destaque: A sua boa entrega das lições de casa.,Melhorar: Empenhar-se mais nas aulas e avaliações.,Melhorar: Integrar-se mais aos Princípios Passos Mágicos.,0,0.41262999046925264,41.26
RA-441,2022,2,P,Aluno-441,2011.0,,11.0,Feminino,2019.0,Escola Pública,,,Topázio,Topázio,Topázio,,Topázio,8.188,8.188,,,87.0,11.0,2.0,3.0,9.0,7.9,7.5,8.0,8.333,10.0,,8.0,8.0,,Não,Não,Fase 2 (5º e 6º ano),0.0,Não atendido,Destaque: A sua boa entrega das lições de casa.,Destaque: As suas boas notas na Passos Mágicos.,Destaque: A sua boa integração aos Princípios Passos Mágicos.,0,0.1462535964361115,14.63
RA-442,2022,2,P,Aluno-442,2011.0,,11.0,Feminino,2022.0,Escola Pública,,,,,Topázio,,Topázio,8.226,8.226,,,78.0,8.0,1.0,3.0,10.0,8.2,7.5,7.5,8.222,10.0,,9.0,6.0,,Não,Não,Fase 2 (5º e 6º ano),0.0,Não atendido,Destaque: A sua boa entrega das lições de casa.,Destaque: As suas boas notas na Passos Mágicos.,Destaque: A sua boa integração aos Princípios Passos Mágicos.,0,0.3893768221279395,38.94
RA-443,2022,2,P,Aluno-443,2009.0,,13.0,Feminino,2019.0,Escola Pública,,,Ametista,Ametista,Ametista,,Ametista,7.482,7.482,,,321.0,48.0,4.0,3.0,9.0,9.1,7.5,5.6,8.5,5.0,,8.0,3.2,,Sim,Sim,Fase 3 (7º e 8º ano),-1.0,Não atendido,Destaque: A sua boa entrega das lições de casa.,Melhorar: Empenhar-se mais nas aulas e avaliações.,Destaque: A sua boa integração aos Princípios Passos Mágicos.,1,0.7007369545751154,70.07
RA-444,2022,2,P,Aluno-444,2011.0,,11.0,Masculino,2018.0,Escola Pública,,,Ágata,Ametista,Ágata,,Ágata,6.665,6.665,,,601.0,99.0,8.0,3.0,9.0,7.2,5.0,3.1,7.778,10.0,,1.5,4.7,,Não,Não,Fase 2 (5º e 6º ano),0.0,Requer avaliação,Melhorar: Melhorar a sua entrega de lições de casa.,Melhorar: Empenhar-se mais nas aulas e avaliações.,Destaque: A sua boa integração aos Princípios Passos Mágicos.,1,0.6413646832988451,64.14
RA-445,2022,2,P,Aluno-445,2010.0,,12.0,Masculino,2022.0,Escola Pública,,,,,Ágata,,Ágata,6.924,6.924,,,518.0,79.0,7.0,3.0,9.0,9.4,7.5,3.8,7.5,5.0,,0.0,7.5,,Não,Não,Fase 3 (7º e 8º ano),-1.0,Não atendido,Destaque: A sua boa entrega das lições de casa.,Melhorar: Empenhar-se mais nas aulas e avaliações.,Destaque: A sua boa integração aos Princípios Passos Mágicos.,1,0.8503644821493996,85.04
RA-446,2022,2,P,Aluno-446,2009.0,,13.0,Feminino,2018.0,Escola Pública,,,Ágata,Quartzo,Ametista,,Ametista,7.367,7.367,,,373.0,54.0,5.0,3.0,9.5,8.9,5.0,6.9,7.889,5.0,,6.3,7.5,,Não,Não,Fase 3 (7º e 8º ano),-1.0,Requer avaliação,Destaque: A sua boa entrega das lições de casa.,Melhorar: Empenhar-se mais nas aulas e avaliações.,Destaque: A sua boa integração aos Princípios Passos Mágicos.,1,0.7703017668243127,77.03
RA-447,2022,2,P,Aluno-447,2012.0,,10.0,Feminino,2022.0,Escola Pública,,,,,Quartzo,,Quartzo,5.607,5.607,,,773.0,144.0,10.0,3.0,0.0,7.0,7.5,3.5,5.556,10.0,,7.0,0.0,,Não,Não,Fase 2 (5º e 6º ano),0.0,Não atendido,Melhorar: Melhorar a sua entrega de lições de casa.,Melhorar: Empenhar-se mais nas aulas e avaliações.,Melhorar: Integrar-se mais aos Princípios Passos Mágicos.,1,0.5030021423345613,50.3
RA-448,2022,2,P,Aluno-448,2011.0,,11.0,Feminino,2022.0,Escola Pública,,,,,Ametista,,Ametista,7.972,7.972,,,150.0,19.0,3.0,3.0,9.0,9.7,7.5,5.5,8.111,10.0,,5.0,6.0,,Não,Não,Fase 2 (5º e 6º ano),0.0,Não atendido,Destaque: A sua boa entrega das lições de casa.,Melhorar: Empenhar-se mais nas aulas e avaliações.,Destaque: A sua boa integração aos Princípios Passos Mágicos.,0,0.19374435983849864,19.37
RA-449,2022,2,P,Aluno-449,2010.0,,12.0,Feminino,2022.0,Escola Pública,,,,,Ágata,,Ágata,6.143,6.143,,,703.0,129.0,9.0,3.0,0.0,6.0,7.5,7.0,8.111,5.0,,6.0,8.0,,Não,Não,Fase 3 (7º e 8º ano),-1.0,Não atendido,Melhorar: Melhorar a sua entrega de lições de casa.,Melhorar: Empenhar-se mais nas aulas e avaliações.,Destaque: A sua boa integração aos Princípios Passos Mágicos.,1,0.8701981327593812,87.02
RA-450,2022,2,Q,Aluno-450,2009.0,,13.0,Masculino,2021.0,Escola Pública,,,,Ágata,Ametista,,Ametista,7.843,7.843,,,188.0,29.0,2.0,3.0,10.0,9.1,7.5,7.5,8.111,5.0,,6.8,8.2,,Não,Não,Fase 3 (7º e 8º ano),-1.0,Não atendido,Destaque: A sua boa entrega das lições de casa.,Melhorar: Empenhar-se mais nas aulas e avaliações.,Destaque: A sua boa integração aos Princípios Passos Mágicos.,1,0.7955399772150126,79.55
RA-451,2022,2,Q,Aluno-451,2009.0,,13.0,Feminino,2019.0,Escola Pública,,,Ametista,Quartzo,Ágata,,Ágata,6.434,6.434,,,654.0,117.0,9.0,3.0,9.0,6.0,6.3,6.1,6.889,5.0,,3.1,9.2,,Não,Não,Fase 3 (7º e 8º ano),-1.0,Requer avaliação,Melhorar: Melhorar a sua entrega de lições de casa.,Melhorar: Empenhar-se mais nas aulas e avaliações.,Melhorar: Integrar-se mais aos Princípios Passos Mágicos.,1,0.9333522884006638,93.34
RA-452,2022,2,Q,Aluno-452,2009.0,,13.0,Feminino,2021.0,Escola Pública,,,,Ametista,Ágata,,Ágata,6.287,6.287,,,690.0,127.0,10.0,3.0,9.0,5.6,7.5,4.8,7.167,5.0,,5.0,4.5,,Não,Não,Fase 3 (7º e 8º ano),-1.0,Não atendido,Melhorar: Melhorar a sua entrega de lições de casa.,Melhorar: Empenhar-se mais nas aulas e avaliações.,Melhorar: Integrar-se mais aos Princípios Passos Mágicos.,1,0.9711123044542306,97.11
RA-453,2022,2,Q,Aluno-453,2009.0,,13.0,Feminino,2022.0,Escola Pública,,,,,Ametista,,Ametista,7.845,7.845,,,187.0,28.0,1.0,3.0,9.0,8.7,7.5,8.8,7.778,5.0,,8.0,9.5,,Não,Não,Fase 3 (7º e 8º ano),-1.0,Não atendido,Destaque: A sua boa entrega das lições de casa.,Destaque: As suas boas notas na Passos Mágicos.,Destaque: A sua boa integração aos Princípios Passos Mágicos.,1,0.8078263705858484,80.78
RA-454,2022,2,Q,Aluno-454,2008.0,,14.0,Masculino,2018.0,Escola Pública,,,Quartzo,Ágata,Quartzo,,Quartzo,5.561,5.561,,,779.0,145.0,12.0,3.0,9.5,8.6,5.0,2.3,5.444,5.0,,0.0,4.7,,Não,Não,Fase 4 (9º ano),-2.0,Não indicado,Destaque: A sua boa entrega das lições de casa.,Melhorar: Empenhar-se mais nas aulas e avaliações.,Melhorar: Integrar-se mais aos Princípios Passos Mágicos.,1,0.9715062844161665,97.15
RA-455,2022,2,Q,Aluno-455,2010.0,,12.0,Feminino,2022.0,Escola Pública,,,,,Ágata,,Ágata,6.876,6.876,,,529.0,81.0,6.0,3.0,7.0,7.9,7.5,6.3,7.278,5.0,,6.0,6.5,,Não,Não,Fase 3 (7º e 8º ano),-1.0,Não atendido,Destaque: A sua boa entrega das lições de casa.,Melhorar: Empenhar-se mais nas aulas e avaliações.,Melhorar: Integrar-se mais aos Princípios Passos Mágicos.,1,0.9296050036023096,92.96
RA-456,2022,2,Q,Aluno-456,2010.0,,12.0,Feminino,2022.0,Escola Pública,,,,,Ametista,,Ametista,7.193,7.193,,,432.0,65.0,5.0,3.0,6.4,8.2,6.3,7.3,8.389,5.0,,6.0,8.7,,Não,Sim,Fase 3 (7º e 8º ano),-1.0,Requer avaliação,Destaque: A sua boa entrega das lições de casa.,Melhorar: Empenhar-se mais nas aulas e avaliações.,Destaque: A sua boa integração aos Princípios Passos Mágicos.,1,0.7919173372040049,79.19
RA-457,2022,2,Q,Aluno-457,2010.0,,12.0,Feminino,2022.0,Escola Pública,,,,,Ametista,,Ametista,7.68,7.68,,,240.0,40.0,3.0,3.0,8.0,8.8,7.5,8.5,7.667,5.0,,7.0,10.0,,Não,Não,Fase 3 (7º e 8º ano),-1.0,Não atendido,Destaque: A sua boa entrega das lições de casa.,Destaque: As suas boas notas na Passos Mágicos.,Destaque: A sua boa integração aos Princípios Passos Mágicos.,1,0.7867006892731381,78.67
RA-458,2022,2,Q,Aluno-458,2009.0,,13.0,Masculino,2019.0,Escola Pública,,,Ametista,Quartzo,Ágata,,Ágata,6.512,6.512,,,642.0,113.0,8.0,3.0,8.0,7.7,7.5,5.6,5.833,5.0,,4.7,6.5,,Não,Não,Fase 3 (7º e 8º ano),-1.0,Não atendido,Destaque: A sua boa entrega das lições de casa.,Melhorar: Empenhar-se mais nas aulas e avaliações.,Melhorar: Integrar-se mais aos Princípios Passos Mágicos.,1,0.8876293229751399,88.76
RA-459,2022,2,Q,Aluno-459,2010.0,,12.0,Masculino,2019.0,Escola Pública,,,Ametista,Ametista,Ametista,,Ametista,7.28,7.28,,,401.0,59.0,4.0,3.0,7.0,9.1,8.1,7.3,7.222,5.0,,5.3,9.2,,Não,Não,Fase 3 (7º e 8º ano),-1.0,Sem limitações,Destaque: A sua boa entrega das lições de casa.,Melhorar: Empenhar-se mais nas aulas e avaliações.,Melhorar: Integrar-se mais aos Princípios Passos Mágicos.,1,0.7729931768924021,77.3
RA-460,2022,2,Q,Aluno-460,2010.0,,12.0,Masculino,2022.0,Escola Pública,,,,,Quartzo,,Quartzo,5.711,5.711,,,758.0,140.0,11.0,3.0,6.8,8.1,7.5,3.3,5.056,5.0,,0.5,6.0,,Não,Não,Fase 3 (7º e 8º ano),-1.0,Não atendido,Destaque: A sua boa entrega das lições de casa.,Melhorar: Empenhar-se mais nas aulas e avaliações.,Melhorar: Integrar-se mais aos Princípios Passos Mágicos.,1,0.9283981372106926,92.84
RA-461,2022,2,Q,Aluno-461,2010.0,,12.0,Feminino,2018.0,Escola Pública,,,Ametista,Ametista,Quartzo,,Quartzo,5.451,5.451,,,792.0,149.0,13.0,3.0,0.0,6.7,7.5,3.8,7.222,5.0,,1.5,6.2,,Não,Não,Fase 3 (7º e 8º ano),-1.0,Sem limitações,Melhorar: Melhorar a sua entrega de lições de casa.,Melhorar: Empenhar-se mais nas aulas e avaliações.,Melhorar: Integrar-se mais aos Princípios Passos Mágicos.,1,0.9085878965494161,90.86
RA-462,2022,2,Q,Aluno-462,2008.0,,14.0,Masculino,2022.0,Escola Pública,,,,,Ágata,,Ágata,6.626,6.626,,,616.0,106.0,7.0,3.0,10.0,8.5,7.5,3.6,6.778,5.0,,2.0,5.2,,Não,Não,Fase 4 (9º ano),-2.0,Sem limitações,Destaque: A sua boa entrega das lições de casa.,Melhorar: Empenhar-se mais nas aulas e avaliações.,Melhorar: Integrar-se mais aos Princípios Passos Mágicos.,1,0.9641118131155837,96.41
RA-463,2022,2,U,Aluno-463,2010.0,,12.0,Feminino,2020.0,Escola Pública,,,Quartzo,Quartzo,Ágata,,Ágata,6.41,6.41,,,658.0,119.0,11.0,3.0,10.0,7.8,7.5,2.5,7.389,5.0,,2.0,3.0,,Não,Não,Fase 3 (7º e 8º ano),-1.0,Não atendido,Destaque: A sua boa entrega das lições de casa.,Melhorar: Empenhar-se mais nas aulas e avaliações.,Melhorar: Integrar-se mais aos Princípios Passos Mágicos.,1,0.9794280758845608,97.94
RA-464,2022,2,U,Aluno-464,2009.0,,13.0,Feminino,2022.0,Escola Pública,,,,,Ágata,,Ágata,6.745,6.745,,,570.0,91.0,7.0,3.0,7.5,8.0,7.5,4.8,7.722,5.0,,2.7,7.0,,Não,Não,Fase 3 (7º e 8º ano),-1.0,Não atendido,Destaque: A sua boa entrega das lições de casa.,Melhorar: Empenhar-se mais nas aulas e avaliações.,Destaque: A sua boa integração aos Princípios Passos Mágicos.,1,0.9081092690334914,90.81
RA-465,2022,2,U,Aluno-465,2011.0,,11.0,Masculino,2019.0,Escola Pública,,,Topázio,Ametista,Ametista,,Ametista,8.012,8.012,,,139.0,18.0,1.0,3.0,8.0,7.9,7.5,7.8,8.444,10.0,,9.3,6.3,,Não,Sim,Fase 2 (5º e 6º ano),0.0,Não atendido,Destaque: A sua boa entrega das lições de casa.,Destaque: As suas boas notas na Passos Mágicos.,Destaque: A sua boa integração aos Princípios Passos Mágicos.,0,0.32672180438379456,32.67
RA-466,2022,2,U,Aluno-466,2009.0,,13.0,Masculino,2022.0,Escola Pública,,,,,Ágata,,Ágata,6.826,6.826,,,546.0,85.0,6.0,3.0,8.5,9.7,7.5,3.3,7.556,5.0,,0.5,6.0,,Não,Não,Fase 3 (7º e 8º ano),-1.0,Não atendido,Destaque: A sua boa entrega das lições de casa.,Melhorar: Empenhar-se mais nas aulas e avaliações.,Destaque: A sua boa integração aos Princípios Passos Mágicos.,1,0.869073177096935,86.91
RA-467,2022,2,U,Aluno-467,2009.0,,13.0,Feminino,2022.0,Escola Pública,,,,,Ágata,,Ágata,6.38,6.38,,,664.0,121.0,12.0,3.0,5.8,8.4,5.0,5.5,7.111,5.0,,5.0,6.0,,Não,Não,Fase 3 (7º e 8º ano),-1.0,Requer avaliação,Destaque: A sua boa entrega das lições de casa.,Melhorar: Empenhar-se mais nas aulas e avaliações.,Melhorar: Integrar-se mais aos Princípios Passos Mágicos.,1,0.9421395564384387,94.21
RA-468,2022,2,U,Aluno-468,2009.0,,13.0,Masculino,2022.0,Escola Pública,,,,,Ágata,,Ágata,6.313,6.313,,,682.0,125.0,13.0,3.0,9.5,6.7,7.5,4.1,6.722,5.0,,4.5,3.7,,Não,Não,Fase 3 (7º e 8º ano),-1.0,Não atendido,Melhorar: Melhorar a sua entrega de lições de casa.,Melhorar: Empenhar-se mais nas aulas e avaliações.,Melhorar: Integrar-se mais aos Princípios Passos Mágicos.,1,0.9626203396381992,96.26
RA-469,2022,2,U,Aluno-469,2011.0,,11.0,Feminino,2022.0,Escola Pública,,,,,Ametista,,Ametista,7.624,7.624,,,263.0,41.0,2.0,3.0,9.0,9.6,5.0,5.7,7.833,10.0,,6.2,5.2,,Não,Não,Fase 2 (5º e 6º ano),0.0,Requer avaliação,Destaque: A sua boa entrega das lições de casa.,Melhorar: Empenhar-se mais nas aulas e avaliações.,Destaque: A sua boa integração aos Princípios Passos Mágicos.,0,0.32517951478026447,32.52
RA-470,2022,2,U,Aluno-470,2009.0,,13.0,Feminino,2019.0,Escola Pública,,,Ametista,Ametista,Ametista,,Ametista,7.378,7.378,,,369.0,53.0,3.0,3.0,8.0,9.7,7.5,6.3,7.5,5.0,,5.3,7.3,,Não,Não,Fase 3 (7º e 8º ano),-1.0,Não atendido,Destaque: A sua boa entrega das lições de casa.,Melhorar: Empenhar-se mais nas aulas e avaliações.,Destaque: A sua boa integração aos Princípios Passos Mágicos.,1,0.6900830648199557,69.01
RA-471,2022,2,U,Aluno-471,2009.0,,13.0,Feminino,2020.0,Escola Pública,,,Ágata,Ágata,Ágata,,Ágata,6.535,6.535,,,639.0,112.0,9.0,3.0,3.5,8.5,5.0,6.3,8.056,5.0,,5.7,6.8,,Não,Não,Fase 3 (7º e 8º ano),-1.0,Requer avaliação,Destaque: A sua boa entrega das lições de casa.,Melhorar: Empenhar-se mais nas aulas e avaliações.,Destaque: A sua boa integração aos Princípios Passos Mágicos.,1,0.896562306156093,89.66
RA-472,2022,2,U,Aluno-472,2010.0,,12.0,Feminino,2022.0,Escola Pública,,,,,Quartzo,,Quartzo,5.93,5.93,,,735.0,133.0,14.0,3.0,9.0,7.0,7.5,2.0,7.056,5.0,,1.8,2.2,,Não,Não,Fase 3 (7º e 8º ano),-1.0,Não atendido,Melhorar: Melhorar a sua entrega de lições de casa.,Melhorar: Empenhar-se mais nas aulas e avaliações.,Melhorar: Integrar-se mais aos Princípios Passos Mágicos.,1,0.9853127989141425,98.53
RA-473,2022,2,U,Aluno-473,2010.0,,12.0,Masculino,2019.0,Escola Pública,,,Ametista,Ametista,Quartzo,,Quartzo,5.915,5.915,,,737.0,134.0,15.0,3.0,8.0,6.1,7.5,4.3,5.889,5.0,,4.5,4.0,,Não,Não,Fase 3 (7º e 8º ano),-1.0,Não atendido,Melhorar: Melhorar a sua entrega de lições de casa.,Melhorar: Empenhar-se mais nas aulas e avaliações.,Melhorar: Integrar-se mais aos Princípios Passos Mágicos.,1,0.9582291930924667,95.82
RA-474,2022,2,U,Aluno-474,2009.0,,13.0,Masculino,2019.0,Escola Pública,,,Ametista,Ametista,Ágata,,Ágata,6.446,6.446,,,650.0,115.0,10.0,3.0,9.5,9.1,7.5,3.0,6.0,5.0,,1.3,4.7,,Não,Não,Fase 3 (7º e 8º ano),-1.0,Não atendido,Destaque: A sua boa entrega das lições de casa.,Melhorar: Empenhar-se mais nas aulas e avaliações.,Melhorar: Integrar-se mais aos Princípios Passos Mágicos.,1,0.9411708248604637,94.12
RA-475,2022,2,U,Aluno-475,2010.0,,12.0,Feminino,2022.0,Escola Pública,,,,,Ametista,,Ametista,7.199,7.199,,,430.0,63.0,4.0,3.0,8.5,9.2,7.5,5.8,7.667,5.0,,3.3,8.3,,Não,Não,Fase 3 (7º e 8º ano),-1.0,Não atendido,Destaque: A sua boa entrega das lições de casa.,Melhorar: Empenhar-se mais nas aulas e avaliações.,Destaque: A sua boa integração aos Princípios Passos Mágicos.,1,0.7383542218314593,73.84
RA-476,2022,2,U,Aluno-476,2010.0,,12.0,Feminino,2019.0,Escola Pública,,,Ágata,Ametista,Ágata,,Ágata,6.931,6.931,,,513.0,78.0,5.0,3.0,9.0,9.3,4.4,5.5,7.556,5.0,,5.0,6.0,,Não,Não,Fase 3 (7º e 8º ano),-1.0,Requer avaliação,Destaque: A sua boa entrega das lições de casa.,Melhorar: Empenhar-se mais nas aulas e avaliações.,Destaque: A sua boa integração aos Princípios Passos Mágicos.,1,0.905596325674899,90.56
RA-477,2022,2,U,Aluno-477,2009.0,,13.0,Masculino,2022.0,Escola Pública,,,,,Quartzo,,Quartzo,3.633,3.633,,,860.0,155.0,16.0,3.0,0.0,5.0,5.6,0.7,4.5,5.0,,0.3,1.0,,Não,Não,Fase 3 (7º e 8º ano),-1.0,Requer avaliação,Melhorar: Melhorar a sua entrega de lições de casa.,Melhorar: Empenhar-se mais nas aulas e avaliações.,Melhorar: Integrar-se mais aos Princípios Passos Mágicos.,1,0.7685305125444714,76.85
RA-478,2022,2,U,Aluno-478,2010.0,,12.0,Feminino,2019.0,Escola Pública,,,Ametista,Ametista,Ágata,,Ágata,6.709,6.709,,,588.0,96.0,8.0,3.0,8.5,9.1,5.6,4.9,7.056,5.0,,3.8,6.0,,Não,Não,Fase 3 (7º e 8º ano),-1.0,Requer avaliação,Destaque: A sua boa entrega das lições de casa.,Melhorar: Empenhar-se mais nas aulas e avaliações.,Melhorar: Integrar-se mais aos Princípios Passos Mágicos.,1,0.9190951658866987,91.91
RA-479,2022,1,A,Aluno-479,2012.0,,10.0,Masculino,2020.0,Rede Decisão,,,Topázio,Topázio,Topázio,,Topázio,8.465,8.465,,,40.0,5.0,1.0,3.0,8.0,9.2,7.5,9.8,9.5,5.0,,10.0,9.7,,Não,Sim,Fase 2 (5º e 6º ano),-1.0,Sem limitações,Destaque: A sua boa entrega das lições de casa.,Destaque: As suas boas notas na Passos Mágicos.,Destaque: A sua boa integração aos Princípios Passos Mágicos.,1,0.7434264831451235,74.34
RA-480,2022,1,A,Aluno-480,2012.0,,10.0,Feminino,2021.0,Escola Pública,,,,Ametista,Ametista,,Ametista,7.502,7.502,,,309.0,81.0,6.0,3.0,9.0,8.8,7.5,6.3,8.444,5.0,,6.8,5.7,,Sim,Sim,Fase 2 (5º e 6º ano),-1.0,Não atendido,Destaque: A sua boa entrega das lições de casa.,Melhorar: Empenhar-se mais nas aulas e avaliações.,Destaque: A sua boa integração aos Princípios Passos Mágicos.,1,0.8973270710838669,89.73
RA-481,2022,1,A,Aluno-481,2013.0,,9.0,Masculino,2021.0,Escola Pública,,,,Topázio,Ametista,,Ametista,7.21,7.21,,,424.0,109.0,9.0,3.0,9.0,8.0,7.5,5.2,6.889,10.0,,5.7,4.7,,Não,Não,Fase 1 (4º ano),0.0,Não atendido,Destaque: A sua boa entrega das lições de casa.,Melhorar: Empenhar-se mais nas aulas e avaliações.,Melhorar: Integrar-se mais aos Princípios Passos Mágicos.,1,0.6716599977986051,67.17
RA-482,2022,1,A,Aluno-482,2011.0,,11.0,Masculino,2021.0,Escola Pública,,,,Ametista,Ágata,,Ágata,6.866,6.866,,,532.0,134.0,10.0,3.0,10.0,7.9,7.5,5.5,6.833,5.0,,4.3,6.7,,Não,Não,Fase 2 (5º e 6º ano),-1.0,Não atendido,Destaque: A sua boa entrega das lições de casa.,Melhorar: Empenhar-se mais nas aulas e avaliações.,Melhorar: Integrar-se mais aos Princípios Passos Mágicos.,1,0.968261720204988,96.83
RA-483,2022,1,A,Aluno-483,2011.0,,11.0,Feminino,2019.0,Escola Pública,,,Ametista,Ágata,Quartzo,,Quartzo,5.263,5.263,,,805.0,185.0,13.0,3.0,9.0,4.8,5.0,2.4,6.833,5.0,,2.0,2.8,,Não,Não,Fase 2 (5º e 6º ano),-1.0,Requer avaliação,Melhorar: Melhorar a sua entrega de lições de casa.,Melhorar: Empenhar-se mais nas aulas e avaliações.,Melhorar: Integrar-se mais aos Princípios Passos Mágicos.,1,0.975961021103185,97.6
RA-484,2022,1,A,Aluno-484,2011.0,,11.0,Masculino,2022.0,Escola Pública,,,,,Ágata,,Ágata,6.71,6.71,,,587.0,144.0,11.0,3.0,9.5,8.7,5.0,6.5,6.389,5.0,,8.0,5.0,,Não,Não,Fase 2 (5º e 6º ano),-1.0,Requer avaliação,Destaque: A sua boa entrega das lições de casa.,Melhorar: Empenhar-se mais nas aulas e avaliações.,Melhorar: Integrar-se mais aos Princípios Passos Mágicos.,1,0.9702919086005768,97.03
RA-485,2022,1,A,Aluno-485,2012.0,,10.0,Masculino,2020.0,Escola Pública,,,Topázio,Ágata,Quartzo,,Quartzo,4.742,4.742,,,837.0,191.0,14.0,3.0,9.5,4.0,7.5,1.2,5.444,5.0,,1.0,1.3,,Não,Não,Fase 2 (5º e 6º ano),-1.0,Não atendido,Melhorar: Melhorar a sua entrega de lições de casa.,Melhorar: Empenhar-se mais nas aulas e avaliações.,Melhorar: Integrar-se mais aos Princípios Passos Mágicos.,1,0.899285879024695,89.93
RA-486,2022,1,A,Aluno-486,2012.0,,10.0,Feminino,2020.0,Escola Pública,,,Topázio,Topázio,Ametista,,Ametista,7.621,7.621,,,264.0,68.0,4.0,3.0,10.0,9.9,7.5,7.3,7.222,5.0,,6.7,7.8,,Não,Não,Fase 2 (5º e 6º ano),-1.0,Não atendido,Destaque: A sua boa entrega das lições de casa.,Melhorar: Empenhar-se mais nas aulas e avaliações.,Melhorar: Integrar-se mais aos Princípios Passos Mágicos.,1,0.8283077688077376,82.83
RA-487,2022,1,A,Aluno-487,2012.0,,10.0,Feminino,2019.0,Rede Decisão,,,Topázio,Topázio,Topázio,,Topázio,8.417,8.417,,,45.0,6.0,2.0,3.0,7.5,9.7,7.5,9.6,9.333,5.0,,9.7,9.5,,Não,Sim,Fase 2 (5º e 6º ano),-1.0,Não atendido,Destaque: A sua boa entrega das lições de casa.,Destaque: As suas boas notas na Passos Mágicos.,Destaque: A sua boa integração aos Princípios Passos Mágicos.,1,0.767693862922746,76.77
RA-488,2022,1,A,Aluno-488,2012.0,,10.0,Feminino,2022.0,Escola Pública,,,,,Ametista,,Ametista,7.413,7.413,,,351.0,92.0,8.0,3.0,8.5,8.8,7.5,7.3,7.722,5.0,,6.0,8.5,,Não,Não,Fase 2 (5º e 6º ano),-1.0,Não atendido,Destaque: A sua boa entrega das lições de casa.,Melhorar: Empenhar-se mais nas aulas e avaliações.,Destaque: A sua boa integração aos Princípios Passos Mágicos.,1,0.9419041677706343,94.19
RA-489,2022,1,A,Aluno-489,2013.0,,9.0,Feminino,2022.0,Escola Pública,,,,,Quartzo,,Quartzo,5.853,5.853,,,743.0,176.0,12.0,3.0,9.0,7.2,7.5,0.0,6.5,10.0,,0.0,0.0,,Não,Não,Fase 1 (4º ano),0.0,Não atendido,Melhorar: Melhorar a sua entrega de lições de casa.,Melhorar: Empenhar-se mais nas aulas e avaliações.,Melhorar: Integrar-se mais aos Princípios Passos Mágicos.,1,0.9334995903014502,93.35
RA-490,2022,1,A,Aluno-490,2012.0,,10.0,Feminino,2022.0,Escola Pública,,,,,Ametista,,Ametista,7.576,7.576,,,283.0,77.0,5.0,3.0,7.9,8.2,7.5,7.7,8.722,5.0,,6.0,9.3,,Não,Sim,Fase 2 (5º e 6º ano),-1.0,Não atendido,Destaque: A sua boa entrega das lições de casa.,Destaque: As suas boas notas na Passos Mágicos.,Destaque: A sua boa integração aos Princípios Passos Mágicos.,1,0.8340483051277177,83.4
RA-491,2022,1,A,Aluno-491,2011.0,,11.0,Masculino,2022.0,Escola Pública,,,,,Ametista,,Ametista,7.461,7.461,,,329.0,86.0,7.0,3.0,7.5,9.7,7.5,7.0,7.722,5.0,,6.0,8.0,,Não,Não,Fase 2 (5º e 6º ano),-1.0,Não atendido,Destaque: A sua boa entrega das lições de casa.,Melhorar: Empenhar-se mais nas aulas e avaliações.,Destaque: A sua boa integração aos Princípios Passos Mágicos.,1,0.8998210143522507,89.98
RA-492,2022,1,A,Aluno-492,2011.0,,11.0,Feminino,2022.0,Escola Pública,,,,,Ametista,,Ametista,7.678,7.678,,,242.0,63.0,3.0,3.0,10.0,8.8,7.5,7.1,8.278,5.0,,8.2,6.0,,Não,Não,Fase 2 (5º e 6º ano),-1.0,Não atendido,Destaque: A sua boa entrega das lições de casa.,Melhorar: Empenhar-se mais nas aulas e avaliações.,Destaque: A sua boa integração aos Princípios Passos Mágicos.,1,0.7736560587027393,77.37
RA-493,2022,1,B,Aluno-493,2013.0,,9.0,Feminino,2020.0,Escola Pública,,,Topázio,Topázio,Topázio,,Topázio,8.306,8.306,,,61.0,12.0,1.0,3.0,10.0,9.4,7.5,7.2,8.278,10.0,,7.3,7.0,,Não,Não,Fase 1 (4º ano),0.0,Sem limitações,Destaque: A sua boa entrega das lições de casa.,Melhorar: Empenhar-se mais nas aulas e avaliações.,Destaque: A sua boa integração aos Princípios Passos Mágicos.,0,0.08588529687767169,8.59
RA-494,2022,1,B,Aluno-494,2011.0,,11.0,Feminino,2022.0,Escola Pública,,,,,Ágata,,Ágata,6.407,6.407,,,661.0,159.0,13.0,3.0,6.4,8.3,5.0,5.8,6.944,5.0,,6.3,5.2,,Não,Não,Fase 2 (5º e 6º ano),-1.0,Requer avaliação,Destaque: A sua boa entrega das lições de casa.,Melhorar: Empenhar-se mais nas aulas e avaliações.,Melhorar: Integrar-se mais aos Princípios Passos Mágicos.,1,0.9317543548451617,93.18
RA-495,2022,1,B,Aluno-495,2011.0,,11.0,Masculino,2022.0,Escola Pública,,,,,Ametista,,Ametista,7.857,7.857,,,184.0,42.0,6.0,3.0,9.0,8.9,7.5,8.4,8.056,5.0,,8.0,8.8,,Não,Não,Fase 2 (5º e 6º ano),-1.0,Sem limitações,Destaque: A sua boa entrega das lições de casa.,Destaque: As suas boas notas na Passos Mágicos.,Destaque: A sua boa integração aos Princípios Passos Mágicos.,1,0.8363841177331429,83.64
RA-496,2022,1,B,Aluno-496,2011.0,,11.0,Masculino,2018.0,Escola Pública,,,Quartzo,Quartzo,Ágata,,Ágata,6.683,6.683,,,595.0,145.0,12.0,3.0,8.5,6.8,7.5,5.7,7.556,5.0,,5.8,5.5,,Não,Não,Fase 2 (5º e 6º ano),-1.0,Requer avaliação,Melhorar: Melhorar a sua entrega de lições de casa.,Melhorar: Empenhar-se mais nas aulas e avaliações.,Destaque: A sua boa integração aos Princípios Passos Mágicos.,1,0.9710147966716913,97.1
RA-497,2022,1,B,Aluno-497,2009.0,,13.0,Feminino,2016.0,Rede Decisão,,,Quartzo,Quartzo,Ágata,,Ágata,6.323,6.323,,,678.0,163.0,14.0,3.0,6.9,9.2,5.0,5.1,5.833,5.0,,4.2,6.0,,Não,Não,Fase 3 (7º e 8º ano),-2.0,Não indicado,Destaque: A sua boa entrega das lições de casa.,Melhorar: Empenhar-se mais nas aulas e avaliações.,Melhorar: Integrar-se mais aos Princípios Passos Mágicos.,1,0.920049633775805,92.0
RA-498,2022,1,B,Aluno-498,2011.0,,11.0,Feminino,2018.0,Escola Pública,,,Ametista,Ágata,Ametista,,Ametista,7.7,7.7,,,234.0,61.0,9.0,3.0,8.5,8.8,7.5,8.8,7.556,5.0,,8.0,9.5,,Não,Não,Fase 2 (5º e 6º ano),-1.0,Sem limitações,Destaque: A sua boa entrega das lições de casa.,Destaque: As suas boas notas na Passos Mágicos.,Destaque: A sua boa integração aos Princípios Passos Mágicos.,1,0.7888257850146578,78.88
RA-499,2022,1,B,Aluno-499,2012.0,,10.0,Masculino,2020.0,Escola Pública,,,Ágata,Ametista,Ametista,,Ametista,7.826,7.826,,,196.0,46.0,7.0,3.0,8.5,10.0,7.5,8.2,7.444,5.0,,8.2,8.2,,Não,Não,Fase 2 (5º e 6º ano),-1.0,Sem limitações,Destaque: A sua boa entrega das lições de casa.,Destaque: As suas boas notas na Passos Mágicos.,Melhorar: Integrar-se mais aos Princípios Passos Mágicos.,1,0.7136712001314794,71.37
RA-500,2022,1,B,Aluno-500,2012.0,,10.0,Feminino,2020.0,Escola Pública,,,Topázio,Topázio,Topázio,,Topázio,8.232,8.232,,,75.0,16.0,3.0,3.0,9.0,10.0,7.5,9.5,7.889,5.0,,9.5,9.5,,Sim,Não,Fase 2 (5º e 6º ano),-1.0,Sem limitações,Destaque: A sua boa entrega das lições de casa.,Destaque: As suas boas notas na Passos Mágicos.,Destaque: A sua boa integração aos Princípios Passos Mágicos.,1,0.6952895622779905,69.53
RA-501,2022,1,B,Aluno-501,2013.0,,9.0,Masculino,2021.0,Escola Pública,,,,Topázio,Ametista,,Ametista,7.794,7.794,,,201.0,48.0,8.0,3.0,8.5,8.8,7.5,6.8,7.333,10.0,,8.0,5.7,,Não,Não,Fase 1 (4º ano),0.0,Sem limitações,Destaque: A sua boa entrega das lições de casa.,Melhorar: Empenhar-se mais nas aulas e avaliações.,Melhorar: Integrar-se mais aos Princípios Passos Mágicos.,0,0.3445388449081438,34.45
RA-502,2022,1,B,Aluno-502,2014.0,,8.0,Feminino,2021.0,Rede Decisão,,,,Topázio,Topázio,,Topázio,8.287,8.287,,,62.0,13.0,2.0,3.0,9.5,9.7,7.5,7.4,7.778,10.0,,6.7,8.2,,Não,Não,ALFA  (2º e 3º ano),1.0,Sem limitações,Destaque: A sua boa entrega das lições de casa.,Melhorar: Empenhar-se mais nas aulas e avaliações.,Destaque: A sua boa integração aos Princípios Passos Mágicos.,0,0.02676125723479681,2.68
RA-503,2022,1,B,Aluno-503,2012.0,,10.0,Masculino,2020.0,Escola Pública,,,Topázio,Topázio,Ametista,,Ametista,7.95,7.95,,,155.0,38.0,5.0,3.0,8.5,10.0,7.5,8.8,7.5,5.0,,8.7,9.0,,Não,Não,Fase 2 (5º e 6º ano),-1.0,Sem limitações,Destaque: A sua boa entrega das lições de casa.,Destaque: As suas boas notas na Passos Mágicos.,Destaque: A sua boa integração aos Princípios Passos Mágicos.,1,0.6444706751545972,64.45
RA-504,2022,1,B,Aluno-504,2013.0,,9.0,Feminino,2021.0,Escola Pública,,,,Topázio,Topázio,,Topázio,8.072,8.072,,,124.0,29.0,4.0,3.0,8.5,8.9,7.5,8.0,7.556,10.0,,7.8,8.2,,Não,Não,Fase 1 (4º ano),0.0,Sem limitações,Destaque: A sua boa entrega das lições de casa.,Destaque: As suas boas notas na Passos Mágicos.,Destaque: A sua boa integração aos Princípios Passos Mágicos.,0,0.17790116981221107,17.79
RA-505,2022,1,B,Aluno-505,2011.0,,11.0,Feminino,2019.0,Escola Pública,,,Topázio,Ametista,Ametista,,Ametista,7.591,7.591,,,276.0,73.0,10.0,3.0,9.5,8.0,7.5,8.4,7.556,5.0,,8.2,8.7,,Não,Não,Fase 2 (5º e 6º ano),-1.0,Sem limitações,Destaque: A sua boa entrega das lições de casa.,Destaque: As suas boas notas na Passos Mágicos.,Destaque: A sua boa integração aos Princípios Passos Mágicos.,1,0.8609417727332827,86.09
RA-506,2022,1,B,Aluno-506,2010.0,,12.0,Masculino,2020.0,Escola Pública,,,Ametista,Ágata,Ametista,,Ametista,7.132,7.132,,,446.0,113.0,11.0,3.0,9.5,7.3,7.5,7.2,7.278,5.0,,8.3,6.0,,Não,Não,Fase 3 (7º e 8º ano),-2.0,Sem limitações,Melhorar: Melhorar a sua entrega de lições de casa.,Melhorar: Empenhar-se mais nas aulas e avaliações.,Melhorar: Integrar-se mais aos Princípios Passos Mágicos.,1,0.9028443151612419,90.28
RA-507,2022,1,C,Aluno-507,2011.0,,11.0,Feminino,2021.0,Escola Pública,,,,Ágata,Ametista,,Ametista,7.653,7.653,,,254.0,66.0,4.0,3.0,8.5,10.0,7.5,7.4,7.222,5.0,,7.3,7.5,,Não,Não,Fase 2 (5º e 6º ano),-1.0,Não atendido,Destaque: A sua boa entrega das lições de casa.,Melhorar: Empenhar-se mais nas aulas e avaliações.,Melhorar: Integrar-se mais aos Princípios Passos Mágicos.,1,0.8088266684504342,80.88
RA-508,2022,1,C,Aluno-508,2012.0,,10.0,Masculino,2022.0,Escola Pública,,,,,Ágata,,Ágata,6.575,6.575,,,636.0,155.0,10.0,3.0,8.0,7.4,7.5,4.5,7.556,5.0,,0.0,9.0,,Não,Não,Fase 2 (5º e 6º ano),-1.0,Não atendido,Melhorar: Melhorar a sua entrega de lições de casa.,Melhorar: Empenhar-se mais nas aulas e avaliações.,Destaque: A sua boa integração aos Princípios Passos Mágicos.,1,0.9745476426734883,97.45
RA-509,2022,1,C,Aluno-509,2010.0,,12.0,Feminino,2018.0,Escola Pública,,,Ametista,Ágata,Ametista,,Ametista,7.808,7.808,,,199.0,47.0,3.0,3.0,9.0,8.2,7.5,9.2,7.833,5.0,,9.3,9.0,,Sim,Não,Fase 3 (7º e 8º ano),-2.0,Não atendido,Destaque: A sua boa entrega das lições de casa.,Destaque: As suas boas notas na Passos Mágicos.,Destaque: A sua boa integração aos Princípios Passos Mágicos.,1,0.9112401429653155,91.12
RA-510,2022,1,C,Aluno-510,2010.0,,12.0,Masculino,2022.0,Escola Pública,,,,,Ametista,,Ametista,7.336,7.336,,,379.0,98.0,6.0,3.0,8.0,9.3,7.5,7.1,7.056,5.0,,5.8,8.3,,Não,Não,Fase 3 (7º e 8º ano),-2.0,Não atendido,Destaque: A sua boa entrega das lições de casa.,Melhorar: Empenhar-se mais nas aulas e avaliações.,Melhorar: Integrar-se mais aos Princípios Passos Mágicos.,1,0.9156351027580595,91.56
RA-511,2022,1,C,Aluno-511,2012.0,,10.0,Feminino,2022.0,Escola Pública,,,,,Ametista,,Ametista,7.094,7.094,,,458.0,117.0,7.0,3.0,8.0,10.0,7.5,5.3,7.056,5.0,,2.0,8.5,,Não,Não,Fase 2 (5º e 6º ano),-1.0,Não atendido,Destaque: A sua boa entrega das lições de casa.,Melhorar: Empenhar-se mais nas aulas e avaliações.,Melhorar: Integrar-se mais aos Princípios Passos Mágicos.,1,0.8190157316217856,81.9
RA-512,2022,1,C,Aluno-512,2012.0,,10.0,Feminino,2022.0,Escola Pública,,,,,Ametista,,Ametista,7.365,7.365,,,374.0,97.0,5.0,3.0,9.0,9.3,7.5,6.2,7.722,5.0,,5.3,7.0,,Não,Não,Fase 2 (5º e 6º ano),-1.0,Não atendido,Destaque: A sua boa entrega das lições de casa.,Melhorar: Empenhar-se mais nas aulas e avaliações.,Destaque: A sua boa integração aos Princípios Passos Mágicos.,1,0.9097441738944496,90.97
RA-513,2022,1,C,Aluno-513,2013.0,,9.0,Masculino,2021.0,Escola Pública,,,,Topázio,Topázio,,Topázio,8.229,8.229,,,77.0,17.0,2.0,3.0,9.0,9.6,5.6,8.3,7.778,10.0,,8.2,8.5,,Não,Não,Fase 1 (4º ano),0.0,Requer avaliação,Destaque: A sua boa entrega das lições de casa.,Destaque: As suas boas notas na Passos Mágicos.,Destaque: A sua boa integração aos Princípios Passos Mágicos.,0,0.4048919132113795,40.49
RA-514,2022,1,C,Aluno-514,2013.0,,9.0,Feminino,2022.0,Escola Pública,,,,,Ametista,,Ametista,7.039,7.039,,,476.0,123.0,8.0,3.0,8.0,9.7,7.5,4.8,5.889,10.0,,2.0,7.5,,Não,Não,Fase 1 (4º ano),0.0,Não atendido,Destaque: A sua boa entrega das lições de casa.,Melhorar: Empenhar-se mais nas aulas e avaliações.,Melhorar: Integrar-se mais aos Princípios Passos Mágicos.,1,0.5609895223858011,56.1
RA-515,2022,1,C,Aluno-515,2010.0,,12.0,Masculino,2022.0,Escola Pública,,,,,Ágata,,Ágata,6.582,6.582,,,631.0,154.0,9.0,3.0,8.0,6.3,7.5,5.8,7.556,5.0,,8.5,3.2,,Não,Não,Fase 3 (7º e 8º ano),-2.0,Não atendido,Melhorar: Melhorar a sua entrega de lições de casa.,Melhorar: Empenhar-se mais nas aulas e avaliações.,Destaque: A sua boa integração aos Princípios Passos Mágicos.,1,0.952012945783187,95.2
RA-516,2022,1,C,Aluno-516,2013.0,,9.0,Masculino,2019.0,Rede Decisão,,,Topázio,Topázio,Topázio,,Topázio,8.903,8.903,,,8.0,2.0,1.0,3.0,10.0,9.7,7.5,9.9,8.056,10.0,,10.0,9.8,,Não,Não,Fase 1 (4º ano),0.0,Não atendido,Destaque: A sua boa entrega das lições de casa.,Destaque: As suas boas notas na Passos Mágicos.,Destaque: A sua boa integração aos Princípios Passos Mágicos.,0,0.28342709435083574,28.34
RA-517,2022,1,D,Aluno-517,2010.0,,12.0,Feminino,2017.0,Escola Pública,,,Ametista,Ágata,Ametista,,Ametista,7.604,7.604,,,271.0,70.0,8.0,3.0,6.9,9.5,7.5,7.7,7.833,5.0,,7.8,7.5,,Não,Não,Fase 3 (7º e 8º ano),-2.0,Não atendido,Destaque: A sua boa entrega das lições de casa.,Destaque: As suas boas notas na Passos Mágicos.,Destaque: A sua boa integração aos Princípios Passos Mágicos.,1,0.9053556449629668,90.54
RA-518,2022,1,D,Aluno-518,2012.0,,10.0,Masculino,2022.0,Escola Pública,,,,,Ametista,,Ametista,7.661,7.661,,,251.0,65.0,7.0,3.0,9.0,9.4,7.5,7.5,7.5,5.0,,6.0,9.0,,Não,Não,Fase 2 (5º e 6º ano),-1.0,Não atendido,Destaque: A sua boa entrega das lições de casa.,Destaque: As suas boas notas na Passos Mágicos.,Destaque: A sua boa integração aos Princípios Passos Mágicos.,1,0.6280879877858478,62.81
RA-519,2022,1,D,Aluno-519,2013.0,,9.0,Masculino,2022.0,Escola Pública,,,,,Ametista,,Ametista,8.0,8.0,,,144.0,36.0,5.0,3.0,7.4,9.6,7.5,7.5,7.333,10.0,,7.0,8.0,,Não,Não,Fase 1 (4º ano),0.0,Não atendido,Destaque: A sua boa entrega das lições de casa.,Destaque: As suas boas notas na Passos Mágicos.,Melhorar: Integrar-se mais aos Princípios Passos Mágicos.,0,0.17385294905923174,17.39
RA-520,2022,1,D,Aluno-520,2011.0,,11.0,Feminino,2022.0,Escola Pública,,,,,Ametista,,Ametista,7.035,7.035,,,478.0,125.0,10.0,3.0,10.0,6.8,7.5,6.8,7.278,5.0,,5.0,8.5,,Não,Não,Fase 2 (5º e 6º ano),-1.0,Não atendido,Melhorar: Melhorar a sua entrega de lições de casa.,Melhorar: Empenhar-se mais nas aulas e avaliações.,Melhorar: Integrar-se mais aos Princípios Passos Mágicos.,1,0.9207871112495505,92.08
RA-521,2022,1,D,Aluno-521,2013.0,,9.0,Masculino,2022.0,Escola Pública,,,,,Ametista,,Ametista,7.725,7.725,,,228.0,59.0,6.0,3.0,9.0,10.0,5.0,6.0,7.5,10.0,,5.0,7.0,,Não,Não,Fase 1 (4º ano),0.0,Requer avaliação,Destaque: A sua boa entrega das lições de casa.,Melhorar: Empenhar-se mais nas aulas e avaliações.,Destaque: A sua boa integração aos Princípios Passos Mágicos.,0,0.2256559312200556,22.57
RA-522,2022,1,D,Aluno-522,2013.0,,9.0,Masculino,2021.0,Escola Pública,,,,Topázio,Topázio,,Topázio,8.306,8.306,,,60.0,11.0,1.0,3.0,9.5,9.1,7.5,7.5,8.167,10.0,,7.0,8.0,,Não,Não,Fase 1 (4º ano),0.0,Não atendido,Destaque: A sua boa entrega das lições de casa.,Destaque: As suas boas notas na Passos Mágicos.,Destaque: A sua boa integração aos Princípios Passos Mágicos.,0,0.09182780602408756,9.18
RA-523,2022,1,D,Aluno-523,2011.0,,11.0,Feminino,2022.0,Escola Pública,,,,,Ametista,,Ametista,7.591,7.591,,,278.0,74.0,9.0,3.0,10.0,9.5,7.5,6.5,7.556,5.0,,5.0,8.0,,Não,Não,Fase 2 (5º e 6º ano),-1.0,Não atendido,Destaque: A sua boa entrega das lições de casa.,Melhorar: Empenhar-se mais nas aulas e avaliações.,Destaque: A sua boa integração aos Princípios Passos Mágicos.,1,0.8295696680197036,82.96
RA-524,2022,1,D,Aluno-524,2011.0,,11.0,Masculino,2019.0,Escola Pública,,,Ametista,Ametista,Ágata,,Ágata,6.947,6.947,,,507.0,132.0,11.0,3.0,0.0,9.4,5.0,9.1,8.056,5.0,,9.0,9.2,,Sim,Não,Fase 2 (5º e 6º ano),-1.0,Requer avaliação,Destaque: A sua boa entrega das lições de casa.,Destaque: As suas boas notas na Passos Mágicos.,Destaque: A sua boa integração aos Princípios Passos Mágicos.,1,0.9258886406698908,92.59
RA-525,2022,1,D,Aluno-525,2011.0,,11.0,Feminino,2021.0,Escola Pública,,,,Ágata,Ametista,,Ametista,8.013,8.013,,,138.0,35.0,4.0,3.0,9.0,9.3,7.5,8.6,8.167,5.0,,8.3,8.8,,Não,Não,Fase 2 (5º e 6º ano),-1.0,Não atendido,Destaque: A sua boa entrega das lições de casa.,Destaque: As suas boas notas na Passos Mágicos.,Destaque: A sua boa integração aos Princípios Passos Mágicos.,1,0.7130687025244116,71.31
RA-526,2022,1,D,Aluno-526,2010.0,,12.0,Masculino,2022.0,Escola Pública,,,,,Topázio,,Topázio,8.079,8.079,,,123.0,28.0,2.0,3.0,10.0,9.9,7.5,8.0,8.167,5.0,,7.7,8.3,,Não,Não,Fase 3 (7º e 8º ano),-2.0,Não atendido,Destaque: A sua boa entrega das lições de casa.,Destaque: As suas boas notas na Passos Mágicos.,Destaque: A sua boa integração aos Princípios Passos Mágicos.,1,0.6724098210653302,67.24
RA-527,2022,1,D,Aluno-527,2013.0,,9.0,Feminino,2022.0,Escola Pública,,,,,Ametista,,Ametista,8.025,8.025,,,135.0,33.0,3.0,3.0,8.5,10.0,7.5,6.5,7.5,10.0,,5.0,8.0,,Não,Não,Fase 1 (4º ano),0.0,Não atendido,Destaque: A sua boa entrega das lições de casa.,Melhorar: Empenhar-se mais nas aulas e avaliações.,Destaque: A sua boa integração aos Princípios Passos Mágicos.,0,0.13925142313443142,13.93
RA-528,2022,1,D,Aluno-528,2011.0,,11.0,Masculino,2021.0,Escola Pública,,,,Ametista,Quartzo,,Quartzo,5.335,5.335,,,798.0,183.0,13.0,3.0,0.0,6.2,7.5,4.0,6.944,5.0,,5.3,2.7,,Não,Não,Fase 2 (5º e 6º ano),-1.0,Não atendido,Melhorar: Melhorar a sua entrega de lições de casa.,Melhorar: Empenhar-se mais nas aulas e avaliações.,Melhorar: Integrar-se mais aos Princípios Passos Mágicos.,1,0.8986343868952763,89.86
RA-529,2022,1,D,Aluno-529,2010.0,,12.0,Masculino,2020.0,Escola Pública,,,Ágata,Ametista,Ágata,,Ágata,6.51,6.51,,,643.0,156.0,12.0,3.0,8.5,8.9,5.0,5.2,6.556,5.0,,3.3,7.0,,Não,Não,Fase 3 (7º e 8º ano),-2.0,Requer avaliação,Destaque: A sua boa entrega das lições de casa.,Melhorar: Empenhar-se mais nas aulas e avaliações.,Melhorar: Integrar-se mais aos Princípios Passos Mágicos.,1,0.971744685822991,97.17
RA-530,2022,1,E,Aluno-530,2012.0,,10.0,Masculino,2019.0,Escola Pública,,,Topázio,Topázio,Topázio,,Topázio,8.338,8.338,,,56.0,9.0,1.0,3.0,10.0,9.0,7.5,8.9,9.056,5.0,,9.0,8.8,,Sim,Sim,Fase 2 (5º e 6º ano),-1.0,Não atendido,Destaque: A sua boa entrega das lições de casa.,Destaque: As suas boas notas na Passos Mágicos.,Destaque: A sua boa integração aos Princípios Passos Mágicos.,1,0.7871926282898323,78.72
RA-531,2022,1,E,Aluno-531,2012.0,,10.0,Masculino,2022.0,Escola Pública,,,,,Ametista,,Ametista,8.057,8.057,,,132.0,31.0,2.0,3.0,9.5,9.8,7.5,7.8,8.167,5.0,,8.7,7.0,,Sim,Não,Fase 2 (5º e 6º ano),-1.0,Não atendido,Destaque: A sua boa entrega das lições de casa.,Destaque: As suas boas notas na Passos Mágicos.,Destaque: A sua boa integração aos Princípios Passos Mágicos.,1,0.6939795119010752,69.4
RA-532,2022,1,E,Aluno-532,2013.0,,9.0,Feminino,2022.0,Escola Pública,,,,,Ametista,,Ametista,7.792,7.792,,,203.0,49.0,3.0,3.0,9.5,9.7,7.5,5.5,7.167,10.0,,4.0,7.0,,Não,Não,Fase 1 (4º ano),0.0,Não atendido,Destaque: A sua boa entrega das lições de casa.,Melhorar: Empenhar-se mais nas aulas e avaliações.,Melhorar: Integrar-se mais aos Princípios Passos Mágicos.,0,0.15949156518304577,15.95
RA-533,2022,1,E,Aluno-533,2012.0,,10.0,Masculino,2022.0,Escola Pública,,,,,Ágata,,Ágata,6.962,6.962,,,499.0,130.0,5.0,3.0,8.5,8.8,5.6,6.0,7.333,5.0,,5.0,7.0,,Não,Não,Fase 2 (5º e 6º ano),-1.0,Requer avaliação,Destaque: A sua boa entrega das lições de casa.,Melhorar: Empenhar-se mais nas aulas e avaliações.,Melhorar: Integrar-se mais aos Princípios Passos Mágicos.,1,0.9336455095335693,93.36
RA-534,2022,1,E,Aluno-534,2010.0,,12.0,Feminino,2021.0,Escola Pública,,,,Ametista,Ametista,,Ametista,7.131,7.131,,,447.0,114.0,4.0,3.0,9.0,7.4,7.5,7.1,7.333,5.0,,6.5,7.7,,Não,Não,Fase 3 (7º e 8º ano),-2.0,Não atendido,Melhorar: Melhorar a sua entrega de lições de casa.,Melhorar: Empenhar-se mais nas aulas e avaliações.,Melhorar: Integrar-se mais aos Princípios Passos Mágicos.,1,0.9101460149496681,91.01
RA-535,2022,1,F,Aluno-535,2012.0,,10.0,Feminino,2019.0,Escola Pública,,,Topázio,Ametista,Ágata,,Ágata,6.953,6.953,,,504.0,131.0,6.0,2.0,9.0,9.2,7.5,5.1,6.917,5.0,,4.7,5.5,,Não,Não,Fase 2 (5º e 6º ano),-1.0,Sem limitações,Destaque: A sua boa entrega das lições de casa.,Melhorar: Empenhar-se mais nas aulas e avaliações.,Melhorar: Integrar-se mais aos Princípios Passos Mágicos.,1,0.9064603728914145,90.65
RA-536,2022,1,F,Aluno-536,2012.0,,10.0,Feminino,2020.0,Escola Pública,,,Topázio,Ametista,Ametista,,Ametista,7.106,7.106,,,454.0,116.0,4.0,2.0,9.5,8.9,5.6,6.0,7.75,5.0,,6.3,5.7,,Não,Não,Fase 2 (5º e 6º ano),-1.0,Sem limitações,Destaque: A sua boa entrega das lições de casa.,Melhorar: Empenhar-se mais nas aulas e avaliações.,Destaque: A sua boa integração aos Princípios Passos Mágicos.,1,0.9199580995026518,92.0
RA-537,2022,1,F,Aluno-537,2012.0,,10.0,Masculino,2022.0,Escola Pública,,,,,Ágata,,Ágata,6.641,6.641,,,612.0,147.0,7.0,2.0,9.5,9.0,4.4,4.8,7.167,5.0,,2.5,7.0,,Não,Não,Fase 2 (5º e 6º ano),-1.0,Requer avaliação,Destaque: A sua boa entrega das lições de casa.,Melhorar: Empenhar-se mais nas aulas e avaliações.,Melhorar: Integrar-se mais aos Princípios Passos Mágicos.,1,0.9412673828318426,94.13
RA-538,2022,1,F,Aluno-538,2009.0,,13.0,Masculino,2022.0,Escola Pública,,,,,Ágata,,Ágata,6.309,6.309,,,684.0,164.0,8.0,2.0,8.5,7.5,5.6,6.8,5.583,5.0,,4.5,9.0,,Não,Não,Fase 3 (7º e 8º ano),-2.0,Requer avaliação,Melhorar: Melhorar a sua entrega de lições de casa.,Melhorar: Empenhar-se mais nas aulas e avaliações.,Melhorar: Integrar-se mais aos Princípios Passos Mágicos.,1,0.83450567641469,83.45
RA-539,2022,1,F,Aluno-539,2011.0,,11.0,Feminino,2022.0,Escola Pública,,,,,Ametista,,Ametista,7.665,7.665,,,249.0,64.0,1.0,2.0,8.5,9.3,6.9,7.5,8.417,5.0,,6.8,8.2,,Não,Sim,Fase 2 (5º e 6º ano),-1.0,Sem limitações,Destaque: A sua boa entrega das lições de casa.,Destaque: As suas boas notas na Passos Mágicos.,Destaque: A sua boa integração aos Princípios Passos Mágicos.,1,0.8455184119213983,84.55
RA-540,2022,1,F,Aluno-540,2012.0,,10.0,Feminino,2019.0,Escola Pública,,,Topázio,Topázio,Ametista,,Ametista,7.303,7.303,,,390.0,101.0,2.0,2.0,8.5,9.5,5.6,7.0,7.5,5.0,,6.8,7.2,,Não,Não,Fase 2 (5º e 6º ano),-1.0,Sem limitações,Destaque: A sua boa entrega das lições de casa.,Melhorar: Empenhar-se mais nas aulas e avaliações.,Destaque: A sua boa integração aos Princípios Passos Mágicos.,1,0.9552882996818585,95.53
RA-541,2022,1,F,Aluno-541,2008.0,,14.0,Masculino,2022.0,Escola Pública,,,,,Quartzo,,Quartzo,5.427,5.427,,,793.0,182.0,10.0,2.0,10.0,7.8,6.9,2.5,5.0,2.5,,0.0,5.0,,Não,Não,Fase 4 (9º ano),-3.0,Sem limitações,Destaque: A sua boa entrega das lições de casa.,Melhorar: Empenhar-se mais nas aulas e avaliações.,Melhorar: Integrar-se mais aos Princípios Passos Mágicos.,1,0.9721468396252831,97.21
RA-542,2022,1,F,Aluno-542,2011.0,,11.0,Feminino,2019.0,Escola Pública,,,Ametista,Ágata,Ametista,,Ametista,7.221,7.221,,,419.0,107.0,3.0,2.0,8.0,9.8,6.3,6.5,7.417,5.0,,5.3,7.7,,Não,Não,Fase 2 (5º e 6º ano),-1.0,Sem limitações,Destaque: A sua boa entrega das lições de casa.,Melhorar: Empenhar-se mais nas aulas e avaliações.,Melhorar: Integrar-se mais aos Princípios Passos Mágicos.,1,0.9463310676726322,94.63
RA-543,2022,1,F,Aluno-543,2012.0,,10.0,Feminino,2022.0,Escola Pública,,,,,Ametista,,Ametista,7.05,7.05,,,471.0,121.0,5.0,2.0,8.5,9.8,4.4,6.5,7.167,5.0,,5.0,8.0,,Não,Não,Fase 2 (5º e 6º ano),-1.0,Sem limitações,Destaque: A sua boa entrega das lições de casa.,Melhorar: Empenhar-se mais nas aulas e avaliações.,Melhorar: Integrar-se mais aos Princípios Passos Mágicos.,1,0.9271949418724655,92.72
RA-544,2022,1,F,Aluno-544,2012.0,,10.0,Masculino,2022.0,Escola Pública,,,,,Ágata,,Ágata,6.307,6.307,,,686.0,165.0,9.0,2.0,9.5,9.7,5.6,3.3,6.0,5.0,,1.0,5.5,,Não,Não,Fase 2 (5º e 6º ano),-1.0,Requer avaliação,Destaque: A sua boa entrega das lições de casa.,Melhorar: Empenhar-se mais nas aulas e avaliações.,Melhorar: Integrar-se mais aos Princípios Passos Mágicos.,1,0.9715616441776099,97.16
RA-545,2022,1,G,Aluno-545,2009.0,,13.0,Masculino,2018.0,Escola Pública,,,Ametista,Ágata,Ágata,,Ágata,6.723,6.723,,,580.0,142.0,6.0,2.0,9.5,6.6,7.5,5.5,7.5,5.0,,4.3,6.7,,Não,Não,Fase 3 (7º e 8º ano),-2.0,Sem limitações,Melhorar: Melhorar a sua entrega de lições de casa.,Melhorar: Empenhar-se mais nas aulas e avaliações.,Destaque: A sua boa integração aos Princípios Passos Mágicos.,1,0.9299181191649701,92.99
RA-546,2022,1,G,Aluno-546,2011.0,,11.0,Feminino,2021.0,Escola Pública,,,,Quartzo,Ágata,,Ágata,6.77,6.77,,,564.0,138.0,5.0,2.0,9.0,7.9,5.0,5.6,7.917,5.0,,3.3,7.8,,Não,Não,Fase 2 (5º e 6º ano),-1.0,Não indicado,Destaque: A sua boa entrega das lições de casa.,Melhorar: Empenhar-se mais nas aulas e avaliações.,Destaque: A sua boa integração aos Princípios Passos Mágicos.,1,0.9082158830785957,90.82
RA-547,2022,1,G,Aluno-547,2011.0,,11.0,Feminino,2019.0,Escola Pública,,,Ágata,Ágata,Ametista,,Ametista,7.745,7.745,,,218.0,56.0,1.0,2.0,9.5,9.7,5.0,7.6,8.833,5.0,,7.3,7.8,,Não,Sim,Fase 2 (5º e 6º ano),-1.0,Não indicado,Destaque: A sua boa entrega das lições de casa.,Destaque: As suas boas notas na Passos Mágicos.,Destaque: A sua boa integração aos Princípios Passos Mágicos.,1,0.8622079724386711,86.22
RA-548,2022,1,G,Aluno-548,2010.0,,12.0,Masculino,2019.0,Escola Pública,,,Ametista,Ametista,Ametista,,Ametista,7.292,7.292,,,396.0,104.0,2.0,2.0,8.0,9.1,6.9,7.2,7.583,5.0,,5.7,8.7,,Não,Não,Fase 3 (7º e 8º ano),-2.0,Sem limitações,Destaque: A sua boa entrega das lições de casa.,Melhorar: Empenhar-se mais nas aulas e avaliações.,Destaque: A sua boa integração aos Princípios Passos Mágicos.,1,0.9153228964616689,91.53
RA-549,2022,1,G,Aluno-549,2012.0,,10.0,Masculino,2021.0,Escola Pública,,,,Ametista,Ágata,,Ágata,6.301,6.301,,,688.0,166.0,9.0,2.0,10.0,7.9,6.9,4.2,6.167,5.0,,2.2,6.2,,Não,Não,Fase 2 (5º e 6º ano),-1.0,Sem limitações,Destaque: A sua boa entrega das lições de casa.,Melhorar: Empenhar-se mais nas aulas e avaliações.,Melhorar: Integrar-se mais aos Princípios Passos Mágicos.,1,0.9911922057628701,99.12
RA-550,2022,1,G,Aluno-550,2010.0,,12.0,Feminino,2022.0,Escola Pública,,,,,Ágata,,Ágata,6.026,6.026,,,724.0,172.0,10.0,2.0,9.0,9.0,6.9,1.9,6.25,5.0,,2.0,1.8,,Não,Não,Fase 3 (7º e 8º ano),-2.0,Sem limitações,Destaque: A sua boa entrega das lições de casa.,Melhorar: Empenhar-se mais nas aulas e avaliações.,Melhorar: Integrar-se mais aos Princípios Passos Mágicos.,1,0.9899472742056562,98.99
RA-551,2022,1,G,Aluno-551,2010.0,,12.0,Feminino,2018.0,Escola Pública,,,Ametista,Ametista,Ágata,,Ágata,6.853,6.853,,,539.0,136.0,4.0,2.0,8.5,7.3,6.9,6.6,7.333,5.0,,5.0,8.2,,Não,Não,Fase 3 (7º e 8º ano),-2.0,Sem limitações,Melhorar: Melhorar a sua entrega de lições de casa.,Melhorar: Empenhar-se mais nas aulas e avaliações.,Melhorar: Integrar-se mais aos Princípios Passos Mágicos.,1,0.9013181671718357,90.13
RA-552,2022,1,G,Aluno-552,2011.0,,11.0,Masculino,2022.0,Escola Pública,,,,,Ágata,,Ágata,6.625,6.625,,,617.0,149.0,7.0,2.0,9.5,8.8,5.0,5.5,7.167,5.0,,6.0,5.0,,Não,Não,Fase 2 (5º e 6º ano),-1.0,Não indicado,Destaque: A sua boa entrega das lições de casa.,Melhorar: Empenhar-se mais nas aulas e avaliações.,Melhorar: Integrar-se mais aos Princípios Passos Mágicos.,1,0.959551311332811,95.96
RA-553,2022,1,G,Aluno-553,2011.0,,11.0,Feminino,2019.0,Escola Pública,,,Ametista,Ametista,Ágata,,Ágata,6.39,6.39,,,663.0,160.0,8.0,2.0,9.5,6.9,6.9,3.3,8.167,5.0,,1.0,5.7,,Não,Não,Fase 2 (5º e 6º ano),-1.0,Sem limitações,Melhorar: Melhorar a sua entrega de lições de casa.,Melhorar: Empenhar-se mais nas aulas e avaliações.,Destaque: A sua boa integração aos Princípios Passos Mágicos.,1,0.9119297874795346,91.19
RA-554,2022,1,G,Aluno-554,2010.0,,12.0,Masculino,2017.0,Escola Pública,,,Quartzo,Quartzo,Quartzo,,Quartzo,5.588,5.588,,,776.0,180.0,12.0,2.0,7.9,6.0,6.9,4.0,5.75,5.0,,1.7,6.3,,Não,Não,Fase 3 (7º e 8º ano),-2.0,Sem limitações,Melhorar: Melhorar a sua entrega de lições de casa.,Melhorar: Empenhar-se mais nas aulas e avaliações.,Melhorar: Integrar-se mais aos Princípios Passos Mágicos.,1,0.9238231240787148,92.38
RA-555,2022,1,G,Aluno-555,2010.0,,12.0,Masculino,2019.0,Escola Pública,,,Ametista,Ametista,Quartzo,,Quartzo,5.949,5.949,,,732.0,174.0,11.0,2.0,9.5,8.1,5.0,4.4,5.167,5.0,,1.8,7.0,,Não,Não,Fase 3 (7º e 8º ano),-2.0,Não indicado,Destaque: A sua boa entrega das lições de casa.,Melhorar: Empenhar-se mais nas aulas e avaliações.,Melhorar: Integrar-se mais aos Princípios Passos Mágicos.,1,0.9327770140785426,93.28
RA-556,2022,1,G,Aluno-556,2011.0,,11.0,Feminino,2018.0,Escola Pública,,,Topázio,Ametista,Ametista,,Ametista,7.181,7.181,,,436.0,111.0,3.0,2.0,9.0,8.8,5.0,6.4,8.25,5.0,,4.8,8.0,,Não,Não,Fase 2 (5º e 6º ano),-1.0,Não indicado,Destaque: A sua boa entrega das lições de casa.,Melhorar: Empenhar-se mais nas aulas e avaliações.,Destaque: A sua boa integração aos Princípios Passos Mágicos.,1,0.9247843755476087,92.48
RA-557,2022,1,H,Aluno-557,2012.0,,10.0,Masculino,2019.0,Escola Pública,,,Ametista,Topázio,Topázio,,Topázio,8.334,8.334,,,57.0,10.0,1.0,2.0,10.0,8.4,7.5,9.4,9.333,5.0,,10.0,8.8,,Sim,Sim,Fase 2 (5º e 6º ano),-1.0,Sem limitações,Destaque: A sua boa entrega das lições de casa.,Destaque: As suas boas notas na Passos Mágicos.,Destaque: A sua boa integração aos Princípios Passos Mágicos.,1,0.8538709654170656,85.39
RA-558,2022,1,H,Aluno-558,2008.0,,14.0,Masculino,2022.0,Escola Pública,,,,,Quartzo,,Quartzo,5.539,5.539,,,786.0,181.0,8.0,2.0,9.0,8.5,5.0,4.3,4.5,2.5,,0.5,8.0,,Não,Não,Fase 4 (9º ano),-3.0,Não indicado,Destaque: A sua boa entrega das lições de casa.,Melhorar: Empenhar-se mais nas aulas e avaliações.,Melhorar: Integrar-se mais aos Princípios Passos Mágicos.,1,0.9475020048011475,94.75
RA-559,2022,1,H,Aluno-559,2011.0,,11.0,Masculino,2021.0,Escola Pública,,,,Ametista,Ametista,,Ametista,7.634,7.634,,,260.0,67.0,6.0,2.0,9.5,9.2,7.5,7.1,8.083,5.0,,7.2,7.0,,Não,Não,Fase 2 (5º e 6º ano),-1.0,Sem limitações,Destaque: A sua boa entrega das lições de casa.,Melhorar: Empenhar-se mais nas aulas e avaliações.,Destaque: A sua boa integração aos Princípios Passos Mágicos.,1,0.9096220165179301,90.96
RA-560,2022,1,H,Aluno-560,2011.0,,11.0,Masculino,2020.0,Escola Pública,,,Ágata,Quartzo,Quartzo,,Quartzo,4.949,4.949,,,826.0,189.0,11.0,2.0,6.9,7.2,5.0,3.8,3.75,5.0,,3.2,4.3,,Não,Não,Fase 2 (5º e 6º ano),-1.0,Não indicado,Melhorar: Melhorar a sua entrega de lições de casa.,Melhorar: Empenhar-se mais nas aulas e avaliações.,Melhorar: Integrar-se mais aos Princípios Passos Mágicos.,1,0.8761751928945859,87.62
RA-561,2022,1,H,Aluno-561,2011.0,,11.0,Masculino,2022.0,Escola Pública,,,,,Ametista,,Ametista,7.856,7.856,,,185.0,43.0,3.0,2.0,9.0,9.0,7.5,7.4,8.833,5.0,,9.5,5.3,,Sim,Sim,Fase 2 (5º e 6º ano),-1.0,Sem limitações,Destaque: A sua boa entrega das lições de casa.,Melhorar: Empenhar-se mais nas aulas e avaliações.,Destaque: A sua boa integração aos Princípios Passos Mágicos.,1,0.7901512806450589,79.02
RA-562,2022,1,H,Aluno-562,2011.0,,11.0,Feminino,2021.0,Escola Pública,,,,Ametista,Ametista,,Ametista,7.855,7.855,,,186.0,44.0,4.0,2.0,8.0,9.0,7.5,8.0,8.75,5.0,,8.3,7.7,,Não,Sim,Fase 2 (5º e 6º ano),-1.0,Sem limitações,Destaque: A sua boa entrega das lições de casa.,Destaque: As suas boas notas na Passos Mágicos.,Destaque: A sua boa integração aos Princípios Passos Mágicos.,1,0.9012407317391946,90.12
RA-563,2022,1,H,Aluno-563,2011.0,,11.0,Feminino,2020.0,Escola Pública,,,Topázio,Ametista,Topázio,,Topázio,8.22,8.22,,,81.0,18.0,2.0,2.0,10.0,9.2,7.5,8.5,8.833,5.0,,9.0,8.0,,Sim,Sim,Fase 2 (5º e 6º ano),-1.0,Sem limitações,Destaque: A sua boa entrega das lições de casa.,Destaque: As suas boas notas na Passos Mágicos.,Destaque: A sua boa integração aos Princípios Passos Mágicos.,1,0.798717644741322,79.87
RA-564,2022,1,H,Aluno-564,2009.0,,13.0,Masculino,2019.0,Escola Pública,,,Ágata,Quartzo,Quartzo,,Quartzo,4.972,4.972,,,822.0,188.0,10.0,2.0,9.5,3.8,5.0,2.3,6.833,5.0,,2.5,2.0,,Não,Não,Fase 3 (7º e 8º ano),-2.0,Não indicado,Melhorar: Melhorar a sua entrega de lições de casa.,Melhorar: Empenhar-se mais nas aulas e avaliações.,Melhorar: Integrar-se mais aos Princípios Passos Mágicos.,1,0.9818404065436745,98.18
RA-565,2022,1,H,Aluno-565,2009.0,,13.0,Masculino,2022.0,Escola Pública,,,,,Quartzo,,Quartzo,5.233,5.233,,,809.0,186.0,9.0,2.0,9.0,4.1,7.5,2.9,5.917,5.0,,4.0,1.8,,Não,Não,Fase 3 (7º e 8º ano),-2.0,Sem limitações,Melhorar: Melhorar a sua entrega de lições de casa.,Melhorar: Empenhar-se mais nas aulas e avaliações.,Melhorar: Integrar-se mais aos Princípios Passos Mágicos.,1,0.9132880294469239,91.33
RA-566,2022,1,H,Aluno-566,2010.0,,12.0,Feminino,2022.0,Escola Pública,,,,,Ametista,,Ametista,7.729,7.729,,,226.0,58.0,5.0,2.0,9.5,8.4,7.5,8.5,7.917,5.0,,9.5,7.5,,Não,Não,Fase 3 (7º e 8º ano),-2.0,Sem limitações,Destaque: A sua boa entrega das lições de casa.,Destaque: As suas boas notas na Passos Mágicos.,Destaque: A sua boa integração aos Princípios Passos Mágicos.,1,0.9014456924722468,90.14
RA-567,2022,1,H,Aluno-567,2011.0,,11.0,Masculino,2019.0,Escola Pública,,,Ametista,Quartzo,Ágata,,Ágata,6.281,6.281,,,691.0,167.0,7.0,2.0,9.5,6.0,7.5,4.8,6.833,5.0,,4.3,5.2,,Não,Não,Fase 2 (5º e 6º ano),-1.0,Sem limitações,Melhorar: Melhorar a sua entrega de lições de casa.,Melhorar: Empenhar-se mais nas aulas e avaliações.,Melhorar: Integrar-se mais aos Princípios Passos Mágicos.,1,0.9671317168368977,96.71
RA-568,2022,1,J,Aluno-568,2008.0,,14.0,Masculino,2018.0,Escola Pública,,,Ametista,Ametista,Ametista,,Ametista,7.306,7.306,,,385.0,100.0,8.0,3.0,8.0,8.6,6.9,8.3,7.944,2.5,,8.0,8.5,,Não,Não,Fase 4 (9º ano),-3.0,Não atendido,Destaque: A sua boa entrega das lições de casa.,Destaque: As suas boas notas na Passos Mágicos.,Destaque: A sua boa integração aos Princípios Passos Mágicos.,1,0.9612192299090317,96.12
RA-569,2022,1,J,Aluno-569,2010.0,,12.0,Feminino,2020.0,Escola Pública,,,Ametista,Ametista,Ametista,,Ametista,7.074,7.074,,,464.0,118.0,9.0,3.0,9.5,8.7,5.0,6.8,7.333,5.0,,6.3,7.3,,Não,Não,Fase 3 (7º e 8º ano),-2.0,Requer avaliação,Destaque: A sua boa entrega das lições de casa.,Melhorar: Empenhar-se mais nas aulas e avaliações.,Melhorar: Integrar-se mais aos Princípios Passos Mágicos.,1,0.9276761984449189,92.77
RA-570,2022,1,J,Aluno-570,2012.0,,10.0,Feminino,2019.0,Escola Pública,,,Topázio,Ágata,Quartzo,,Quartzo,5.722,5.722,,,755.0,179.0,17.0,3.0,9.0,7.0,7.5,1.3,6.778,5.0,,0.7,2.0,,Não,Não,Fase 2 (5º e 6º ano),-1.0,Não atendido,Melhorar: Melhorar a sua entrega de lições de casa.,Melhorar: Empenhar-se mais nas aulas e avaliações.,Melhorar: Integrar-se mais aos Princípios Passos Mágicos.,1,0.9847589007639328,98.48
RA-571,2022,1,J,Aluno-571,2011.0,,11.0,Feminino,2019.0,Escola Pública,,,Ametista,Ametista,Ágata,,Ágata,6.589,6.589,,,630.0,153.0,13.0,3.0,8.5,8.8,7.5,3.7,6.944,5.0,,3.3,4.0,,Não,Não,Fase 2 (5º e 6º ano),-1.0,Não atendido,Destaque: A sua boa entrega das lições de casa.,Melhorar: Empenhar-se mais nas aulas e avaliações.,Melhorar: Integrar-se mais aos Princípios Passos Mágicos.,1,0.9861846003760594,98.62
RA-572,2022,1,J,Aluno-572,2013.0,,9.0,Masculino,2022.0,Escola Pública,,,,,Ametista,,Ametista,7.48,7.48,,,322.0,83.0,6.0,3.0,8.5,8.0,7.5,6.8,6.833,10.0,,4.5,9.0,,Não,Não,Fase 1 (4º ano),0.0,Não atendido,Destaque: A sua boa entrega das lições de casa.,Melhorar: Empenhar-se mais nas aulas e avaliações.,Melhorar: Integrar-se mais aos Princípios Passos Mágicos.,1,0.5132046451273081,51.32
RA-573,2022,1,J,Aluno-573,2011.0,,11.0,Masculino,2020.0,Escola Pública,,,Ametista,Topázio,Topázio,,Topázio,8.261,8.261,,,70.0,15.0,2.0,3.0,9.5,9.9,7.5,8.2,8.944,5.0,,8.3,8.0,,Sim,Sim,Fase 2 (5º e 6º ano),-1.0,Não atendido,Destaque: A sua boa entrega das lições de casa.,Destaque: As suas boas notas na Passos Mágicos.,Destaque: A sua boa integração aos Princípios Passos Mágicos.,1,0.6852139712314884,68.52
RA-574,2022,1,J,Aluno-574,2012.0,,10.0,Masculino,2022.0,Escola Pública,,,,,Ágata,,Ágata,6.86,6.86,,,534.0,135.0,11.0,3.0,9.5,7.2,5.0,7.5,6.944,5.0,,5.5,9.5,,Não,Não,Fase 2 (5º e 6º ano),-1.0,Requer avaliação,Melhorar: Melhorar a sua entrega de lições de casa.,Destaque: As suas boas notas na Passos Mágicos.,Melhorar: Integrar-se mais aos Princípios Passos Mágicos.,1,0.9109718826594466,91.1
RA-575,2022,1,J,Aluno-575,2010.0,,12.0,Masculino,2019.0,Escola Pública,,,Ametista,Ametista,Quartzo,,Quartzo,5.889,5.889,,,739.0,175.0,16.0,3.0,8.0,6.1,7.5,2.8,7.0,5.0,,2.7,3.0,,Não,Não,Fase 3 (7º e 8º ano),-2.0,Não atendido,Melhorar: Melhorar a sua entrega de lições de casa.,Melhorar: Empenhar-se mais nas aulas e avaliações.,Melhorar: Integrar-se mais aos Princípios Passos Mágicos.,1,0.9961363125706427,99.61
RA-576,2022,1,J,Aluno-576,2012.0,,10.0,Feminino,2022.0,Escola Pública,,,,,Ametista,,Ametista,7.59,7.59,,,279.0,75.0,4.0,3.0,9.5,9.1,7.5,7.8,7.111,5.0,,7.5,8.0,,Não,Não,Fase 2 (5º e 6º ano),-1.0,Não atendido,Destaque: A sua boa entrega das lições de casa.,Destaque: As suas boas notas na Passos Mágicos.,Melhorar: Integrar-se mais aos Princípios Passos Mágicos.,1,0.8716424649292877,87.16
RA-577,2022,1,J,Aluno-577,2012.0,,10.0,Feminino,2022.0,Escola Pública,,,,,Ametista,,Ametista,7.862,7.862,,,182.0,41.0,3.0,3.0,9.5,9.3,7.5,9.0,7.111,5.0,,8.3,9.7,,Não,Não,Fase 2 (5º e 6º ano),-1.0,Não atendido,Destaque: A sua boa entrega das lições de casa.,Destaque: As suas boas notas na Passos Mágicos.,Melhorar: Integrar-se mais aos Princípios Passos Mágicos.,1,0.677043602521669,67.7
RA-578,2022,1,J,Aluno-578,2012.0,,10.0,Masculino,2019.0,Escola Pública,,,Ametista,Topázio,Topázio,,Topázio,8.814,8.814,,,11.0,3.0,1.0,3.0,9.5,10.0,8.8,9.5,9.611,5.0,,9.3,9.7,,Sim,Sim,Fase 2 (5º e 6º ano),-1.0,Sem limitações,Destaque: A sua boa entrega das lições de casa.,Destaque: As suas boas notas na Passos Mágicos.,Destaque: A sua boa integração aos Princípios Passos Mágicos.,1,0.5601544670810934,56.02
RA-579,2022,1,J,Aluno-579,2012.0,,10.0,Feminino,2022.0,Escola Pública,,,,,Ágata,,Ágata,6.067,6.067,,,715.0,171.0,15.0,3.0,8.5,5.8,7.5,3.8,7.222,5.0,,0.0,7.5,,Não,Não,Fase 2 (5º e 6º ano),-1.0,Não atendido,Melhorar: Melhorar a sua entrega de lições de casa.,Melhorar: Empenhar-se mais nas aulas e avaliações.,Melhorar: Integrar-se mais aos Princípios Passos Mágicos.,1,0.9715760500059496,97.16
RA-580,2022,1,J,Aluno-580,2012.0,,10.0,Feminino,2020.0,Escola Pública,,,Topázio,Ametista,Ametista,,Ametista,7.525,7.525,,,299.0,78.0,5.0,3.0,8.0,9.6,7.5,7.6,7.167,5.0,,6.3,8.8,,Não,Não,Fase 2 (5º e 6º ano),-1.0,Não atendido,Destaque: A sua boa entrega das lições de casa.,Destaque: As suas boas notas na Passos Mágicos.,Melhorar: Integrar-se mais aos Princípios Passos Mágicos.,1,0.8961004250016551,89.61
RA-581,2022,1,J,Aluno-581,2012.0,,10.0,Masculino,2019.0,Escola Pública,,,Ametista,Ametista,Ágata,,Ágata,6.464,6.464,,,648.0,157.0,14.0,3.0,7.5,8.9,7.5,5.0,5.889,5.0,,5.3,4.7,,Não,Não,Fase 2 (5º e 6º ano),-1.0,Não atendido,Destaque: A sua boa entrega das lições de casa.,Melhorar: Empenhar-se mais nas aulas e avaliações.,Melhorar: Integrar-se mais aos Princípios Passos Mágicos.,1,0.9664174109361541,96.64
RA-582,2022,1,J,Aluno-582,2012.0,,10.0,Feminino,2022.0,Escola Pública,,,,,Ametista,,Ametista,7.064,7.064,,,466.0,119.0,10.0,3.0,10.0,9.0,7.5,4.9,7.222,5.0,,4.3,5.5,,Não,Não,Fase 2 (5º e 6º ano),-1.0,Não atendido,Destaque: A sua boa entrega das lições de casa.,Melhorar: Empenhar-se mais nas aulas e avaliações.,Melhorar: Integrar-se mais aos Princípios Passos Mágicos.,1,0.8622762251950011,86.23
RA-583,2022,1,J,Aluno-583,2010.0,,12.0,Feminino,2019.0,Escola Pública,,,Ametista,Ametista,Ametista,,Ametista,7.456,7.456,,,333.0,87.0,7.0,3.0,8.5,9.4,7.5,7.1,7.333,5.0,,6.2,8.0,,Não,Não,Fase 3 (7º e 8º ano),-2.0,Não atendido,Destaque: A sua boa entrega das lições de casa.,Melhorar: Empenhar-se mais nas aulas e avaliações.,Melhorar: Integrar-se mais aos Princípios Passos Mágicos.,1,0.9330196911736737,93.3
RA-584,2022,1,J,Aluno-584,2012.0,,10.0,Feminino,2019.0,Escola Pública,,,Topázio,Ametista,Ágata,,Ágata,6.714,6.714,,,585.0,143.0,12.0,3.0,8.0,8.5,7.5,4.6,7.333,5.0,,4.5,4.7,,Não,Não,Fase 2 (5º e 6º ano),-1.0,Não atendido,Destaque: A sua boa entrega das lições de casa.,Melhorar: Empenhar-se mais nas aulas e avaliações.,Melhorar: Integrar-se mais aos Princípios Passos Mágicos.,1,0.9718196523699318,97.18
RA-585,2022,1,K,Aluno-585,2013.0,,9.0,Feminino,2020.0,Escola Pública,,,Ágata,Topázio,Ametista,,Ametista,7.398,7.398,,,362.0,94.0,7.0,3.0,8.5,9.1,7.5,5.0,6.889,10.0,,3.7,6.3,,Não,Não,Fase 1 (4º ano),0.0,Não atendido,Destaque: A sua boa entrega das lições de casa.,Melhorar: Empenhar-se mais nas aulas e avaliações.,Melhorar: Integrar-se mais aos Princípios Passos Mágicos.,0,0.48075902967185735,48.08
RA-586,2022,1,K,Aluno-586,2012.0,,10.0,Feminino,2021.0,Rede Decisão,,,,Topázio,Ametista,,Ametista,7.988,7.988,,,146.0,37.0,3.0,3.0,10.0,9.6,5.6,8.2,8.778,5.0,,8.2,8.2,,Não,Sim,Fase 2 (5º e 6º ano),-1.0,Requer avaliação,Destaque: A sua boa entrega das lições de casa.,Destaque: As suas boas notas na Passos Mágicos.,Destaque: A sua boa integração aos Princípios Passos Mágicos.,1,0.770481134485286,77.05
RA-587,2022,1,K,Aluno-587,2012.0,,10.0,Masculino,2022.0,Escola Pública,,,,,Ágata,,Ágata,6.632,6.632,,,615.0,148.0,10.0,3.0,9.5,9.3,7.5,3.8,6.167,5.0,,1.0,6.5,,Não,Não,Fase 2 (5º e 6º ano),-1.0,Não atendido,Destaque: A sua boa entrega das lições de casa.,Melhorar: Empenhar-se mais nas aulas e avaliações.,Melhorar: Integrar-se mais aos Princípios Passos Mágicos.,1,0.9817923547879999,98.18
RA-588,2022,1,K,Aluno-588,2013.0,,9.0,Feminino,2021.0,Rede Decisão,,,,Topázio,Topázio,,Topázio,8.622,8.622,,,26.0,4.0,2.0,3.0,9.5,10.0,5.6,9.3,8.278,10.0,,9.3,9.2,,Não,Não,Fase 1 (4º ano),0.0,Sem limitações,Destaque: A sua boa entrega das lições de casa.,Destaque: As suas boas notas na Passos Mágicos.,Destaque: A sua boa integração aos Princípios Passos Mágicos.,0,0.2340979067555681,23.41
RA-589,2022,1,K,Aluno-589,2013.0,,9.0,Feminino,2022.0,Escola Pública,,,,,Ametista,,Ametista,7.744,7.744,,,219.0,57.0,4.0,3.0,9.5,9.4,7.5,5.8,7.056,10.0,,3.0,8.5,,Não,Não,Fase 1 (4º ano),0.0,Não atendido,Destaque: A sua boa entrega das lições de casa.,Melhorar: Empenhar-se mais nas aulas e avaliações.,Melhorar: Integrar-se mais aos Princípios Passos Mágicos.,0,0.2309108432175977,23.09
RA-590,2022,1,K,Aluno-590,2012.0,,10.0,Feminino,2020.0,Escola Pública,,,Ametista,Ágata,Ametista,,Ametista,7.435,7.435,,,341.0,90.0,6.0,3.0,8.5,8.6,7.5,7.4,7.611,5.0,,5.7,9.2,,Não,Não,Fase 2 (5º e 6º ano),-1.0,Não atendido,Destaque: A sua boa entrega das lições de casa.,Melhorar: Empenhar-se mais nas aulas e avaliações.,Destaque: A sua boa integração aos Princípios Passos Mágicos.,1,0.9148816795460992,91.49
RA-591,2022,1,K,Aluno-591,2011.0,,11.0,Masculino,2021.0,Escola Pública,,,,Ametista,Ametista,,Ametista,7.507,7.507,,,305.0,80.0,5.0,3.0,9.5,9.3,7.5,7.1,7.389,5.0,,7.8,6.3,,Não,Não,Fase 2 (5º e 6º ano),-1.0,Não atendido,Destaque: A sua boa entrega das lições de casa.,Melhorar: Empenhar-se mais nas aulas e avaliações.,Melhorar: Integrar-se mais aos Princípios Passos Mágicos.,1,0.9228356750720883,92.28
RA-592,2022,1,K,Aluno-592,2012.0,,10.0,Feminino,2020.0,Escola Pública,,,Ametista,Ametista,Ametista,,Ametista,7.381,7.381,,,368.0,96.0,9.0,3.0,8.0,8.5,5.6,8.4,7.778,5.0,,7.2,9.7,,Não,Não,Fase 2 (5º e 6º ano),-1.0,Requer avaliação,Destaque: A sua boa entrega das lições de casa.,Destaque: As suas boas notas na Passos Mágicos.,Destaque: A sua boa integração aos Princípios Passos Mágicos.,1,0.9245400946091646,92.45
RA-593,2022,1,K,Aluno-593,2012.0,,10.0,Feminino,2021.0,Escola Pública,,,,Topázio,Ágata,,Ágata,6.254,6.254,,,694.0,168.0,11.0,3.0,7.5,7.4,7.5,4.6,6.278,5.0,,3.0,6.2,,Não,Não,Fase 2 (5º e 6º ano),-1.0,Não atendido,Melhorar: Melhorar a sua entrega de lições de casa.,Melhorar: Empenhar-se mais nas aulas e avaliações.,Melhorar: Integrar-se mais aos Princípios Passos Mágicos.,1,0.9920358971557743,99.2
RA-594,2022,1,K,Aluno-594,2012.0,,10.0,Masculino,2022.0,Escola Pública,,,,,Ametista,,Ametista,7.392,7.392,,,364.0,95.0,8.0,3.0,8.0,9.4,7.5,7.8,6.889,5.0,,6.0,9.5,,Não,Não,Fase 2 (5º e 6º ano),-1.0,Não atendido,Destaque: A sua boa entrega das lições de casa.,Destaque: As suas boas notas na Passos Mágicos.,Melhorar: Integrar-se mais aos Princípios Passos Mágicos.,1,0.8585793487530701,85.86
RA-595,2022,1,K,Aluno-595,2010.0,,12.0,Masculino,2018.0,Escola Pública,,,Ágata,Ametista,Quartzo,,Quartzo,5.18,5.18,,,813.0,187.0,12.0,3.0,8.5,5.5,7.5,1.0,6.0,5.0,,2.0,0.0,,Não,Não,Fase 3 (7º e 8º ano),-2.0,Não atendido,Melhorar: Melhorar a sua entrega de lições de casa.,Melhorar: Empenhar-se mais nas aulas e avaliações.,Melhorar: Integrar-se mais aos Princípios Passos Mágicos.,1,0.9441067476296056,94.41
RA-596,2022,1,K,Aluno-596,2013.0,,9.0,Feminino,2021.0,Escola Pública,,,,Topázio,Topázio,,Topázio,8.971,8.971,,,4.0,1.0,1.0,3.0,9.5,10.0,7.5,9.3,9.0,10.0,,8.8,9.8,,Sim,Sim,Fase 1 (4º ano),0.0,Sem limitações,Destaque: A sua boa entrega das lições de casa.,Destaque: As suas boas notas na Passos Mágicos.,Destaque: A sua boa integração aos Princípios Passos Mágicos.,0,0.3059325873111054,30.59
RA-597,2022,1,L,Aluno-597,2013.0,,9.0,Masculino,2022.0,Escola Pública,,,,,Topázio,,Topázio,8.265,8.265,,,67.0,14.0,1.0,3.0,9.0,10.0,7.5,8.0,7.056,10.0,,6.5,9.5,,Não,Não,Fase 1 (4º ano),0.0,Sem limitações,Destaque: A sua boa entrega das lições de casa.,Destaque: As suas boas notas na Passos Mágicos.,Melhorar: Integrar-se mais aos Princípios Passos Mágicos.,0,0.15095719463479582,15.1
RA-598,2022,1,L,Aluno-598,2011.0,,11.0,Feminino,2022.0,Escola Pública,,,,,Ágata,,Ágata,6.35,6.35,,,669.0,162.0,13.0,3.0,9.5,7.2,7.5,3.7,6.944,5.0,,4.7,2.7,,Não,Não,Fase 2 (5º e 6º ano),-1.0,Sem limitações,Melhorar: Melhorar a sua entrega de lições de casa.,Melhorar: Empenhar-se mais nas aulas e avaliações.,Melhorar: Integrar-se mais aos Princípios Passos Mágicos.,1,0.9836099766781061,98.36
RA-599,2022,1,L,Aluno-599,2012.0,,10.0,Masculino,2022.0,Escola Pública,,,,,Topázio,,Topázio,8.2,8.2,,,85.0,19.0,2.0,3.0,9.5,9.2,7.5,9.1,8.556,5.0,,8.3,9.8,,Sim,Sim,Fase 2 (5º e 6º ano),-1.0,Sem limitações,Destaque: A sua boa entrega das lições de casa.,Destaque: As suas boas notas na Passos Mágicos.,Destaque: A sua boa integração aos Princípios Passos Mágicos.,1,0.6284132460808955,62.84
RA-600,2022,1,L,Aluno-600,2013.0,,9.0,Feminino,2021.0,Escola Pública,,,,Ametista,Ágata,,Ágata,7.011,7.011,,,483.0,126.0,10.0,3.0,8.5,8.4,7.5,3.9,6.833,10.0,,2.8,5.0,,Não,Não,Fase 1 (4º ano),0.0,Sem limitações,Destaque: A sua boa entrega das lições de casa.,Melhorar: Empenhar-se mais nas aulas e avaliações.,Melhorar: Integrar-se mais aos Princípios Passos Mágicos.,1,0.7179481293224721,71.79
RA-601,2022,1,L,Aluno-601,2014.0,,8.0,Masculino,2021.0,Escola Pública,,,,Topázio,Ametista,,Ametista,7.713,7.713,,,231.0,60.0,7.0,3.0,9.0,9.7,7.5,5.7,7.167,10.0,,5.3,6.0,,Não,Não,ALFA  (2º e 3º ano),1.0,Sem limitações,Destaque: A sua boa entrega das lições de casa.,Melhorar: Empenhar-se mais nas aulas e avaliações.,Melhorar: Integrar-se mais aos Princípios Passos Mágicos.,0,0.10268957553085718,10.27
RA-602,2022,1,L,Aluno-602,2011.0,,11.0,Masculino,2019.0,Escola Pública,,,Ametista,Ametista,Ametista,,Ametista,8.041,8.041,,,134.0,32.0,4.0,3.0,10.0,9.7,7.5,8.6,7.667,5.0,,8.3,8.8,,Sim,Não,Fase 2 (5º e 6º ano),-1.0,Sem limitações,Destaque: A sua boa entrega das lições de casa.,Destaque: As suas boas notas na Passos Mágicos.,Destaque: A sua boa integração aos Princípios Passos Mágicos.,1,0.8004843976189479,80.05
RA-603,2022,1,L,Aluno-603,2011.0,,11.0,Feminino,2022.0,Escola Pública,,,,,Ametista,,Ametista,7.78,7.78,,,209.0,52.0,6.0,3.0,9.0,9.5,7.5,7.5,8.0,5.0,,6.7,8.3,,Não,Não,Fase 2 (5º e 6º ano),-1.0,Sem limitações,Destaque: A sua boa entrega das lições de casa.,Destaque: As suas boas notas na Passos Mágicos.,Destaque: A sua boa integração aos Princípios Passos Mágicos.,1,0.7645533597349747,76.46
RA-604,2022,1,L,Aluno-604,2012.0,,10.0,Feminino,2021.0,Escola Pública,,,,Ametista,Ametista,,Ametista,8.018,8.018,,,136.0,34.0,5.0,3.0,9.0,9.0,7.5,8.8,8.333,5.0,,8.0,9.7,,Sim,Não,Fase 2 (5º e 6º ano),-1.0,Sem limitações,Destaque: A sua boa entrega das lições de casa.,Destaque: As suas boas notas na Passos Mágicos.,Destaque: A sua boa integração aos Princípios Passos Mágicos.,1,0.5519388494394364,55.19
RA-605,2022,1,L,Aluno-605,2010.0,,12.0,Feminino,2021.0,Escola Pública,,,,Ametista,Ametista,,Ametista,7.276,7.276,,,406.0,106.0,8.0,3.0,6.9,9.3,6.9,7.1,7.556,5.0,,6.2,8.0,,Não,Não,Fase 3 (7º e 8º ano),-2.0,Sem limitações,Destaque: A sua boa entrega das lições de casa.,Melhorar: Empenhar-se mais nas aulas e avaliações.,Destaque: A sua boa integração aos Princípios Passos Mágicos.,1,0.9531489198731892,95.31
RA-606,2022,1,L,Aluno-606,2012.0,,10.0,Masculino,2022.0,Escola Pública,,,,,Ágata,,Ágata,6.127,6.127,,,704.0,169.0,14.0,3.0,9.5,9.0,7.5,1.8,6.111,5.0,,2.0,1.5,,Não,Não,Fase 2 (5º e 6º ano),-1.0,Sem limitações,Destaque: A sua boa entrega das lições de casa.,Melhorar: Empenhar-se mais nas aulas e avaliações.,Melhorar: Integrar-se mais aos Princípios Passos Mágicos.,1,0.9846806088747685,98.47
RA-607,2022,1,L,Aluno-607,2012.0,,10.0,Masculino,2022.0,Escola Pública,,,,,Ágata,,Ágata,6.44,6.44,,,652.0,158.0,12.0,3.0,6.8,8.1,7.5,4.0,7.444,5.0,,3.0,5.0,,Não,Não,Fase 2 (5º e 6º ano),-1.0,Sem limitações,Destaque: A sua boa entrega das lições de casa.,Melhorar: Empenhar-se mais nas aulas e avaliações.,Melhorar: Integrar-se mais aos Princípios Passos Mágicos.,1,0.9805261574264361,98.05
RA-608,2022,1,L,Aluno-608,2012.0,,10.0,Masculino,2022.0,Escola Pública,,,,,Ametista,,Ametista,7.216,7.216,,,422.0,108.0,9.0,3.0,7.8,9.6,7.5,6.3,7.222,5.0,,3.0,9.5,,Não,Não,Fase 2 (5º e 6º ano),-1.0,Sem limitações,Destaque: A sua boa entrega das lições de casa.,Melhorar: Empenhar-se mais nas aulas e avaliações.,Melhorar: Integrar-se mais aos Princípios Passos Mágicos.,1,0.824688572889665,82.47
RA-609,2022,1,L,Aluno-609,2011.0,,11.0,Masculino,2019.0,Escola Pública,,,Ametista,Ágata,Ágata,,Ágata,6.794,6.794,,,557.0,137.0,11.0,3.0,8.5,7.6,7.5,6.0,7.056,5.0,,6.5,5.5,,Não,Não,Fase 2 (5º e 6º ano),-1.0,Sem limitações,Destaque: A sua boa entrega das lições de casa.,Melhorar: Empenhar-se mais nas aulas e avaliações.,Melhorar: Integrar-se mais aos Princípios Passos Mágicos.,1,0.9751535526340968,97.52
RA-610,2022,1,L,Aluno-610,2013.0,,9.0,Feminino,2022.0,Escola Pública,,,,,Topázio,,Topázio,8.18,8.18,,,91.0,21.0,3.0,3.0,9.0,9.6,7.5,6.5,8.5,10.0,,6.0,7.0,,Não,Sim,Fase 1 (4º ano),0.0,Sem limitações,Destaque: A sua boa entrega das lições de casa.,Melhorar: Empenhar-se mais nas aulas e avaliações.,Destaque: A sua boa integração aos Princípios Passos Mágicos.,0,0.12102310499569001,12.1
RA-611,2022,1,M,Aluno-611,2010.0,,12.0,Masculino,2021.0,Escola Pública,,,,Ametista,Ametista,,Ametista,7.756,7.756,,,214.0,54.0,4.0,3.0,9.5,7.6,7.5,9.5,7.556,5.0,,10.0,9.0,,Sim,Não,Fase 3 (7º e 8º ano),-2.0,Não atendido,Destaque: A sua boa entrega das lições de casa.,Destaque: As suas boas notas na Passos Mágicos.,Destaque: A sua boa integração aos Princípios Passos Mágicos.,1,0.8566501178435972,85.67
RA-612,2022,1,M,Aluno-612,2012.0,,10.0,Feminino,2021.0,Escola Pública,,,,Topázio,Ametista,,Ametista,7.594,7.594,,,273.0,71.0,6.0,3.0,9.0,9.2,7.5,7.9,7.167,5.0,,9.7,6.2,,Não,Não,Fase 2 (5º e 6º ano),-1.0,Não atendido,Destaque: A sua boa entrega das lições de casa.,Destaque: As suas boas notas na Passos Mágicos.,Melhorar: Integrar-se mais aos Princípios Passos Mágicos.,1,0.8467041632591089,84.67
RA-613,2022,1,M,Aluno-613,2009.0,,13.0,Masculino,2020.0,Escola Pública,,,Ametista,Ametista,Topázio,,Topázio,8.121,8.121,,,108.0,23.0,2.0,3.0,9.0,9.2,7.5,9.2,8.556,5.0,,9.2,9.2,,Sim,Sim,Fase 3 (7º e 8º ano),-2.0,Não atendido,Destaque: A sua boa entrega das lições de casa.,Destaque: As suas boas notas na Passos Mágicos.,Destaque: A sua boa integração aos Princípios Passos Mágicos.,1,0.7275694886112218,72.76
RA-614,2022,1,M,Aluno-614,2010.0,,12.0,Masculino,2021.0,Escola Pública,,,,Topázio,Topázio,,Topázio,8.339,8.339,,,55.0,8.0,1.0,3.0,9.5,9.7,7.5,9.6,8.278,5.0,,9.8,9.3,,Sim,Não,Fase 3 (7º e 8º ano),-2.0,Não atendido,Destaque: A sua boa entrega das lições de casa.,Destaque: As suas boas notas na Passos Mágicos.,Destaque: A sua boa integração aos Princípios Passos Mágicos.,1,0.691891909737258,69.19
RA-615,2022,1,M,Aluno-615,2013.0,,9.0,Feminino,2020.0,Escola Pública,,,Topázio,Topázio,Topázio,,Topázio,8.086,8.086,,,120.0,27.0,3.0,3.0,9.5,9.7,7.5,7.3,6.889,10.0,,7.8,6.7,,Não,Não,Fase 1 (4º ano),0.0,Não atendido,Destaque: A sua boa entrega das lições de casa.,Melhorar: Empenhar-se mais nas aulas e avaliações.,Melhorar: Integrar-se mais aos Princípios Passos Mágicos.,0,0.1863131999366321,18.63
RA-616,2022,1,M,Aluno-616,2010.0,,12.0,Masculino,2019.0,Escola Pública,,,Ágata,Ametista,Ametista,,Ametista,7.303,7.303,,,391.0,102.0,8.0,3.0,7.4,7.4,7.5,8.8,7.278,5.0,,9.2,8.5,,Não,Não,Fase 3 (7º e 8º ano),-2.0,Não atendido,Melhorar: Melhorar a sua entrega de lições de casa.,Destaque: As suas boas notas na Passos Mágicos.,Melhorar: Integrar-se mais aos Princípios Passos Mágicos.,1,0.8956676980665641,89.57
RA-617,2022,1,M,Aluno-617,2011.0,,11.0,Feminino,2021.0,Escola Pública,,,,Ametista,Ametista,,Ametista,7.107,7.107,,,453.0,115.0,10.0,3.0,8.5,8.9,7.5,6.3,6.778,5.0,,4.5,8.0,,Não,Não,Fase 2 (5º e 6º ano),-1.0,Não atendido,Destaque: A sua boa entrega das lições de casa.,Melhorar: Empenhar-se mais nas aulas e avaliações.,Melhorar: Integrar-se mais aos Princípios Passos Mágicos.,1,0.8794381857704885,87.94
RA-618,2022,1,M,Aluno-618,2009.0,,13.0,Masculino,2020.0,Escola Pública,,,Ametista,Ametista,Ametista,,Ametista,7.18,7.18,,,438.0,112.0,9.0,3.0,8.9,8.3,7.5,6.7,7.333,5.0,,6.8,6.5,,Não,Não,Fase 3 (7º e 8º ano),-2.0,Não atendido,Destaque: A sua boa entrega das lições de casa.,Melhorar: Empenhar-se mais nas aulas e avaliações.,Melhorar: Integrar-se mais aos Princípios Passos Mágicos.,1,0.9028306830159303,90.28
RA-619,2022,1,M,Aluno-619,2011.0,,11.0,Feminino,2021.0,Escola Pública,,,,Ametista,Ametista,,Ametista,7.693,7.693,,,236.0,62.0,5.0,3.0,9.5,8.0,7.5,9.0,7.333,5.0,,9.2,8.8,,Não,Não,Fase 2 (5º e 6º ano),-1.0,Não atendido,Destaque: A sua boa entrega das lições de casa.,Destaque: As suas boas notas na Passos Mágicos.,Melhorar: Integrar-se mais aos Princípios Passos Mágicos.,1,0.8661634119351589,86.62
RA-620,2022,1,M,Aluno-620,2010.0,,12.0,Masculino,2021.0,Escola Pública,,,,Ametista,Ágata,,Ágata,6.018,6.018,,,726.0,173.0,11.0,3.0,0.0,7.5,7.5,6.8,6.833,5.0,,8.5,5.0,,Não,Não,Fase 3 (7º e 8º ano),-2.0,Não atendido,Destaque: A sua boa entrega das lições de casa.,Melhorar: Empenhar-se mais nas aulas e avaliações.,Melhorar: Integrar-se mais aos Princípios Passos Mágicos.,1,0.9165259945028584,91.65
RA-621,2022,1,M,Aluno-621,2012.0,,10.0,Masculino,2020.0,Escola Pública,,,Topázio,Topázio,Ametista,,Ametista,7.448,7.448,,,337.0,89.0,7.0,3.0,9.5,7.7,7.5,7.5,8.222,5.0,,6.8,8.2,,Não,Não,Fase 2 (5º e 6º ano),-1.0,Não atendido,Destaque: A sua boa entrega das lições de casa.,Destaque: As suas boas notas na Passos Mágicos.,Destaque: A sua boa integração aos Princípios Passos Mágicos.,1,0.9334195324677897,93.34
RA-622,2022,1,N,Aluno-622,2010.0,,12.0,Feminino,2019.0,Escola Pública,,,Quartzo,Quartzo,Quartzo,,Quartzo,4.934,4.934,,,828.0,190.0,10.0,3.0,3.5,3.8,7.5,3.8,6.0,5.0,,4.8,2.7,,Não,Não,Fase 3 (7º e 8º ano),-2.0,Não atendido,Melhorar: Melhorar a sua entrega de lições de casa.,Melhorar: Empenhar-se mais nas aulas e avaliações.,Melhorar: Integrar-se mais aos Princípios Passos Mágicos.,1,0.8846799750749698,88.47
RA-623,2022,1,N,Aluno-623,2009.0,,13.0,Masculino,2022.0,Escola Pública,,,,,Ametista,,Ametista,7.524,7.524,,,300.0,79.0,4.0,3.0,7.5,9.0,7.5,8.3,7.389,5.0,,9.3,7.2,,Não,Não,Fase 3 (7º e 8º ano),-2.0,Não atendido,Destaque: A sua boa entrega das lições de casa.,Destaque: As suas boas notas na Passos Mágicos.,Melhorar: Integrar-se mais aos Princípios Passos Mágicos.,1,0.9459054677996381,94.59
RA-624,2022,1,N,Aluno-624,2012.0,,10.0,Masculino,2022.0,Escola Pública,,,,,Ametista,,Ametista,7.425,7.425,,,346.0,91.0,6.0,3.0,9.0,8.9,7.5,6.8,7.722,5.0,,8.0,5.5,,Não,Não,Fase 2 (5º e 6º ano),-1.0,Não atendido,Destaque: A sua boa entrega das lições de casa.,Melhorar: Empenhar-se mais nas aulas e avaliações.,Destaque: A sua boa integração aos Princípios Passos Mágicos.,1,0.9403336094069918,94.03
RA-625,2022,1,N,Aluno-625,2011.0,,11.0,Masculino,2022.0,Escola Pública,,,,,Ametista,,Ametista,7.483,7.483,,,319.0,82.0,5.0,3.0,8.0,9.2,7.5,7.8,7.333,5.0,,8.5,7.0,,Não,Não,Fase 2 (5º e 6º ano),-1.0,Não atendido,Destaque: A sua boa entrega das lições de casa.,Destaque: As suas boas notas na Passos Mágicos.,Melhorar: Integrar-se mais aos Princípios Passos Mágicos.,1,0.9187106402989592,91.87
RA-626,2022,1,N,Aluno-626,2011.0,,11.0,Masculino,2021.0,Escola Pública,,,,Ágata,Quartzo,,Quartzo,5.818,5.818,,,748.0,178.0,9.0,3.0,7.4,7.6,7.5,1.3,7.278,5.0,,2.5,0.0,,Não,Não,Fase 2 (5º e 6º ano),-1.0,Não atendido,Destaque: A sua boa entrega das lições de casa.,Melhorar: Empenhar-se mais nas aulas e avaliações.,Melhorar: Integrar-se mais aos Princípios Passos Mágicos.,1,0.956210460688407,95.62
RA-627,2022,1,N,Aluno-627,2012.0,,10.0,Feminino,2022.0,Escola Pública,,,,,Ágata,,Ágata,6.621,6.621,,,619.0,150.0,8.0,3.0,7.0,6.7,7.5,6.5,7.0,5.0,,6.2,6.8,,Não,Não,Fase 2 (5º e 6º ano),-1.0,Não atendido,Melhorar: Melhorar a sua entrega de lições de casa.,Melhorar: Empenhar-se mais nas aulas e avaliações.,Melhorar: Integrar-se mais aos Princípios Passos Mágicos.,1,0.9706528255980951,97.07
RA-628,2022,1,N,Aluno-628,2011.0,,11.0,Masculino,2022.0,Escola Pública,,,,,Ametista,,Ametista,7.577,7.577,,,282.0,76.0,3.0,3.0,9.5,7.6,7.5,9.2,7.333,5.0,,9.3,9.0,,Não,Não,Fase 2 (5º e 6º ano),-1.0,Não atendido,Destaque: A sua boa entrega das lições de casa.,Destaque: As suas boas notas na Passos Mágicos.,Melhorar: Integrar-se mais aos Princípios Passos Mágicos.,1,0.8739788604766788,87.4
RA-629,2022,1,N,Aluno-629,2013.0,,9.0,Masculino,2022.0,Escola Pública,,,,,Topázio,,Topázio,8.11,8.11,,,112.0,24.0,1.0,3.0,9.0,10.0,7.5,7.0,7.278,10.0,,5.0,9.0,,Não,Não,Fase 1 (4º ano),0.0,Não atendido,Destaque: A sua boa entrega das lições de casa.,Melhorar: Empenhar-se mais nas aulas e avaliações.,Melhorar: Integrar-se mais aos Princípios Passos Mágicos.,0,0.10394271124851892,10.39
RA-630,2022,1,N,Aluno-630,2013.0,,9.0,Masculino,2022.0,Escola Pública,,,,,Topázio,,Topázio,8.064,8.064,,,127.0,30.0,2.0,3.0,9.5,9.2,7.5,7.3,7.278,10.0,,6.5,8.0,,Não,Não,Fase 1 (4º ano),0.0,Não atendido,Destaque: A sua boa entrega das lições de casa.,Melhorar: Empenhar-se mais nas aulas e avaliações.,Melhorar: Integrar-se mais aos Princípios Passos Mágicos.,0,0.13236774681288313,13.24
RA-631,2022,1,N,Aluno-631,2010.0,,12.0,Masculino,2022.0,Escola Pública,,,,,Ágata,,Ágata,6.928,6.928,,,515.0,133.0,7.0,3.0,8.5,6.8,7.5,7.0,7.222,5.0,,7.3,6.7,,Não,Não,Fase 3 (7º e 8º ano),-2.0,Não atendido,Melhorar: Melhorar a sua entrega de lições de casa.,Melhorar: Empenhar-se mais nas aulas e avaliações.,Melhorar: Integrar-se mais aos Princípios Passos Mágicos.,1,0.9526414119393736,95.26
RA-632,2022,1,P,Aluno-632,2012.0,,10.0,Feminino,2022.0,Escola Pública,,,,,Ágata,,Ágata,6.996,6.996,,,489.0,129.0,9.0,3.0,8.5,9.3,6.9,6.3,6.722,5.0,,5.5,7.2,,Não,Não,Fase 2 (5º e 6º ano),-1.0,Sem limitações,Destaque: A sua boa entrega das lições de casa.,Melhorar: Empenhar-se mais nas aulas e avaliações.,Melhorar: Integrar-se mais aos Princípios Passos Mágicos.,1,0.9381184387842104,93.81
RA-633,2022,1,P,Aluno-633,2011.0,,11.0,Feminino,2020.0,Escola Pública,,,Ametista,Ágata,Ametista,,Ametista,7.476,7.476,,,325.0,84.0,5.0,3.0,7.3,8.9,7.5,7.7,7.833,5.0,,6.8,8.5,,Não,Não,Fase 2 (5º e 6º ano),-1.0,Não atendido,Destaque: A sua boa entrega das lições de casa.,Destaque: As suas boas notas na Passos Mágicos.,Destaque: A sua boa integração aos Princípios Passos Mágicos.,1,0.9415624939331271,94.16
RA-634,2022,1,P,Aluno-634,2011.0,,11.0,Feminino,2022.0,Escola Pública,,,,,Ametista,,Ametista,7.619,7.619,,,267.0,69.0,4.0,3.0,9.5,9.4,7.5,6.5,8.222,5.0,,8.0,5.0,,Não,Não,Fase 2 (5º e 6º ano),-1.0,Não atendido,Destaque: A sua boa entrega das lições de casa.,Melhorar: Empenhar-se mais nas aulas e avaliações.,Destaque: A sua boa integração aos Princípios Passos Mágicos.,1,0.7293530578941028,72.94
RA-635,2022,1,P,Aluno-635,2012.0,,10.0,Masculino,2022.0,Escola Pública,,,,,Quartzo,,Quartzo,5.313,5.313,,,802.0,184.0,14.0,3.0,10.0,4.9,6.9,1.5,6.444,5.0,,0.5,2.5,,Não,Não,Fase 2 (5º e 6º ano),-1.0,Requer avaliação,Melhorar: Melhorar a sua entrega de lições de casa.,Melhorar: Empenhar-se mais nas aulas e avaliações.,Melhorar: Integrar-se mais aos Princípios Passos Mágicos.,1,0.9794767688821385,97.95
RA-636,2022,1,P,Aluno-636,2012.0,,10.0,Masculino,2022.0,Escola Pública,,,,,Ametista,,Ametista,7.189,7.189,,,434.0,110.0,6.0,3.0,8.5,8.0,6.9,7.3,7.389,5.0,,7.3,7.3,,Sim,Não,Fase 2 (5º e 6º ano),-1.0,Requer avaliação,Destaque: A sua boa entrega das lições de casa.,Melhorar: Empenhar-se mais nas aulas e avaliações.,Melhorar: Integrar-se mais aos Princípios Passos Mágicos.,1,0.919851733261829,91.99
RA-637,2022,1,P,Aluno-637,2012.0,,10.0,Feminino,2021.0,Escola Pública,,,,Topázio,Ametista,,Ametista,7.039,7.039,,,477.0,124.0,8.0,3.0,8.5,9.0,7.5,5.8,7.0,5.0,,4.8,6.8,,Não,Não,Fase 2 (5º e 6º ano),-1.0,Não atendido,Destaque: A sua boa entrega das lições de casa.,Melhorar: Empenhar-se mais nas aulas e avaliações.,Melhorar: Integrar-se mais aos Princípios Passos Mágicos.,1,0.9230730924920347,92.31
RA-638,2022,1,P,Aluno-638,2013.0,,9.0,Feminino,2020.0,Escola Pública,,,Topázio,Ametista,Ametista,,Ametista,7.059,7.059,,,467.0,120.0,7.0,3.0,8.5,9.3,7.5,3.9,6.278,10.0,,2.0,5.8,,Não,Não,Fase 1 (4º ano),0.0,Não atendido,Destaque: A sua boa entrega das lições de casa.,Melhorar: Empenhar-se mais nas aulas e avaliações.,Melhorar: Integrar-se mais aos Princípios Passos Mágicos.,1,0.6571987397322562,65.72
RA-639,2022,1,P,Aluno-639,2012.0,,10.0,Feminino,2021.0,Escola Pública,,,,Ametista,Ágata,,Ágata,6.613,6.613,,,622.0,151.0,12.0,3.0,8.5,7.4,7.5,5.5,6.611,5.0,,3.2,7.8,,Não,Não,Fase 2 (5º e 6º ano),-1.0,Não atendido,Melhorar: Melhorar a sua entrega de lições de casa.,Melhorar: Empenhar-se mais nas aulas e avaliações.,Melhorar: Integrar-se mais aos Princípios Passos Mágicos.,1,0.9812940315648373,98.13
RA-640,2022,1,P,Aluno-640,2011.0,,11.0,Feminino,2022.0,Escola Pública,,,,,Ágata,,Ágata,6.73,6.73,,,577.0,141.0,11.0,3.0,9.0,8.4,7.5,4.8,6.778,5.0,,2.5,7.0,,Não,Não,Fase 2 (5º e 6º ano),-1.0,Não atendido,Destaque: A sua boa entrega das lições de casa.,Melhorar: Empenhar-se mais nas aulas e avaliações.,Melhorar: Integrar-se mais aos Princípios Passos Mágicos.,1,0.9705910425894353,97.06
RA-641,2022,1,P,Aluno-641,2013.0,,9.0,Feminino,2022.0,Escola Pública,,,,,Ametista,,Ametista,7.776,7.776,,,210.0,53.0,2.0,3.0,9.0,9.3,7.5,6.5,6.778,10.0,,4.5,8.5,,Não,Não,Fase 1 (4º ano),0.0,Não atendido,Destaque: A sua boa entrega das lições de casa.,Melhorar: Empenhar-se mais nas aulas e avaliações.,Melhorar: Integrar-se mais aos Princípios Passos Mágicos.,0,0.2833236221385428,28.33
RA-642,2022,1,P,Aluno-642,2012.0,,10.0,Feminino,2021.0,Escola Pública,,,,Topázio,Ametista,,Ametista,7.75,7.75,,,216.0,55.0,3.0,3.0,10.0,9.7,6.9,7.3,7.778,5.0,,7.0,7.7,,Não,Não,Fase 2 (5º e 6º ano),-1.0,Sem limitações,Destaque: A sua boa entrega das lições de casa.,Melhorar: Empenhar-se mais nas aulas e avaliações.,Destaque: A sua boa integração aos Princípios Passos Mágicos.,1,0.767983344743834,76.8
RA-643,2022,1,P,Aluno-643,2012.0,,10.0,Masculino,2022.0,Escola Pública,,,,,Ágata,,Ágata,6.763,6.763,,,565.0,139.0,10.0,3.0,9.0,8.0,7.5,6.2,6.722,5.0,,6.3,6.0,,Não,Não,Fase 2 (5º e 6º ano),-1.0,Não atendido,Destaque: A sua boa entrega das lições de casa.,Melhorar: Empenhar-se mais nas aulas e avaliações.,Melhorar: Integrar-se mais aos Princípios Passos Mágicos.,1,0.9868169093213055,98.68
RA-644,2022,1,P,Aluno-644,2011.0,,11.0,Feminino,2021.0,Escola Pública,,,,Ametista,Ametista,,Ametista,7.83,7.83,,,195.0,45.0,1.0,3.0,9.5,8.0,7.5,8.8,8.278,5.0,,9.7,8.0,,Sim,Não,Fase 2 (5º e 6º ano),-1.0,Não atendido,Destaque: A sua boa entrega das lições de casa.,Destaque: As suas boas notas na Passos Mágicos.,Destaque: A sua boa integração aos Princípios Passos Mágicos.,1,0.8935161087047642,89.35
RA-645,2022,1,P,Aluno-645,2012.0,,10.0,Feminino,2022.0,Escola Pública,,,,,Ágata,,Ágata,6.086,6.086,,,711.0,170.0,13.0,3.0,8.5,8.1,7.5,2.0,6.833,5.0,,4.0,0.0,,Não,Não,Fase 2 (5º e 6º ano),-1.0,Requer avaliação,Destaque: A sua boa entrega das lições de casa.,Melhorar: Empenhar-se mais nas aulas e avaliações.,Melhorar: Integrar-se mais aos Princípios Passos Mágicos.,1,0.9543729947052313,95.44
RA-646,2022,1,R,Aluno-646,2009.0,,13.0,Masculino,2019.0,Escola Pública,,,Ametista,Ametista,Topázio,,Topázio,8.181,8.181,,,90.0,20.0,1.0,3.0,8.5,9.8,8.1,8.4,8.389,5.0,,8.8,8.0,,Sim,Sim,Fase 3 (7º e 8º ano),-2.0,Não atendido,Destaque: A sua boa entrega das lições de casa.,Destaque: As suas boas notas na Passos Mágicos.,Destaque: A sua boa integração aos Princípios Passos Mágicos.,1,0.6940611133230569,69.41
RA-647,2022,1,R,Aluno-647,2012.0,,10.0,Masculino,2022.0,Escola Pública,,,,,Ágata,,Ágata,6.606,6.606,,,624.0,152.0,12.0,3.0,9.5,8.6,7.5,3.3,7.278,5.0,,1.5,5.2,,Não,Não,Fase 2 (5º e 6º ano),-1.0,Não atendido,Destaque: A sua boa entrega das lições de casa.,Melhorar: Empenhar-se mais nas aulas e avaliações.,Melhorar: Integrar-se mais aos Princípios Passos Mágicos.,1,0.9847463246650857,98.47
RA-648,2022,1,R,Aluno-648,2010.0,,12.0,Masculino,2019.0,Escola Pública,,,Ametista,Ametista,Ágata,,Ágata,6.736,6.736,,,574.0,140.0,10.0,3.0,9.0,7.5,6.9,5.3,7.5,5.0,,5.0,5.5,,Não,Não,Fase 3 (7º e 8º ano),-2.0,Sem limitações,Melhorar: Melhorar a sua entrega de lições de casa.,Melhorar: Empenhar-se mais nas aulas e avaliações.,Destaque: A sua boa integração aos Princípios Passos Mágicos.,1,0.9841461377459378,98.41
RA-649,2022,1,R,Aluno-649,2010.0,,12.0,Feminino,2019.0,Escola Pública,,,Ágata,Ametista,Ametista,,Ametista,7.302,7.302,,,393.0,103.0,8.0,3.0,8.5,8.9,5.6,7.4,7.611,5.0,,6.3,8.5,,Não,Não,Fase 3 (7º e 8º ano),-2.0,Requer avaliação,Destaque: A sua boa entrega das lições de casa.,Melhorar: Empenhar-se mais nas aulas e avaliações.,Destaque: A sua boa integração aos Princípios Passos Mágicos.,1,0.9723178620057817,97.23
RA-650,2022,1,R,Aluno-650,2011.0,,11.0,Feminino,2021.0,Escola Pública,,,,Ametista,Ágata,,Ágata,7.004,7.004,,,486.0,127.0,9.0,3.0,6.9,8.7,5.6,6.9,7.5,5.0,,5.5,8.3,,Não,Não,Fase 2 (5º e 6º ano),-1.0,Sem limitações,Destaque: A sua boa entrega das lições de casa.,Melhorar: Empenhar-se mais nas aulas e avaliações.,Destaque: A sua boa integração aos Princípios Passos Mágicos.,1,0.9639352871442459,96.39
RA-651,2022,1,R,Aluno-651,2012.0,,10.0,Feminino,2022.0,Escola Pública,,,,,Ametista,,Ametista,7.866,7.866,,,180.0,40.0,5.0,3.0,8.5,9.3,7.5,7.8,8.333,5.0,,7.7,7.8,,Sim,Não,Fase 2 (5º e 6º ano),-1.0,Não atendido,Destaque: A sua boa entrega das lições de casa.,Destaque: As suas boas notas na Passos Mágicos.,Destaque: A sua boa integração aos Princípios Passos Mágicos.,1,0.7862485306276364,78.62
RA-652,2022,1,R,Aluno-652,2013.0,,9.0,Feminino,2022.0,Escola Pública,,,,,Topázio,,Topázio,8.151,8.151,,,98.0,22.0,2.0,3.0,8.0,9.6,7.5,7.8,7.5,10.0,,7.0,8.5,,Não,Não,Fase 1 (4º ano),0.0,Não atendido,Destaque: A sua boa entrega das lições de casa.,Destaque: As suas boas notas na Passos Mágicos.,Destaque: A sua boa integração aos Princípios Passos Mágicos.,0,0.09816879900019843,9.82
RA-653,2022,1,R,Aluno-653,2011.0,,11.0,Feminino,2022.0,Escola Pública,,,,,Topázio,,Topázio,8.101,8.101,,,115.0,25.0,3.0,3.0,9.5,9.6,7.5,9.3,7.5,5.0,,9.5,9.0,,Não,Não,Fase 2 (5º e 6º ano),-1.0,Não atendido,Destaque: A sua boa entrega das lições de casa.,Destaque: As suas boas notas na Passos Mágicos.,Destaque: A sua boa integração aos Princípios Passos Mágicos.,1,0.7845591480976277,78.46
RA-654,2022,1,R,Aluno-654,2010.0,,12.0,Feminino,2022.0,Escola Pública,,,,,Ametista,,Ametista,7.308,7.308,,,384.0,99.0,7.0,3.0,8.5,8.6,7.5,6.8,7.556,5.0,,5.5,8.0,,Não,Não,Fase 3 (7º e 8º ano),-2.0,Não atendido,Destaque: A sua boa entrega das lições de casa.,Melhorar: Empenhar-se mais nas aulas e avaliações.,Destaque: A sua boa integração aos Princípios Passos Mágicos.,1,0.9280306513224716,92.8
RA-655,2022,1,R,Aluno-655,2010.0,,12.0,Feminino,2019.0,Escola Pública,,,Ametista,Ametista,Ametista,,Ametista,7.785,7.785,,,206.0,50.0,6.0,3.0,7.5,9.2,7.5,8.3,8.389,5.0,,8.3,8.2,,Sim,Sim,Fase 3 (7º e 8º ano),-2.0,Não atendido,Destaque: A sua boa entrega das lições de casa.,Destaque: As suas boas notas na Passos Mágicos.,Destaque: A sua boa integração aos Princípios Passos Mágicos.,1,0.8609862236604235,86.1
RA-656,2022,1,R,Aluno-656,2011.0,,11.0,Feminino,2020.0,Escola Pública,,,Topázio,Ametista,Ágata,,Ágata,6.652,6.652,,,606.0,146.0,11.0,3.0,7.4,7.5,5.6,6.3,7.5,5.0,,5.0,7.5,,Não,Não,Fase 2 (5º e 6º ano),-1.0,Requer avaliação,Melhorar: Melhorar a sua entrega de lições de casa.,Melhorar: Empenhar-se mais nas aulas e avaliações.,Destaque: A sua boa integração aos Princípios Passos Mágicos.,1,0.9821677342301404,98.22
RA-657,2022,1,R,Aluno-657,2010.0,,12.0,Feminino,2021.0,Escola Pública,,,,Ametista,Topázio,,Topázio,8.093,8.093,,,117.0,26.0,4.0,3.0,9.5,9.8,7.5,9.0,7.5,5.0,,9.0,9.0,,Não,Não,Fase 3 (7º e 8º ano),-2.0,Não atendido,Destaque: A sua boa entrega das lições de casa.,Destaque: As suas boas notas na Passos Mágicos.,Destaque: A sua boa integração aos Princípios Passos Mágicos.,1,0.7975383047716431,79.75
RA-658,2022,1,U,Aluno-658,2012.0,,10.0,Feminino,2022.0,Escola Pública,,,,,Ametista,,Ametista,7.407,7.407,,,357.0,93.0,7.0,2.0,10.0,9.3,7.5,5.6,7.917,5.0,,4.7,6.5,,Não,Não,Fase 2 (5º e 6º ano),-1.0,Não atendido,Destaque: A sua boa entrega das lições de casa.,Melhorar: Empenhar-se mais nas aulas e avaliações.,Destaque: A sua boa integração aos Princípios Passos Mágicos.,1,0.8737785738355767,87.38
RA-659,2022,1,U,Aluno-659,2012.0,,10.0,Feminino,2022.0,Escola Pública,,,,,Ametista,,Ametista,7.783,7.783,,,208.0,51.0,3.0,2.0,8.0,7.8,7.5,9.3,8.333,5.0,,9.5,9.0,,Não,Não,Fase 2 (5º e 6º ano),-1.0,Não atendido,Destaque: A sua boa entrega das lições de casa.,Destaque: As suas boas notas na Passos Mágicos.,Destaque: A sua boa integração aos Princípios Passos Mágicos.,1,0.913925459771924,91.39
RA-660,2022,1,U,Aluno-660,2013.0,,9.0,Feminino,2021.0,Escola Pública,,,,Topázio,Topázio,,Topázio,8.363,8.363,,,50.0,7.0,1.0,2.0,9.5,9.0,7.5,6.9,9.083,10.0,,5.8,8.0,,Não,Sim,Fase 1 (4º ano),0.0,Não atendido,Destaque: A sua boa entrega das lições de casa.,Melhorar: Empenhar-se mais nas aulas e avaliações.,Destaque: A sua boa integração aos Princípios Passos Mágicos.,0,0.45758832076432965,45.76
RA-661,2022,1,U,Aluno-661,2011.0,,11.0,Masculino,2022.0,Escola Pública,,,,,Ametista,,Ametista,7.593,7.593,,,274.0,72.0,4.0,2.0,9.0,8.3,7.5,7.8,7.917,5.0,,8.3,7.3,,Não,Não,Fase 2 (5º e 6º ano),-1.0,Não atendido,Destaque: A sua boa entrega das lições de casa.,Destaque: As suas boas notas na Passos Mágicos.,Destaque: A sua boa integração aos Princípios Passos Mágicos.,1,0.9246798045275937,92.47
RA-662,2022,1,U,Aluno-662,2011.0,,11.0,Feminino,2022.0,Escola Pública,,,,,Ametista,,Ametista,7.044,7.044,,,473.0,122.0,9.0,2.0,9.0,8.8,7.5,6.8,6.083,5.0,,5.7,7.8,,Não,Não,Fase 2 (5º e 6º ano),-1.0,Não atendido,Destaque: A sua boa entrega das lições de casa.,Melhorar: Empenhar-se mais nas aulas e avaliações.,Melhorar: Integrar-se mais aos Princípios Passos Mágicos.,1,0.902624491645964,90.26
RA-663,2022,1,U,Aluno-663,2012.0,,10.0,Masculino,2022.0,Escola Pública,,,,,Ágata,,Ágata,6.376,6.376,,,665.0,161.0,11.0,2.0,6.9,8.7,7.5,5.8,5.25,5.0,,5.0,6.5,,Não,Não,Fase 2 (5º e 6º ano),-1.0,Não atendido,Destaque: A sua boa entrega das lições de casa.,Melhorar: Empenhar-se mais nas aulas e avaliações.,Melhorar: Integrar-se mais aos Princípios Passos Mágicos.,1,0.9163558234250014,91.64
RA-664,2022,1,U,Aluno-664,2012.0,,10.0,Feminino,2022.0,Escola Pública,,,,,Ametista,,Ametista,7.277,7.277,,,405.0,105.0,8.0,2.0,9.5,8.8,7.5,6.3,7.167,5.0,,5.0,7.5,,Não,Não,Fase 2 (5º e 6º ano),-1.0,Não atendido,Destaque: A sua boa entrega das lições de casa.,Melhorar: Empenhar-se mais nas aulas e avaliações.,Melhorar: Integrar-se mais aos Princípios Passos Mágicos.,1,0.8825725426646223,88.26
RA-665,2022,1,U,Aluno-665,2011.0,,11.0,Feminino,2022.0,Escola Pública,,,,,Ágata,,Ágata,6.996,6.996,,,488.0,128.0,10.0,2.0,9.0,7.4,7.5,6.8,7.25,5.0,,6.5,7.0,,Não,Não,Fase 2 (5º e 6º ano),-1.0,Não atendido,Melhorar: Melhorar a sua entrega de lições de casa.,Melhorar: Empenhar-se mais nas aulas e avaliações.,Melhorar: Integrar-se mais aos Princípios Passos Mágicos.,1,0.9773285704120223,97.73
RA-666,2022,1,U,Aluno-666,2012.0,,10.0,Masculino,2022.0,Escola Pública,,,,,Ametista,,Ametista,7.929,7.929,,,160.0,39.0,2.0,2.0,9.5,9.1,7.5,7.8,8.833,5.0,,8.0,7.5,,Não,Sim,Fase 2 (5º e 6º ano),-1.0,Não atendido,Destaque: A sua boa entrega das lições de casa.,Destaque: As suas boas notas na Passos Mágicos.,Destaque: A sua boa integração aos Princípios Passos Mágicos.,1,0.8294799762052244,82.95
RA-667,2022,1,U,Aluno-667,2011.0,,11.0,Masculino,2021.0,Escola Pública,,,,Ametista,Quartzo,,Quartzo,5.844,5.844,,,747.0,177.0,12.0,2.0,8.5,5.6,7.5,4.5,5.833,5.0,,3.7,5.3,,Não,Não,Fase 2 (5º e 6º ano),-1.0,Não atendido,Melhorar: Melhorar a sua entrega de lições de casa.,Melhorar: Empenhar-se mais nas aulas e avaliações.,Melhorar: Integrar-se mais aos Princípios Passos Mágicos.,1,0.9271216308930083,92.71
RA-668,2022,1,U,Aluno-668,2011.0,,11.0,Masculino,2022.0,Escola Pública,,,,,Quartzo,,Quartzo,4.365,4.365,,,845.0,192.0,13.0,2.0,6.9,3.3,7.5,2.8,3.75,5.0,,2.8,2.8,,Não,Não,Fase 2 (5º e 6º ano),-1.0,Não atendido,Melhorar: Melhorar a sua entrega de lições de casa.,Melhorar: Empenhar-se mais nas aulas e avaliações.,Melhorar: Integrar-se mais aos Princípios Passos Mágicos.,1,0.8445816265525709,84.46
RA-669,2022,1,U,Aluno-669,2011.0,,11.0,Masculino,2022.0,Escola Pública,,,,,Ametista,,Ametista,7.475,7.475,,,326.0,85.0,5.0,2.0,9.0,9.7,7.5,6.0,7.833,5.0,,5.0,7.0,,Não,Não,Fase 2 (5º e 6º ano),-1.0,Não atendido,Destaque: A sua boa entrega das lições de casa.,Melhorar: Empenhar-se mais nas aulas e avaliações.,Destaque: A sua boa integração aos Princípios Passos Mágicos.,1,0.8791420098520465,87.91
RA-670,2022,1,U,Aluno-670,2012.0,,10.0,Feminino,2022.0,Escola Pública,,,,,Ametista,,Ametista,7.451,7.451,,,335.0,88.0,6.0,2.0,8.0,8.8,7.5,6.9,8.167,5.0,,6.5,7.3,,Não,Não,Fase 2 (5º e 6º ano),-1.0,Não atendido,Destaque: A sua boa entrega das lições de casa.,Melhorar: Empenhar-se mais nas aulas e avaliações.,Destaque: A sua boa integração aos Princípios Passos Mágicos.,1,0.9639337078366378,96.39
RA-671,2022,0,A,Aluno-671,2013.0,,9.0,Masculino,2021.0,Escola Pública,,,,Ametista,Ametista,,Ametista,7.617,7.617,,,269.0,75.0,4.0,2.0,8.5,8.2,8.1,8.8,7.417,5.0,,8.8,8.8,,Não,Não,Fase 1 (4º ano),-1.0,Sem limitações,Destaque: A sua boa entrega das lições de casa.,Destaque: As suas boas notas na Passos Mágicos.,Melhorar: Integrar-se mais aos Princípios Passos Mágicos.,1,0.8977942027714572,89.78
RA-672,2022,0,A,Aluno-672,2013.0,,9.0,Feminino,2021.0,Escola Pública,,,,Ametista,Ametista,,Ametista,7.48,7.48,,,323.0,96.0,6.0,2.0,8.5,8.5,8.1,8.8,6.75,5.0,,8.5,9.1,,Não,Não,Fase 1 (4º ano),-1.0,Não atendido,Destaque: A sua boa entrega das lições de casa.,Destaque: As suas boas notas na Passos Mágicos.,Melhorar: Integrar-se mais aos Princípios Passos Mágicos.,1,0.8556141089899775,85.56
RA-673,2022,0,A,Aluno-673,2014.0,,8.0,Feminino,2022.0,Escola Pública,,,,,Topázio,,Topázio,8.65,8.65,,,21.0,2.0,1.0,2.0,8.5,9.2,8.1,9.2,8.583,10.0,,9.4,8.9,,Sim,Sim,ALFA  (2º e 3º ano),0.0,Não atendido,Destaque: A sua boa entrega das lições de casa.,Destaque: As suas boas notas na Passos Mágicos.,Destaque: A sua boa integração aos Princípios Passos Mágicos.,0,0.08348946570031447,8.35
RA-674,2022,0,A,Aluno-674,2014.0,,8.0,Masculino,2022.0,Escola Pública,,,,,Ametista,,Ametista,7.862,7.862,,,181.0,50.0,3.0,2.0,9.5,8.7,8.1,8.0,6.333,10.0,,8.9,7.0,,Não,Não,ALFA  (2º e 3º ano),0.0,Sem limitações,Destaque: A sua boa entrega das lições de casa.,Destaque: As suas boas notas na Passos Mágicos.,Melhorar: Integrar-se mais aos Princípios Passos Mágicos.,0,0.0858882114675625,8.59
RA-675,2022,0,A,Aluno-675,2014.0,,8.0,Masculino,2022.0,Escola Pública,,,,,Ametista,,Ametista,7.576,7.576,,,284.0,79.0,5.0,2.0,10.0,6.6,8.1,7.4,7.083,10.0,,8.8,5.9,,Sim,Não,ALFA  (2º e 3º ano),0.0,Não atendido,Melhorar: Melhorar a sua entrega de lições de casa.,Melhorar: Empenhar-se mais nas aulas e avaliações.,Melhorar: Integrar-se mais aos Princípios Passos Mágicos.,0,0.08195102741215507,8.2
RA-676,2022,0,A,Aluno-676,2013.0,,9.0,Masculino,2021.0,Escola Pública,,,,Topázio,Ametista,,Ametista,7.911,7.911,,,165.0,44.0,2.0,2.0,8.5,8.6,8.1,9.3,8.167,5.0,,9.5,9.1,,Sim,Não,Fase 1 (4º ano),-1.0,Não atendido,Destaque: A sua boa entrega das lições de casa.,Destaque: As suas boas notas na Passos Mágicos.,Destaque: A sua boa integração aos Princípios Passos Mágicos.,1,0.8378922842469576,83.79
RA-677,2022,0,B,Aluno-677,2014.0,,8.0,Feminino,2021.0,Escola Pública,,,,Ametista,Topázio,,Topázio,8.358,8.358,,,52.0,13.0,1.0,2.0,10.0,9.4,7.5,7.3,8.583,10.0,,7.7,6.8,,Não,Sim,ALFA  (2º e 3º ano),0.0,Não atendido,Destaque: A sua boa entrega das lições de casa.,Melhorar: Empenhar-se mais nas aulas e avaliações.,Destaque: A sua boa integração aos Princípios Passos Mágicos.,0,0.04165556275793307,4.17
RA-678,2022,0,B,Aluno-678,2013.0,,9.0,Masculino,2022.0,Escola Pública,,,,,Ametista,,Ametista,8.0,8.0,,,143.0,40.0,2.0,2.0,9.0,10.0,6.9,7.3,9.5,5.0,,7.5,7.0,,Não,Sim,Fase 1 (4º ano),-1.0,Sem limitações,Destaque: A sua boa entrega das lições de casa.,Melhorar: Empenhar-se mais nas aulas e avaliações.,Destaque: A sua boa integração aos Princípios Passos Mágicos.,1,0.6829207549383065,68.29
RA-679,2022,0,B,Aluno-679,2012.0,,10.0,Masculino,2020.0,Escola Pública,,,Ametista,Ametista,Ametista,,Ametista,7.172,7.172,,,441.0,129.0,6.0,2.0,9.0,8.2,7.5,6.3,7.833,5.0,,6.7,5.8,,Não,Não,Fase 2 (5º e 6º ano),-2.0,Sem limitações,Destaque: A sua boa entrega das lições de casa.,Melhorar: Empenhar-se mais nas aulas e avaliações.,Destaque: A sua boa integração aos Princípios Passos Mágicos.,1,0.9412422920131986,94.12
RA-680,2022,0,B,Aluno-680,2012.0,,10.0,Feminino,2019.0,Escola Pública,,,Ametista,Ametista,Ametista,,Ametista,7.518,7.518,,,302.0,85.0,4.0,2.0,9.5,8.8,7.5,7.4,7.75,5.0,,8.0,6.8,,Não,Não,Fase 2 (5º e 6º ano),-2.0,Não atendido,Destaque: A sua boa entrega das lições de casa.,Melhorar: Empenhar-se mais nas aulas e avaliações.,Destaque: A sua boa integração aos Princípios Passos Mágicos.,1,0.9796621597094262,97.97
RA-681,2022,0,B,Aluno-681,2012.0,,10.0,Masculino,2022.0,Escola Pública,,,,,Ametista,,Ametista,7.204,7.204,,,427.0,128.0,5.0,2.0,8.5,8.5,6.9,6.5,8.0,5.0,,6.5,6.5,,Não,Não,Fase 2 (5º e 6º ano),-2.0,Requer avaliação,Destaque: A sua boa entrega das lições de casa.,Melhorar: Empenhar-se mais nas aulas e avaliações.,Destaque: A sua boa integração aos Princípios Passos Mágicos.,1,0.9455916696971481,94.56
RA-682,2022,0,B,Aluno-682,2011.0,,11.0,Masculino,2022.0,Escola Pública,,,,,Ametista,,Ametista,7.625,7.625,,,262.0,74.0,3.0,2.0,9.5,9.1,7.5,7.0,8.083,5.0,,7.0,7.0,,Não,Não,Fase 2 (5º e 6º ano),-2.0,Não atendido,Destaque: A sua boa entrega das lições de casa.,Melhorar: Empenhar-se mais nas aulas e avaliações.,Destaque: A sua boa integração aos Princípios Passos Mágicos.,1,0.9572420898902265,95.72
RA-683,2022,0,C,Aluno-683,2012.0,,10.0,Masculino,2022.0,Escola Pública,,,,,Ágata,,Ágata,6.011,6.011,,,728.0,180.0,3.0,2.0,7.9,5.0,7.5,4.0,8.083,5.0,,8.0,0.0,,Não,Não,Fase 2 (5º e 6º ano),-2.0,Não atendido,Melhorar: Melhorar a sua entrega de lições de casa.,Melhorar: Empenhar-se mais nas aulas e avaliações.,Destaque: A sua boa integração aos Princípios Passos Mágicos.,1,0.7962167833507098,79.62
RA-684,2022,0,C,Aluno-684,2015.0,,7.0,Masculino,2022.0,Escola Pública,,,,,Topázio,,Topázio,8.26,8.26,,,72.0,19.0,1.0,2.0,9.5,7.5,8.1,9.3,7.917,10.0,,9.0,9.6,,Não,Não,ALFA  (2º e 3º ano),0.0,Não atendido,Melhorar: Melhorar a sua entrega de lições de casa.,Destaque: As suas boas notas na Passos Mágicos.,Destaque: A sua boa integração aos Princípios Passos Mágicos.,0,0.09134736673981542,9.13
RA-685,2022,0,C,Aluno-685,2013.0,,9.0,Masculino,2022.0,Escola Pública,,,,,Ágata,,Ágata,6.864,6.864,,,533.0,152.0,2.0,2.0,9.0,6.2,5.0,8.0,7.833,5.0,,8.0,8.0,,Não,Não,Fase 1 (4º ano),-1.0,Não indicado,Melhorar: Melhorar a sua entrega de lições de casa.,Destaque: As suas boas notas na Passos Mágicos.,Destaque: A sua boa integração aos Princípios Passos Mágicos.,1,0.9138405476004352,91.38
RA-686,2022,0,D,Aluno-686,2013.0,,9.0,Feminino,2022.0,Escola Pública,,,,,Ametista,,Ametista,7.729,7.729,,,227.0,62.0,5.0,2.0,7.5,8.6,8.1,8.8,8.083,5.0,,9.2,8.5,,Não,Não,Fase 1 (4º ano),-1.0,Sem limitações,Destaque: A sua boa entrega das lições de casa.,Destaque: As suas boas notas na Passos Mágicos.,Destaque: A sua boa integração aos Princípios Passos Mágicos.,1,0.9147278637705674,91.47
RA-687,2022,0,D,Aluno-687,2013.0,,9.0,Masculino,2022.0,Escola Pública,,,,,Ametista,,Ametista,7.703,7.703,,,233.0,63.0,6.0,2.0,8.5,9.0,8.1,8.3,8.0,5.0,,9.0,7.5,,Não,Não,Fase 1 (4º ano),-1.0,Sem limitações,Destaque: A sua boa entrega das lições de casa.,Destaque: As suas boas notas na Passos Mágicos.,Destaque: A sua boa integração aos Princípios Passos Mágicos.,1,0.9010588586527842,90.11
RA-688,2022,0,D,Aluno-688,2013.0,,9.0,Masculino,2022.0,Escola Pública,,,,,Ametista,,Ametista,7.771,7.771,,,212.0,56.0,4.0,2.0,8.5,9.7,7.5,7.9,7.917,5.0,,8.0,7.8,,Não,Não,Fase 1 (4º ano),-1.0,Sem limitações,Destaque: A sua boa entrega das lições de casa.,Destaque: As suas boas notas na Passos Mágicos.,Destaque: A sua boa integração aos Princípios Passos Mágicos.,1,0.8705850021440317,87.06
RA-689,2022,0,D,Aluno-689,2013.0,,9.0,Feminino,2022.0,Escola Pública,,,,,Ágata,,Ágata,6.433,6.433,,,655.0,172.0,9.0,2.0,7.4,7.9,5.6,5.8,6.667,5.0,,6.0,5.5,,Não,Não,Fase 1 (4º ano),-1.0,Requer avaliação,Destaque: A sua boa entrega das lições de casa.,Melhorar: Empenhar-se mais nas aulas e avaliações.,Melhorar: Integrar-se mais aos Princípios Passos Mágicos.,1,0.9653459862198556,96.53
RA-690,2022,0,D,Aluno-690,2013.0,,9.0,Feminino,2022.0,Escola Pública,,,,,Ametista,,Ametista,7.541,7.541,,,294.0,83.0,8.0,2.0,9.5,9.5,7.5,7.0,7.417,5.0,,7.2,6.8,,Não,Não,Fase 1 (4º ano),-1.0,Requer avaliação,Destaque: A sua boa entrega das lições de casa.,Melhorar: Empenhar-se mais nas aulas e avaliações.,Melhorar: Integrar-se mais aos Princípios Passos Mágicos.,1,0.9319560262739346,93.2
RA-691,2022,0,D,Aluno-691,2014.0,,8.0,Feminino,2022.0,Escola Pública,,,,,Topázio,,Topázio,8.68,8.68,,,16.0,1.0,1.0,2.0,10.0,9.2,8.1,9.4,7.917,10.0,,9.6,9.3,,Não,Não,ALFA  (2º e 3º ano),0.0,Sem limitações,Destaque: A sua boa entrega das lições de casa.,Destaque: As suas boas notas na Passos Mágicos.,Destaque: A sua boa integração aos Princípios Passos Mágicos.,0,0.05141205038214605,5.14
RA-692,2022,0,D,Aluno-692,2013.0,,9.0,Feminino,2021.0,Escola Pública,,,,Ametista,Ametista,,Ametista,7.569,7.569,,,285.0,80.0,7.0,2.0,9.5,8.9,8.1,6.9,7.917,5.0,,7.0,6.8,,Não,Não,Fase 1 (4º ano),-1.0,Sem limitações,Destaque: A sua boa entrega das lições de casa.,Melhorar: Empenhar-se mais nas aulas e avaliações.,Destaque: A sua boa integração aos Princípios Passos Mágicos.,1,0.9588159836149585,95.88
RA-693,2022,0,D,Aluno-693,2015.0,,7.0,Feminino,2022.0,Escola Pública,,,,,Ametista,,Ametista,7.944,7.944,,,158.0,43.0,3.0,2.0,9.5,9.8,8.1,5.7,7.667,10.0,,5.0,6.3,,Não,Não,ALFA  (2º e 3º ano),0.0,Sem limitações,Destaque: A sua boa entrega das lições de casa.,Melhorar: Empenhar-se mais nas aulas e avaliações.,Destaque: A sua boa integração aos Princípios Passos Mágicos.,0,0.06779804676566621,6.78
RA-694,2022,0,D,Aluno-694,2014.0,,8.0,Masculino,2022.0,Escola Pública,,,,,Topázio,,Topázio,8.378,8.378,,,49.0,11.0,2.0,2.0,10.0,9.0,8.1,8.1,7.917,10.0,,8.2,8.0,,Não,Não,ALFA  (2º e 3º ano),0.0,Sem limitações,Destaque: A sua boa entrega das lições de casa.,Destaque: As suas boas notas na Passos Mágicos.,Destaque: A sua boa integração aos Princípios Passos Mágicos.,0,0.05262486516674882,5.26
RA-695,2022,0,E,Aluno-695,2014.0,,8.0,Feminino,2021.0,Escola Pública,,,,Ágata,Quartzo,,Quartzo,4.28,4.28,,,849.0,189.0,5.0,2.0,9.0,3.1,7.5,2.5,2.5,10.0,,2.2,2.8,,Não,Não,ALFA  (2º e 3º ano),0.0,Sem limitações,Melhorar: Melhorar a sua entrega de lições de casa.,Melhorar: Empenhar-se mais nas aulas e avaliações.,Melhorar: Integrar-se mais aos Princípios Passos Mágicos.,0,0.3027479789012483,30.27
RA-696,2022,0,E,Aluno-696,2013.0,,9.0,Feminino,2021.0,Escola Pública,,,,Ametista,Ametista,,Ametista,7.441,7.441,,,338.0,98.0,2.0,2.0,8.5,9.0,7.5,6.6,8.167,5.0,,6.5,6.7,,Não,Não,Fase 1 (4º ano),-1.0,Sem limitações,Destaque: A sua boa entrega das lições de casa.,Melhorar: Empenhar-se mais nas aulas e avaliações.,Destaque: A sua boa integração aos Princípios Passos Mágicos.,1,0.895234662046001,89.52
RA-697,2022,0,E,Aluno-697,2011.0,,11.0,Masculino,2021.0,Escola Pública,,,,Ametista,Ametista,,Ametista,7.675,7.675,,,246.0,67.0,1.0,2.0,7.0,9.3,7.5,8.4,8.083,5.0,,8.8,8.0,,Não,Não,Fase 2 (5º e 6º ano),-2.0,Sem limitações,Destaque: A sua boa entrega das lições de casa.,Destaque: As suas boas notas na Passos Mágicos.,Destaque: A sua boa integração aos Princípios Passos Mágicos.,1,0.9362114900520624,93.62
RA-698,2022,0,E,Aluno-698,2013.0,,9.0,Masculino,2021.0,Escola Pública,,,,Ametista,Ametista,,Ametista,7.44,7.44,,,339.0,99.0,3.0,2.0,9.0,9.8,2.5,8.1,8.083,5.0,,8.0,8.2,,Não,Não,Fase 1 (4º ano),-1.0,Requer avaliação,Destaque: A sua boa entrega das lições de casa.,Destaque: As suas boas notas na Passos Mágicos.,Destaque: A sua boa integração aos Princípios Passos Mágicos.,1,0.9429088879866805,94.29
RA-699,2022,0,E,Aluno-699,2013.0,,9.0,Masculino,2022.0,Escola Pública,,,,,Ágata,,Ágata,6.658,6.658,,,603.0,165.0,4.0,2.0,5.2,9.2,7.5,7.1,6.0,5.0,,7.5,6.7,,Não,Não,Fase 1 (4º ano),-1.0,Sem limitações,Destaque: A sua boa entrega das lições de casa.,Melhorar: Empenhar-se mais nas aulas e avaliações.,Melhorar: Integrar-se mais aos Princípios Passos Mágicos.,1,0.9245587202781371,92.46
RA-700,2022,0,F,Aluno-700,2013.0,,9.0,Feminino,2022.0,Escola Pública,,,,,Ametista,,Ametista,7.738,7.738,,,224.0,60.0,2.0,2.0,9.0,8.7,7.5,9.2,7.083,5.0,,9.2,9.2,,Não,Não,Fase 1 (4º ano),-1.0,Não atendido,Destaque: A sua boa entrega das lições de casa.,Destaque: As suas boas notas na Passos Mágicos.,Melhorar: Integrar-se mais aos Princípios Passos Mágicos.,1,0.815659347697726,81.57
RA-701,2022,0,F,Aluno-701,2012.0,,10.0,Masculino,2021.0,Escola Pública,,,,Ametista,Ametista,,Ametista,7.755,7.755,,,215.0,57.0,1.0,2.0,9.0,9.3,7.5,8.7,7.417,5.0,,8.7,8.7,,Não,Não,Fase 2 (5º e 6º ano),-2.0,Não indicado,Destaque: A sua boa entrega das lições de casa.,Destaque: As suas boas notas na Passos Mágicos.,Melhorar: Integrar-se mais aos Princípios Passos Mágicos.,1,0.8973114077470714,89.73
RA-702,2022,0,F,Aluno-702,2014.0,,8.0,Feminino,2022.0,Escola Pública,,,,,Ametista,,Ametista,7.387,7.387,,,366.0,110.0,5.0,2.0,10.0,8.6,5.0,6.8,7.0,10.0,,7.0,6.7,,Não,Não,ALFA  (2º e 3º ano),0.0,Não indicado,Destaque: A sua boa entrega das lições de casa.,Melhorar: Empenhar-se mais nas aulas e avaliações.,Melhorar: Integrar-se mais aos Princípios Passos Mágicos.,0,0.12913404818553242,12.91
RA-703,2022,0,F,Aluno-703,2012.0,,10.0,Masculino,2021.0,Escola Pública,,,,Quartzo,Ágata,,Ágata,6.099,6.099,,,710.0,177.0,9.0,2.0,7.5,7.4,5.0,5.1,6.833,5.0,,5.3,4.8,,Não,Não,Fase 2 (5º e 6º ano),-2.0,Não indicado,Melhorar: Melhorar a sua entrega de lições de casa.,Melhorar: Empenhar-se mais nas aulas e avaliações.,Melhorar: Integrar-se mais aos Princípios Passos Mágicos.,1,0.9800606449285967,98.01
RA-704,2022,0,F,Aluno-704,2012.0,,10.0,Masculino,2022.0,Escola Pública,,,,,Ágata,,Ágata,6.741,6.741,,,572.0,160.0,7.0,2.0,9.0,8.6,5.0,7.2,6.583,5.0,,7.7,6.6,,Não,Não,Fase 2 (5º e 6º ano),-2.0,Não atendido,Destaque: A sua boa entrega das lições de casa.,Melhorar: Empenhar-se mais nas aulas e avaliações.,Melhorar: Integrar-se mais aos Princípios Passos Mágicos.,1,0.9778110740277264,97.78
RA-705,2022,0,F,Aluno-705,2012.0,,10.0,Masculino,2022.0,Escola Pública,,,,,Ágata,,Ágata,6.634,6.634,,,614.0,168.0,8.0,2.0,9.5,6.2,7.5,7.1,6.333,5.0,,7.0,7.2,,Não,Não,Fase 2 (5º e 6º ano),-2.0,Não atendido,Melhorar: Melhorar a sua entrega de lições de casa.,Melhorar: Empenhar-se mais nas aulas e avaliações.,Melhorar: Integrar-se mais aos Princípios Passos Mágicos.,1,0.9546440603474114,95.46
RA-706,2022,0,F,Aluno-706,2012.0,,10.0,Feminino,2021.0,Escola Pública,,,,Ágata,Ametista,,Ametista,7.659,7.659,,,252.0,69.0,4.0,2.0,9.5,6.7,7.5,9.1,8.417,5.0,,9.1,9.1,,Não,Sim,Fase 2 (5º e 6º ano),-2.0,Não atendido,Melhorar: Melhorar a sua entrega de lições de casa.,Destaque: As suas boas notas na Passos Mágicos.,Destaque: A sua boa integração aos Princípios Passos Mágicos.,1,0.892671080916931,89.27
RA-707,2022,0,F,Aluno-707,2012.0,,10.0,Feminino,2020.0,Escola Pública,,,Ametista,Ágata,Ametista,,Ametista,7.679,7.679,,,241.0,64.0,3.0,2.0,10.0,8.1,6.9,8.5,8.083,5.0,,8.8,8.2,,Não,Não,Fase 2 (5º e 6º ano),-2.0,Não atendido,Destaque: A sua boa entrega das lições de casa.,Destaque: As suas boas notas na Passos Mágicos.,Destaque: A sua boa integração aos Princípios Passos Mágicos.,1,0.9434528661495851,94.35
RA-708,2022,0,F,Aluno-708,2013.0,,9.0,Masculino,2022.0,Escola Pública,,,,Topázio,Ametista,,Ametista,7.282,7.282,,,400.0,117.0,6.0,2.0,8.0,8.4,7.5,7.3,7.583,5.0,,7.1,7.6,,Não,Não,Fase 1 (4º ano),-1.0,Não atendido,Destaque: A sua boa entrega das lições de casa.,Melhorar: Empenhar-se mais nas aulas e avaliações.,Destaque: A sua boa integração aos Princípios Passos Mágicos.,1,0.9497616749291191,94.98
RA-709,2022,0,F,Aluno-709,2012.0,,10.0,Feminino,2022.0,Escola Pública,,,,,Quartzo,,Quartzo,5.313,5.313,,,801.0,186.0,10.0,2.0,9.5,3.5,7.5,2.3,7.083,5.0,,2.3,2.3,,Não,Não,Fase 2 (5º e 6º ano),-2.0,Não atendido,Melhorar: Melhorar a sua entrega de lições de casa.,Melhorar: Empenhar-se mais nas aulas e avaliações.,Melhorar: Integrar-se mais aos Princípios Passos Mágicos.,1,0.9654255708102183,96.54
RA-710,2022,0,G,Aluno-710,2012.0,,10.0,Masculino,2020.0,Escola Pública,,,Ametista,Ametista,Ametista,,Ametista,7.285,7.285,,,398.0,116.0,5.0,2.0,9.5,8.9,5.0,6.9,8.0,5.0,,7.0,6.8,,Não,Não,Fase 2 (5º e 6º ano),-2.0,Não atendido,Destaque: A sua boa entrega das lições de casa.,Melhorar: Empenhar-se mais nas aulas e avaliações.,Destaque: A sua boa integração aos Princípios Passos Mágicos.,1,0.9619516514113652,96.2
RA-711,2022,0,G,Aluno-711,2013.0,,9.0,Masculino,2022.0,Escola Pública,,,,,Ágata,,Ágata,6.04,6.04,,,721.0,178.0,11.0,2.0,9.0,7.9,6.3,3.5,6.0,5.0,,4.0,3.0,,Não,Não,Fase 1 (4º ano),-1.0,Não atendido,Destaque: A sua boa entrega das lições de casa.,Melhorar: Empenhar-se mais nas aulas e avaliações.,Melhorar: Integrar-se mais aos Princípios Passos Mágicos.,1,0.96421358970681,96.42
RA-712,2022,0,G,Aluno-712,2011.0,,11.0,Masculino,2019.0,Escola Pública,,,Quartzo,Quartzo,Ágata,,Ágata,6.026,6.026,,,725.0,179.0,12.0,2.0,8.0,5.1,5.0,8.0,5.833,5.0,,8.7,7.3,,Não,Não,Fase 2 (5º e 6º ano),-2.0,Não indicado,Melhorar: Melhorar a sua entrega de lições de casa.,Destaque: As suas boas notas na Passos Mágicos.,Melhorar: Integrar-se mais aos Princípios Passos Mágicos.,1,0.8800104992832807,88.0
RA-713,2022,0,G,Aluno-713,2013.0,,9.0,Masculino,2021.0,Escola Pública,,,,Ametista,Ametista,,Ametista,7.42,7.42,,,348.0,102.0,3.0,2.0,10.0,8.7,7.5,7.8,7.25,5.0,,8.0,7.7,,Não,Não,Fase 1 (4º ano),-1.0,Não atendido,Destaque: A sua boa entrega das lições de casa.,Destaque: As suas boas notas na Passos Mágicos.,Melhorar: Integrar-se mais aos Princípios Passos Mágicos.,1,0.924019468462696,92.4
RA-714,2022,0,G,Aluno-714,2011.0,,11.0,Masculino,2019.0,Escola Pública,,,Ágata,Ametista,Ágata,,Ágata,6.953,6.953,,,503.0,144.0,6.0,2.0,9.0,6.9,5.6,8.0,7.25,5.0,,8.5,7.5,,Não,Não,Fase 2 (5º e 6º ano),-2.0,Não indicado,Melhorar: Melhorar a sua entrega de lições de casa.,Destaque: As suas boas notas na Passos Mágicos.,Melhorar: Integrar-se mais aos Princípios Passos Mágicos.,1,0.9614161145745527,96.14
RA-715,2022,0,G,Aluno-715,2013.0,,9.0,Feminino,2022.0,Escola Pública,,,,,Ágata,,Ágata,6.656,6.656,,,604.0,166.0,9.0,2.0,8.5,8.7,4.4,4.9,7.917,5.0,,4.8,5.0,,Não,Não,Fase 1 (4º ano),-1.0,Não indicado,Destaque: A sua boa entrega das lições de casa.,Melhorar: Empenhar-se mais nas aulas e avaliações.,Destaque: A sua boa integração aos Princípios Passos Mágicos.,1,0.9334014992949902,93.34
RA-716,2022,0,G,Aluno-716,2013.0,,9.0,Masculino,2022.0,Escola Pública,,,,,Ágata,,Ágata,6.525,6.525,,,641.0,171.0,10.0,2.0,8.9,8.1,7.5,6.7,5.417,5.0,,7.3,6.0,,Não,Não,Fase 1 (4º ano),-1.0,Não atendido,Destaque: A sua boa entrega das lições de casa.,Melhorar: Empenhar-se mais nas aulas e avaliações.,Melhorar: Integrar-se mais aos Princípios Passos Mágicos.,1,0.8935516258347538,89.36
RA-717,2022,0,G,Aluno-717,2012.0,,10.0,Feminino,2021.0,Escola Pública,,,,Ametista,Ágata,,Ágata,6.832,6.832,,,545.0,155.0,7.0,2.0,9.0,7.3,7.5,5.4,7.917,5.0,,5.0,5.8,,Não,Não,Fase 2 (5º e 6º ano),-2.0,Não atendido,Melhorar: Melhorar a sua entrega de lições de casa.,Melhorar: Empenhar-se mais nas aulas e avaliações.,Destaque: A sua boa integração aos Princípios Passos Mágicos.,1,0.9288087257995871,92.88
RA-718,2022,0,G,Aluno-718,2014.0,,8.0,Feminino,2022.0,Escola Pública,,,,,Topázio,,Topázio,8.093,8.093,,,118.0,33.0,1.0,2.0,8.0,8.9,6.3,9.2,7.417,10.0,,9.2,9.2,,Não,Não,ALFA  (2º e 3º ano),0.0,Sem limitações,Destaque: A sua boa entrega das lições de casa.,Destaque: As suas boas notas na Passos Mágicos.,Melhorar: Integrar-se mais aos Princípios Passos Mágicos.,0,0.13235527760877783,13.24
RA-719,2022,0,G,Aluno-719,2012.0,,10.0,Feminino,2021.0,Escola Pública,,,,Quartzo,Quartzo,,Quartzo,5.552,5.552,,,783.0,185.0,13.0,2.0,9.0,4.6,7.5,4.2,6.083,5.0,,5.0,3.3,,Não,Não,Fase 2 (5º e 6º ano),-2.0,Não atendido,Melhorar: Melhorar a sua entrega de lições de casa.,Melhorar: Empenhar-se mais nas aulas e avaliações.,Melhorar: Integrar-se mais aos Princípios Passos Mágicos.,1,0.9537465577864527,95.37
RA-720,2022,0,G,Aluno-720,2013.0,,9.0,Feminino,2021.0,Escola Pública,,,,Ametista,Ágata,,Ágata,6.731,6.731,,,575.0,161.0,8.0,2.0,8.0,5.9,7.5,7.6,7.083,5.0,,7.3,7.8,,Não,Não,Fase 1 (4º ano),-1.0,Não atendido,Melhorar: Melhorar a sua entrega de lições de casa.,Destaque: As suas boas notas na Passos Mágicos.,Melhorar: Integrar-se mais aos Princípios Passos Mágicos.,1,0.9468610098489669,94.69
RA-721,2022,0,G,Aluno-721,2014.0,,8.0,Feminino,2021.0,Escola Pública,,,,Topázio,Ametista,,Ametista,7.973,7.973,,,149.0,41.0,2.0,2.0,9.5,8.1,7.5,7.6,7.917,10.0,,8.2,7.0,,Não,Não,ALFA  (2º e 3º ano),0.0,Não atendido,Destaque: A sua boa entrega das lições de casa.,Destaque: As suas boas notas na Passos Mágicos.,Destaque: A sua boa integração aos Princípios Passos Mágicos.,0,0.1094021508501395,10.94
RA-722,2022,0,G,Aluno-722,2013.0,,9.0,Feminino,2021.0,Escola Pública,,,,Topázio,Ametista,,Ametista,7.41,7.41,,,355.0,106.0,4.0,2.0,10.0,8.1,4.4,8.1,8.333,5.0,,7.8,8.3,,Não,Não,Fase 1 (4º ano),-1.0,Sem limitações,Destaque: A sua boa entrega das lições de casa.,Destaque: As suas boas notas na Passos Mágicos.,Destaque: A sua boa integração aos Princípios Passos Mágicos.,1,0.9186162201994382,91.86
RA-723,2022,0,H,Aluno-723,2014.0,,8.0,Feminino,2022.0,Escola Pública,,,,,Ametista,,Ametista,7.426,7.426,,,345.0,101.0,4.0,2.0,10.0,6.6,8.1,5.5,8.167,10.0,,5.3,5.7,,Não,Não,ALFA  (2º e 3º ano),0.0,Não atendido,Melhorar: Melhorar a sua entrega de lições de casa.,Melhorar: Empenhar-se mais nas aulas e avaliações.,Destaque: A sua boa integração aos Princípios Passos Mágicos.,0,0.17920906760976935,17.92
RA-724,2022,0,H,Aluno-724,2014.0,,8.0,Feminino,2022.0,Escola Pública,,,,,Ágata,,Ágata,6.931,6.931,,,512.0,146.0,6.0,2.0,9.5,5.9,5.6,5.6,8.0,10.0,,2.9,8.3,,Não,Não,ALFA  (2º e 3º ano),0.0,Sem limitações,Melhorar: Melhorar a sua entrega de lições de casa.,Melhorar: Empenhar-se mais nas aulas e avaliações.,Destaque: A sua boa integração aos Princípios Passos Mágicos.,0,0.23196992265815358,23.2
RA-725,2022,0,H,Aluno-725,2014.0,,8.0,Masculino,2022.0,Escola Pública,,,,,Ágata,,Ágata,6.33,6.33,,,675.0,175.0,7.0,2.0,8.0,5.9,8.1,5.0,5.5,10.0,,4.0,6.0,,Não,Não,ALFA  (2º e 3º ano),0.0,Não atendido,Melhorar: Melhorar a sua entrega de lições de casa.,Melhorar: Empenhar-se mais nas aulas e avaliações.,Melhorar: Integrar-se mais aos Princípios Passos Mágicos.,0,0.2663129510544488,26.63
RA-726,2022,0,H,Aluno-726,2015.0,,7.0,Feminino,2022.0,Escola Pública,,,,,Ágata,,Ágata,6.985,6.985,,,492.0,140.0,5.0,2.0,10.0,7.5,7.5,4.4,6.583,10.0,,5.8,3.0,,Não,Não,ALFA  (2º e 3º ano),0.0,Não atendido,Destaque: A sua boa entrega das lições de casa.,Melhorar: Empenhar-se mais nas aulas e avaliações.,Melhorar: Integrar-se mais aos Princípios Passos Mágicos.,0,0.24971753217165676,24.97
RA-727,2022,0,H,Aluno-727,2014.0,,8.0,Masculino,2022.0,Escola Pública,,,,,Ametista,,Ametista,7.736,7.736,,,225.0,61.0,3.0,2.0,9.0,7.7,8.1,8.4,6.75,10.0,,9.3,7.4,,Não,Não,ALFA  (2º e 3º ano),0.0,Não atendido,Destaque: A sua boa entrega das lições de casa.,Destaque: As suas boas notas na Passos Mágicos.,Melhorar: Integrar-se mais aos Princípios Passos Mágicos.,0,0.15086803696785317,15.09
RA-728,2022,0,H,Aluno-728,2014.0,,8.0,Feminino,2022.0,Escola Pública,,,,,Topázio,,Topázio,8.244,8.244,,,74.0,20.0,1.0,2.0,9.5,7.3,8.1,9.1,8.167,10.0,,9.3,8.9,,Não,Não,ALFA  (2º e 3º ano),0.0,Não atendido,Melhorar: Melhorar a sua entrega de lições de casa.,Destaque: As suas boas notas na Passos Mágicos.,Destaque: A sua boa integração aos Princípios Passos Mágicos.,0,0.12635012155591996,12.64
RA-729,2022,0,H,Aluno-729,2014.0,,8.0,Feminino,2022.0,Escola Pública,,,,,Topázio,,Topázio,8.155,8.155,,,96.0,26.0,2.0,2.0,10.0,8.7,8.1,8.1,7.25,10.0,,8.5,7.8,,Não,Não,ALFA  (2º e 3º ano),0.0,Não atendido,Destaque: A sua boa entrega das lições de casa.,Destaque: As suas boas notas na Passos Mágicos.,Melhorar: Integrar-se mais aos Princípios Passos Mágicos.,0,0.07545197756610512,7.55
RA-730,2022,0,I,Aluno-730,2012.0,,10.0,Feminino,2021.0,Escola Pública,,,,Ametista,Ametista,,Ametista,7.902,7.902,,,169.0,46.0,1.0,2.0,10.0,8.2,8.8,8.3,8.25,5.0,,8.7,8.0,,Não,Não,Fase 2 (5º e 6º ano),-2.0,Não atendido,Destaque: A sua boa entrega das lições de casa.,Destaque: As suas boas notas na Passos Mágicos.,Destaque: A sua boa integração aos Princípios Passos Mágicos.,1,0.8020931822990708,80.21
RA-731,2022,0,I,Aluno-731,2012.0,,10.0,Feminino,2019.0,Escola Pública,,,Ametista,Ágata,Ametista,,Ametista,7.151,7.151,,,443.0,130.0,3.0,2.0,9.0,8.5,6.9,7.3,7.083,5.0,,7.3,7.2,,Não,Não,Fase 2 (5º e 6º ano),-2.0,Requer avaliação,Destaque: A sua boa entrega das lições de casa.,Melhorar: Empenhar-se mais nas aulas e avaliações.,Melhorar: Integrar-se mais aos Princípios Passos Mágicos.,1,0.9590786692904152,95.91
RA-732,2022,0,I,Aluno-732,2013.0,,9.0,Masculino,2022.0,Escola Pública,,,,,Ametista,,Ametista,7.347,7.347,,,377.0,113.0,2.0,2.0,9.0,7.9,8.8,7.2,7.5,5.0,,7.5,6.8,,Não,Não,Fase 1 (4º ano),-1.0,Não atendido,Destaque: A sua boa entrega das lições de casa.,Melhorar: Empenhar-se mais nas aulas e avaliações.,Destaque: A sua boa integração aos Princípios Passos Mágicos.,1,0.9094140965109849,90.94
RA-733,2022,0,J,Aluno-733,2013.0,,9.0,Feminino,2022.0,Escola Pública,,,,,Ágata,,Ágata,6.684,6.684,,,594.0,163.0,13.0,2.0,9.5,8.5,5.6,5.1,6.917,5.0,,6.0,4.2,,Não,Não,Fase 1 (4º ano),-1.0,Sem limitações,Destaque: A sua boa entrega das lições de casa.,Melhorar: Empenhar-se mais nas aulas e avaliações.,Melhorar: Integrar-se mais aos Princípios Passos Mágicos.,1,0.9568350676748935,95.68
RA-734,2022,0,J,Aluno-734,2012.0,,10.0,Feminino,2022.0,Escola Pública,,,,,Ágata,,Ágata,6.952,6.952,,,505.0,145.0,9.0,2.0,9.5,7.2,5.6,7.3,7.417,5.0,,8.0,6.5,,Não,Não,Fase 2 (5º e 6º ano),-2.0,Sem limitações,Melhorar: Melhorar a sua entrega de lições de casa.,Melhorar: Empenhar-se mais nas aulas e avaliações.,Melhorar: Integrar-se mais aos Princípios Passos Mágicos.,1,0.96936940355303,96.94
RA-735,2022,0,J,Aluno-735,2012.0,,10.0,Feminino,2021.0,Escola Pública,,,,Ametista,Ametista,,Ametista,7.485,7.485,,,316.0,92.0,4.0,2.0,9.0,9.0,5.6,7.3,8.583,5.0,,7.8,6.7,,Não,Sim,Fase 2 (5º e 6º ano),-2.0,Sem limitações,Destaque: A sua boa entrega das lições de casa.,Melhorar: Empenhar-se mais nas aulas e avaliações.,Destaque: A sua boa integração aos Princípios Passos Mágicos.,1,0.9744166984582108,97.44
RA-736,2022,0,J,Aluno-736,2012.0,,10.0,Masculino,2022.0,Escola Pública,,,,,Ágata,,Ágata,6.707,6.707,,,589.0,162.0,12.0,2.0,9.0,8.5,5.6,5.4,7.0,5.0,,4.7,6.2,,Não,Não,Fase 2 (5º e 6º ano),-2.0,Sem limitações,Destaque: A sua boa entrega das lições de casa.,Melhorar: Empenhar-se mais nas aulas e avaliações.,Melhorar: Integrar-se mais aos Princípios Passos Mágicos.,1,0.98782727857641,98.78
RA-737,2022,0,J,Aluno-737,2013.0,,9.0,Feminino,2022.0,Escola Pública,,,,,Ametista,,Ametista,8.058,8.058,,,131.0,37.0,1.0,2.0,9.5,9.2,5.6,9.0,9.167,5.0,,8.5,9.5,,Não,Sim,Fase 1 (4º ano),-1.0,Sem limitações,Destaque: A sua boa entrega das lições de casa.,Destaque: As suas boas notas na Passos Mágicos.,Destaque: A sua boa integração aos Princípios Passos Mágicos.,1,0.8575144178764191,85.75
RA-738,2022,0,J,Aluno-738,2014.0,,8.0,Feminino,2022.0,Escola Pública,,,,,Ametista,,Ametista,7.227,7.227,,,417.0,124.0,6.0,2.0,8.5,8.1,5.6,5.7,7.5,10.0,,7.7,3.7,,Não,Não,ALFA  (2º e 3º ano),0.0,Sem limitações,Destaque: A sua boa entrega das lições de casa.,Melhorar: Empenhar-se mais nas aulas e avaliações.,Melhorar: Integrar-se mais aos Princípios Passos Mágicos.,0,0.1499263387213893,14.99
RA-739,2022,0,J,Aluno-739,2014.0,,8.0,Masculino,2022.0,Escola Pública,,,,,Ágata,,Ágata,6.82,6.82,,,549.0,156.0,11.0,2.0,6.4,7.3,5.6,5.9,7.083,10.0,,6.0,5.8,,Não,Não,ALFA  (2º e 3º ano),0.0,Sem limitações,Melhorar: Melhorar a sua entrega de lições de casa.,Melhorar: Empenhar-se mais nas aulas e avaliações.,Melhorar: Integrar-se mais aos Princípios Passos Mágicos.,0,0.27229027797749294,27.23
RA-740,2022,0,J,Aluno-740,2013.0,,9.0,Feminino,2022.0,Escola Pública,,,,,Ametista,,Ametista,7.218,7.218,,,420.0,125.0,7.0,2.0,8.5,9.0,5.6,7.2,7.5,5.0,,7.3,7.0,,Não,Não,Fase 1 (4º ano),-1.0,Sem limitações,Destaque: A sua boa entrega das lições de casa.,Melhorar: Empenhar-se mais nas aulas e avaliações.,Melhorar: Integrar-se mais aos Princípios Passos Mágicos.,1,0.9640160793110372,96.4
RA-741,2022,0,J,Aluno-741,2012.0,,10.0,Feminino,2022.0,Escola Pública,,,,,Ágata,,Ágata,6.896,6.896,,,526.0,150.0,10.0,2.0,9.5,8.4,5.6,6.3,7.417,5.0,,7.3,5.2,,Não,Não,Fase 2 (5º e 6º ano),-2.0,Sem limitações,Destaque: A sua boa entrega das lições de casa.,Melhorar: Empenhar-se mais nas aulas e avaliações.,Melhorar: Integrar-se mais aos Princípios Passos Mágicos.,1,0.9696043970612581,96.96
RA-742,2022,0,J,Aluno-742,2013.0,,9.0,Feminino,2022.0,Escola Pública,,,,,Ametista,,Ametista,7.097,7.097,,,456.0,132.0,8.0,2.0,8.5,8.7,5.0,7.3,7.5,5.0,,8.3,6.2,,Não,Não,Fase 1 (4º ano),-1.0,Sem limitações,Destaque: A sua boa entrega das lições de casa.,Melhorar: Empenhar-se mais nas aulas e avaliações.,Melhorar: Integrar-se mais aos Princípios Passos Mágicos.,1,0.9629913839080925,96.3
RA-743,2022,0,J,Aluno-743,2013.0,,9.0,Feminino,2022.0,Escola Pública,,,,,Ágata,,Ágata,6.672,6.672,,,597.0,164.0,14.0,2.0,10.0,7.9,5.6,4.8,7.5,5.0,,4.8,4.8,,Não,Não,Fase 1 (4º ano),-1.0,Sem limitações,Destaque: A sua boa entrega das lições de casa.,Melhorar: Empenhar-se mais nas aulas e avaliações.,Melhorar: Integrar-se mais aos Princípios Passos Mágicos.,1,0.9628522955092343,96.29
RA-744,2022,0,J,Aluno-744,2014.0,,8.0,Feminino,2022.0,Escola Pública,,,,,Ametista,,Ametista,7.742,7.742,,,220.0,58.0,2.0,2.0,9.5,9.7,5.6,6.2,7.5,10.0,,6.0,6.3,,Não,Não,ALFA  (2º e 3º ano),0.0,Sem limitações,Destaque: A sua boa entrega das lições de casa.,Melhorar: Empenhar-se mais nas aulas e avaliações.,Melhorar: Integrar-se mais aos Princípios Passos Mágicos.,0,0.08172747878532245,8.17
RA-745,2022,0,J,Aluno-745,2013.0,,9.0,Masculino,2021.0,Rede Decisão,,,,Topázio,Ametista,,Ametista,7.382,7.382,,,367.0,111.0,5.0,2.0,9.0,8.5,5.6,8.1,7.75,5.0,,8.5,7.7,,Não,Não,Fase 1 (4º ano),-1.0,Sem limitações,Destaque: A sua boa entrega das lições de casa.,Destaque: As suas boas notas na Passos Mágicos.,Destaque: A sua boa integração aos Princípios Passos Mágicos.,1,0.9802481418105158,98.02
RA-746,2022,0,J,Aluno-746,2014.0,,8.0,Masculino,2022.0,Escola Pública,,,,,Ametista,,Ametista,7.656,7.656,,,253.0,70.0,3.0,2.0,8.0,9.1,5.6,7.2,7.417,10.0,,7.7,6.7,,Não,Não,ALFA  (2º e 3º ano),0.0,Sem limitações,Destaque: A sua boa entrega das lições de casa.,Melhorar: Empenhar-se mais nas aulas e avaliações.,Melhorar: Integrar-se mais aos Princípios Passos Mágicos.,0,0.10006824207415649,10.01
RA-747,2022,0,K,Aluno-747,2011.0,,11.0,Feminino,2022.0,Escola Pública,,,,,Ametista,,Ametista,7.676,7.676,,,245.0,66.0,6.0,2.0,10.0,7.6,7.5,8.8,7.917,5.0,,8.2,9.4,,Sim,Não,Fase 2 (5º e 6º ano),-2.0,Não atendido,Destaque: A sua boa entrega das lições de casa.,Destaque: As suas boas notas na Passos Mágicos.,Destaque: A sua boa integração aos Princípios Passos Mágicos.,1,0.8830316375454181,88.3
RA-748,2022,0,K,Aluno-748,2013.0,,9.0,Masculino,2022.0,Escola Pública,,,,,Topázio,,Topázio,8.084,8.084,,,122.0,34.0,5.0,2.0,10.0,9.0,7.5,9.1,8.25,5.0,,9.6,8.6,,Sim,Não,Fase 1 (4º ano),-1.0,Não atendido,Destaque: A sua boa entrega das lições de casa.,Destaque: As suas boas notas na Passos Mágicos.,Destaque: A sua boa integração aos Princípios Passos Mágicos.,1,0.8618888117636281,86.19
RA-749,2022,0,K,Aluno-749,2013.0,,9.0,Masculino,2022.0,Escola Pública,,,,,Ametista,,Ametista,7.484,7.484,,,318.0,94.0,7.0,2.0,9.5,7.7,7.5,8.8,7.25,5.0,,9.5,8.1,,Não,Não,Fase 1 (4º ano),-1.0,Não atendido,Destaque: A sua boa entrega das lições de casa.,Destaque: As suas boas notas na Passos Mágicos.,Melhorar: Integrar-se mais aos Princípios Passos Mágicos.,1,0.8859530946555603,88.6
RA-750,2022,0,K,Aluno-750,2012.0,,10.0,Masculino,2019.0,Escola Pública,,,Ágata,Ágata,Ágata,,Ágata,6.344,6.344,,,670.0,173.0,10.0,2.0,9.5,8.9,4.4,6.8,5.167,5.0,,7.1,6.4,,Não,Não,Fase 2 (5º e 6º ano),-2.0,Não indicado,Destaque: A sua boa entrega das lições de casa.,Melhorar: Empenhar-se mais nas aulas e avaliações.,Melhorar: Integrar-se mais aos Princípios Passos Mágicos.,1,0.8902887717843315,89.03
RA-751,2022,0,K,Aluno-751,2011.0,,11.0,Masculino,2022.0,Escola Pública,,,,,Quartzo,,Quartzo,5.246,5.246,,,808.0,187.0,11.0,2.0,8.5,5.8,7.5,3.8,6.167,5.0,,2.7,4.9,,Não,Não,Fase 2 (5º e 6º ano),-2.0,Não atendido,Melhorar: Melhorar a sua entrega de lições de casa.,Melhorar: Empenhar-se mais nas aulas e avaliações.,Melhorar: Integrar-se mais aos Princípios Passos Mágicos.,1,0.98377817587883,98.38
RA-752,2022,0,K,Aluno-752,2011.0,,11.0,Feminino,2022.0,Escola Pública,,,,,Topázio,,Topázio,8.197,8.197,,,86.0,22.0,4.0,2.0,10.0,9.0,7.5,9.5,8.417,5.0,,9.6,9.4,,Sim,Sim,Fase 2 (5º e 6º ano),-2.0,Não atendido,Destaque: A sua boa entrega das lições de casa.,Destaque: As suas boas notas na Passos Mágicos.,Destaque: A sua boa integração aos Princípios Passos Mágicos.,1,0.8758950628828959,87.59
RA-753,2022,0,K,Aluno-753,2014.0,,8.0,Feminino,2022.0,Escola Pública,,,,,Topázio,,Topázio,8.481,8.481,,,37.0,8.0,2.0,2.0,9.5,8.6,7.5,9.1,8.417,10.0,,9.4,8.8,,Sim,Sim,ALFA  (2º e 3º ano),0.0,Não atendido,Destaque: A sua boa entrega das lições de casa.,Destaque: As suas boas notas na Passos Mágicos.,Destaque: A sua boa integração aos Princípios Passos Mágicos.,0,0.042274207631959895,4.23
RA-754,2022,0,K,Aluno-754,2013.0,,9.0,Masculino,2022.0,Escola Pública,,,,,Ágata,,Ágata,6.602,6.602,,,626.0,169.0,9.0,2.0,10.0,5.8,4.4,7.9,6.917,5.0,,7.8,8.1,,Não,Não,Fase 1 (4º ano),-1.0,Não indicado,Melhorar: Melhorar a sua entrega de lições de casa.,Destaque: As suas boas notas na Passos Mágicos.,Melhorar: Integrar-se mais aos Princípios Passos Mágicos.,1,0.9433543528569882,94.34
RA-755,2022,0,K,Aluno-755,2014.0,,8.0,Masculino,2022.0,Escola Pública,,,,,Topázio,,Topázio,8.566,8.566,,,29.0,4.0,1.0,2.0,9.5,9.2,6.9,9.5,8.083,10.0,,9.8,9.3,,Sim,Não,ALFA  (2º e 3º ano),0.0,Não atendido,Destaque: A sua boa entrega das lições de casa.,Destaque: As suas boas notas na Passos Mágicos.,Destaque: A sua boa integração aos Princípios Passos Mágicos.,0,0.055794319729086876,5.58
RA-756,2022,0,K,Aluno-756,2013.0,,9.0,Masculino,2022.0,Escola Pública,,,,,Ágata,,Ágata,6.976,6.976,,,495.0,142.0,8.0,2.0,10.0,7.9,7.5,5.7,7.25,5.0,,5.6,5.8,,Não,Não,Fase 1 (4º ano),-1.0,Não atendido,Destaque: A sua boa entrega das lições de casa.,Melhorar: Empenhar-se mais nas aulas e avaliações.,Melhorar: Integrar-se mais aos Princípios Passos Mágicos.,1,0.9169764843699478,91.7
RA-757,2022,0,K,Aluno-757,2013.0,,9.0,Feminino,2022.0,Escola Pública,,,,,Topázio,,Topázio,8.26,8.26,,,71.0,18.0,3.0,2.0,9.5,9.3,7.5,9.7,8.5,5.0,,9.9,9.6,,Sim,Sim,Fase 1 (4º ano),-1.0,Não atendido,Destaque: A sua boa entrega das lições de casa.,Destaque: As suas boas notas na Passos Mágicos.,Destaque: A sua boa integração aos Princípios Passos Mágicos.,1,0.8343802264696079,83.44
RA-758,2022,0,L,Aluno-758,2013.0,,9.0,Masculino,2022.0,Escola Pública,,,,,Ametista,,Ametista,7.911,7.911,,,166.0,45.0,5.0,2.0,9.0,9.1,7.5,8.1,8.333,5.0,,8.0,8.2,,Não,Não,Fase 1 (4º ano),-1.0,Não atendido,Destaque: A sua boa entrega das lições de casa.,Destaque: As suas boas notas na Passos Mágicos.,Destaque: A sua boa integração aos Princípios Passos Mágicos.,1,0.8657066626119583,86.57
RA-759,2022,0,L,Aluno-759,2012.0,,10.0,Feminino,2021.0,Escola Pública,,,,Ágata,Ametista,,Ametista,7.563,7.563,,,288.0,81.0,7.0,2.0,9.0,8.6,7.5,7.5,7.833,5.0,,8.3,6.7,,Não,Não,Fase 2 (5º e 6º ano),-2.0,Não atendido,Destaque: A sua boa entrega das lições de casa.,Destaque: As suas boas notas na Passos Mágicos.,Destaque: A sua boa integração aos Princípios Passos Mágicos.,1,0.9751808172864347,97.52
RA-760,2022,0,L,Aluno-760,2011.0,,11.0,Masculino,2021.0,Escola Pública,,,,Ametista,Topázio,,Topázio,8.172,8.172,,,94.0,25.0,2.0,2.0,9.0,9.2,7.5,8.8,8.917,5.0,,9.3,8.2,,Não,Sim,Fase 2 (5º e 6º ano),-2.0,Não atendido,Destaque: A sua boa entrega das lições de casa.,Destaque: As suas boas notas na Passos Mágicos.,Destaque: A sua boa integração aos Princípios Passos Mágicos.,1,0.8701719819102762,87.02
RA-761,2022,0,L,Aluno-761,2013.0,,9.0,Masculino,2022.0,Escola Pública,,,,,Topázio,,Topázio,8.06,8.06,,,130.0,36.0,3.0,2.0,10.0,9.4,7.5,8.2,8.25,5.0,,8.8,7.5,,Não,Não,Fase 1 (4º ano),-1.0,Não atendido,Destaque: A sua boa entrega das lições de casa.,Destaque: As suas boas notas na Passos Mágicos.,Destaque: A sua boa integração aos Princípios Passos Mágicos.,1,0.8329678840202245,83.3
RA-762,2022,0,L,Aluno-762,2010.0,,12.0,Masculino,2022.0,Escola Pública,,,,,Ametista,,Ametista,7.28,7.28,,,402.0,118.0,10.0,2.0,10.0,9.7,7.5,6.7,7.083,2.5,,7.3,6.0,,Não,Não,Fase 3 (7º e 8º ano),-3.0,Não atendido,Destaque: A sua boa entrega das lições de casa.,Melhorar: Empenhar-se mais nas aulas e avaliações.,Melhorar: Integrar-se mais aos Princípios Passos Mágicos.,1,0.9174011909743743,91.74
RA-763,2022,0,L,Aluno-763,2012.0,,10.0,Feminino,2021.0,Escola Pública,,,,Ágata,Ametista,,Ametista,7.402,7.402,,,361.0,109.0,9.0,2.0,9.5,9.7,7.5,6.5,7.167,5.0,,6.3,6.7,,Não,Não,Fase 2 (5º e 6º ano),-2.0,Não atendido,Destaque: A sua boa entrega das lições de casa.,Melhorar: Empenhar-se mais nas aulas e avaliações.,Melhorar: Integrar-se mais aos Princípios Passos Mágicos.,1,0.9017235168709767,90.17
RA-764,2022,0,L,Aluno-764,2014.0,,8.0,Masculino,2022.0,Escola Pública,,,,,Ametista,,Ametista,8.004,8.004,,,141.0,38.0,4.0,2.0,9.0,8.8,7.5,7.5,7.667,10.0,,7.2,7.8,,Não,Não,ALFA  (2º e 3º ano),0.0,Não atendido,Destaque: A sua boa entrega das lições de casa.,Destaque: As suas boas notas na Passos Mágicos.,Destaque: A sua boa integração aos Princípios Passos Mágicos.,0,0.04820322916387884,4.82
RA-765,2022,0,L,Aluno-765,2013.0,,9.0,Masculino,2022.0,Escola Pública,,,,,Ágata,,Ágata,6.902,6.902,,,523.0,149.0,11.0,2.0,8.5,9.3,7.5,4.3,7.417,5.0,,5.0,3.7,,Não,Não,Fase 1 (4º ano),-1.0,Não atendido,Destaque: A sua boa entrega das lições de casa.,Melhorar: Empenhar-se mais nas aulas e avaliações.,Melhorar: Integrar-se mais aos Princípios Passos Mágicos.,1,0.9066337119514409,90.66
RA-766,2022,0,L,Aluno-766,2011.0,,11.0,Feminino,2020.0,Escola Pública,,,Ametista,Ametista,Topázio,,Topázio,8.185,8.185,,,88.0,23.0,1.0,2.0,10.0,9.5,7.5,8.7,8.333,5.0,,8.5,8.8,,Não,Não,Fase 2 (5º e 6º ano),-2.0,Não atendido,Destaque: A sua boa entrega das lições de casa.,Destaque: As suas boas notas na Passos Mágicos.,Destaque: A sua boa integração aos Princípios Passos Mágicos.,1,0.8599201544446166,85.99
RA-767,2022,0,L,Aluno-767,2012.0,,10.0,Masculino,2021.0,Escola Pública,,,,Ametista,Ametista,,Ametista,7.511,7.511,,,304.0,87.0,8.0,2.0,9.5,9.0,7.5,7.0,7.583,5.0,,7.3,6.7,,Não,Não,Fase 2 (5º e 6º ano),-2.0,Não atendido,Destaque: A sua boa entrega das lições de casa.,Melhorar: Empenhar-se mais nas aulas e avaliações.,Destaque: A sua boa integração aos Princípios Passos Mágicos.,1,0.9667376848854358,96.67
RA-768,2022,0,L,Aluno-768,2012.0,,10.0,Feminino,2021.0,Escola Pública,,,,Ametista,Ametista,,Ametista,7.646,7.646,,,255.0,71.0,6.0,2.0,9.0,10.0,7.5,7.1,7.583,5.0,,7.0,7.2,,Não,Não,Fase 2 (5º e 6º ano),-2.0,Não atendido,Destaque: A sua boa entrega das lições de casa.,Melhorar: Empenhar-se mais nas aulas e avaliações.,Destaque: A sua boa integração aos Princípios Passos Mágicos.,1,0.9151259258928345,91.51
RA-769,2022,0,M,Aluno-769,2013.0,,9.0,Feminino,2022.0,Escola Pública,,,,,Ametista,,Ametista,7.598,7.598,,,272.0,76.0,3.0,2.0,10.0,7.5,7.5,7.9,8.5,5.0,,9.6,6.2,,Sim,Sim,Fase 1 (4º ano),-1.0,Não avaliado,Destaque: A sua boa entrega das lições de casa.,Destaque: As suas boas notas na Passos Mágicos.,Destaque: A sua boa integração aos Princípios Passos Mágicos.,1,0.9269886734278123,92.7
RA-770,2022,0,M,Aluno-770,2015.0,,7.0,Masculino,2022.0,Escola Pública,,,,,Topázio,,Topázio,8.143,8.143,,,101.0,28.0,1.0,2.0,9.5,8.9,7.5,8.3,7.333,10.0,,8.5,8.1,,Não,Não,ALFA  (2º e 3º ano),0.0,Não avaliado,Destaque: A sua boa entrega das lições de casa.,Destaque: As suas boas notas na Passos Mágicos.,Melhorar: Integrar-se mais aos Princípios Passos Mágicos.,0,0.08609936538190897,8.61
RA-771,2022,0,M,Aluno-771,2015.0,,7.0,Feminino,2022.0,Escola Pública,,,,,Ametista,,Ametista,7.873,7.873,,,179.0,49.0,2.0,2.0,10.0,8.3,7.5,7.0,7.5,10.0,,7.2,6.9,,Não,Não,ALFA  (2º e 3º ano),0.0,Não avaliado,Destaque: A sua boa entrega das lições de casa.,Melhorar: Empenhar-se mais nas aulas e avaliações.,Destaque: A sua boa integração aos Princípios Passos Mágicos.,0,0.04472061360418986,4.47
RA-772,2022,0,M,Aluno-772,2011.0,,11.0,Masculino,2021.0,Escola Pública,,,,Quartzo,Ágata,,Ágata,6.994,6.994,,,490.0,139.0,5.0,2.0,9.0,5.4,7.5,9.2,7.25,5.0,,9.3,9.2,,Não,Não,Fase 2 (5º e 6º ano),-2.0,Não avaliado,Melhorar: Melhorar a sua entrega de lições de casa.,Destaque: As suas boas notas na Passos Mágicos.,Melhorar: Integrar-se mais aos Princípios Passos Mágicos.,1,0.9031959616641315,90.32
RA-773,2022,0,M,Aluno-773,2013.0,,9.0,Feminino,2022.0,Escola Pública,,,,,Ágata,,Ágata,6.922,6.922,,,520.0,147.0,6.0,2.0,10.0,6.8,5.0,8.1,7.083,5.0,,9.3,6.8,,Não,Não,Fase 1 (4º ano),-1.0,Não indicado,Melhorar: Melhorar a sua entrega de lições de casa.,Destaque: As suas boas notas na Passos Mágicos.,Melhorar: Integrar-se mais aos Princípios Passos Mágicos.,1,0.954897677825054,95.49
RA-774,2022,0,M,Aluno-774,2014.0,,8.0,Feminino,2022.0,Escola Pública,,,,,Ametista,,Ametista,7.587,7.587,,,280.0,78.0,4.0,2.0,10.0,7.8,7.5,6.1,7.417,10.0,,7.8,4.4,,Não,Não,ALFA  (2º e 3º ano),0.0,Não avaliado,Destaque: A sua boa entrega das lições de casa.,Melhorar: Empenhar-se mais nas aulas e avaliações.,Melhorar: Integrar-se mais aos Princípios Passos Mágicos.,0,0.0796911768168985,7.97
RA-775,2022,0,N,Aluno-775,2012.0,,10.0,Masculino,2021.0,Escola Pública,,,,Ágata,Quartzo,,Quartzo,5.79,5.79,,,751.0,182.0,7.0,2.0,7.9,5.7,4.4,5.7,6.417,5.0,,5.5,5.8,,Não,Não,Fase 2 (5º e 6º ano),-2.0,Não indicado,Melhorar: Melhorar a sua entrega de lições de casa.,Melhorar: Empenhar-se mais nas aulas e avaliações.,Melhorar: Integrar-se mais aos Princípios Passos Mágicos.,1,0.9563793502053993,95.64
RA-776,2022,0,N,Aluno-776,2013.0,,9.0,Feminino,2022.0,Escola Pública,,,,,Quartzo,,Quartzo,3.898,3.898,,,856.0,190.0,9.0,2.0,0.0,4.3,4.4,1.7,6.333,5.0,,0.0,3.3,,Não,Não,Fase 1 (4º ano),-1.0,Requer avaliação,Melhorar: Melhorar a sua entrega de lições de casa.,Melhorar: Empenhar-se mais nas aulas e avaliações.,Melhorar: Integrar-se mais aos Princípios Passos Mágicos.,1,0.8011579558151313,80.12
RA-777,2022,0,N,Aluno-777,2014.0,,8.0,Masculino,2022.0,Escola Pública,,,,,Ametista,,Ametista,7.096,7.096,,,457.0,133.0,4.0,2.0,8.0,7.7,7.5,5.3,7.0,10.0,,6.5,4.0,,Não,Não,ALFA  (2º e 3º ano),0.0,Não atendido,Destaque: A sua boa entrega das lições de casa.,Melhorar: Empenhar-se mais nas aulas e avaliações.,Melhorar: Integrar-se mais aos Princípios Passos Mágicos.,0,0.18745399056194953,18.75
RA-778,2022,0,N,Aluno-778,2013.0,,9.0,Feminino,2021.0,Escola Pública,,,,Topázio,Ametista,,Ametista,7.432,7.432,,,342.0,100.0,3.0,2.0,10.0,6.7,7.5,7.1,8.833,5.0,,6.0,8.2,,Não,Sim,Fase 1 (4º ano),-1.0,Não atendido,Melhorar: Melhorar a sua entrega de lições de casa.,Melhorar: Empenhar-se mais nas aulas e avaliações.,Destaque: A sua boa integração aos Princípios Passos Mágicos.,1,0.9042360005437405,90.42
RA-779,2022,0,N,Aluno-779,2012.0,,10.0,Masculino,2022.0,Escola Pública,,,,,Quartzo,,Quartzo,5.702,5.702,,,760.0,183.0,8.0,2.0,9.5,5.0,7.5,2.6,7.083,5.0,,2.2,3.0,,Não,Não,Fase 2 (5º e 6º ano),-2.0,Não atendido,Melhorar: Melhorar a sua entrega de lições de casa.,Melhorar: Empenhar-se mais nas aulas e avaliações.,Melhorar: Integrar-se mais aos Princípios Passos Mágicos.,1,0.9541192002980643,95.41
RA-780,2022,0,N,Aluno-780,2013.0,,9.0,Feminino,2022.0,Escola Pública,,,,,Ágata,,Ágata,6.955,6.955,,,502.0,143.0,6.0,2.0,8.0,7.6,7.5,6.9,7.167,5.0,,6.3,7.5,,Não,Não,Fase 1 (4º ano),-1.0,Não atendido,Destaque: A sua boa entrega das lições de casa.,Melhorar: Empenhar-se mais nas aulas e avaliações.,Melhorar: Integrar-se mais aos Princípios Passos Mágicos.,1,0.9566504173524644,95.67
RA-781,2022,0,N,Aluno-781,2013.0,,9.0,Feminino,2021.0,Escola Pública,,,,Topázio,Ametista,,Ametista,7.786,7.786,,,205.0,54.0,1.0,2.0,10.0,8.9,7.5,8.3,7.75,5.0,,8.0,8.5,,Não,Não,Fase 1 (4º ano),-1.0,Não atendido,Destaque: A sua boa entrega das lições de casa.,Destaque: As suas boas notas na Passos Mágicos.,Destaque: A sua boa integração aos Princípios Passos Mágicos.,1,0.9107058977492903,91.07
RA-782,2022,0,N,Aluno-782,2014.0,,8.0,Masculino,2022.0,Escola Pública,,,,,Ametista,,Ametista,7.485,7.485,,,317.0,93.0,2.0,2.0,9.5,8.4,7.5,6.0,7.0,10.0,,5.7,6.3,,Não,Não,ALFA  (2º e 3º ano),0.0,Não atendido,Destaque: A sua boa entrega das lições de casa.,Melhorar: Empenhar-se mais nas aulas e avaliações.,Melhorar: Integrar-se mais aos Princípios Passos Mágicos.,0,0.11032609478326502,11.03
RA-783,2022,0,N,Aluno-783,2014.0,,8.0,Masculino,2021.0,Escola Pública,,,,Ametista,Ágata,,Ágata,6.996,6.996,,,487.0,138.0,5.0,2.0,9.5,5.8,7.5,6.0,6.917,10.0,,4.7,7.3,,Não,Não,ALFA  (2º e 3º ano),0.0,Não atendido,Melhorar: Melhorar a sua entrega de lições de casa.,Melhorar: Empenhar-se mais nas aulas e avaliações.,Melhorar: Integrar-se mais aos Princípios Passos Mágicos.,0,0.17559621158747668,17.56
RA-784,2022,0,O,Aluno-784,2013.0,,9.0,Masculino,2022.0,Escola Pública,,,,,Topázio,,Topázio,8.34,8.34,,,54.0,14.0,1.0,2.0,9.5,10.0,7.5,8.2,9.25,5.0,,7.8,8.5,,Não,Sim,Fase 1 (4º ano),-1.0,Não atendido,Destaque: A sua boa entrega das lições de casa.,Destaque: As suas boas notas na Passos Mágicos.,Destaque: A sua boa integração aos Princípios Passos Mágicos.,1,0.7573439965121349,75.73
RA-785,2022,0,O,Aluno-785,2013.0,,9.0,Feminino,2022.0,Escola Pública,,,,,Ametista,,Ametista,7.642,7.642,,,256.0,72.0,4.0,2.0,9.0,8.6,7.5,8.4,7.667,5.0,,8.8,8.0,,Não,Não,Fase 1 (4º ano),-1.0,Não atendido,Destaque: A sua boa entrega das lições de casa.,Destaque: As suas boas notas na Passos Mágicos.,Destaque: A sua boa integração aos Princípios Passos Mágicos.,1,0.9510702280748353,95.11
RA-786,2022,0,O,Aluno-786,2011.0,,11.0,Masculino,2019.0,Escola Pública,,,Quartzo,Quartzo,Ágata,,Ágata,7.004,7.004,,,485.0,137.0,11.0,2.0,9.0,9.5,5.6,6.1,7.167,5.0,,6.3,5.8,,Não,Não,Fase 2 (5º e 6º ano),-2.0,Não indicado,Destaque: A sua boa entrega das lições de casa.,Melhorar: Empenhar-se mais nas aulas e avaliações.,Melhorar: Integrar-se mais aos Princípios Passos Mágicos.,1,0.9222761137765167,92.23
RA-787,2022,0,O,Aluno-787,2014.0,,8.0,Masculino,2022.0,Escola Pública,,,,,Ametista,,Ametista,7.205,7.205,,,426.0,127.0,9.0,2.0,8.5,9.5,7.5,3.4,7.25,10.0,,4.2,2.7,,Não,Não,ALFA  (2º e 3º ano),0.0,Não atendido,Destaque: A sua boa entrega das lições de casa.,Melhorar: Empenhar-se mais nas aulas e avaliações.,Melhorar: Integrar-se mais aos Princípios Passos Mágicos.,0,0.21202854546989325,21.2
RA-788,2022,0,O,Aluno-788,2014.0,,8.0,Masculino,2021.0,Rede Decisão,,,,Topázio,Topázio,,Topázio,8.264,8.264,,,68.0,17.0,2.0,2.0,10.0,9.3,5.6,8.0,8.667,10.0,,7.8,8.2,,Não,Sim,ALFA  (2º e 3º ano),0.0,Requer avaliação,Destaque: A sua boa entrega das lições de casa.,Destaque: As suas boas notas na Passos Mágicos.,Destaque: A sua boa integração aos Princípios Passos Mágicos.,0,0.08375132202622396,8.38
RA-789,2022,0,O,Aluno-789,2015.0,,7.0,Feminino,2022.0,Escola Pública,,,,,Ametista,,Ametista,7.405,7.405,,,359.0,108.0,7.0,2.0,9.0,9.4,7.5,4.2,7.417,10.0,,3.7,4.7,,Não,Não,ALFA  (2º e 3º ano),0.0,Não atendido,Destaque: A sua boa entrega das lições de casa.,Melhorar: Empenhar-se mais nas aulas e avaliações.,Melhorar: Integrar-se mais aos Princípios Passos Mágicos.,0,0.15094987776521251,15.09
RA-790,2022,0,O,Aluno-790,2011.0,,11.0,Feminino,2022.0,Escola Pública,,,,,Ametista,,Ametista,7.504,7.504,,,307.0,89.0,6.0,2.0,9.0,8.9,7.5,7.8,7.417,5.0,,8.5,7.2,,Não,Não,Fase 2 (5º e 6º ano),-2.0,Não atendido,Destaque: A sua boa entrega das lições de casa.,Destaque: As suas boas notas na Passos Mágicos.,Melhorar: Integrar-se mais aos Princípios Passos Mágicos.,1,0.9543169899984589,95.43
RA-791,2022,0,O,Aluno-791,2011.0,,11.0,Feminino,2022.0,Escola Pública,,,,,Ametista,,Ametista,7.507,7.507,,,306.0,88.0,5.0,2.0,9.5,8.7,7.5,6.5,8.5,5.0,,6.3,6.7,,Não,Sim,Fase 2 (5º e 6º ano),-2.0,Não atendido,Destaque: A sua boa entrega das lições de casa.,Melhorar: Empenhar-se mais nas aulas e avaliações.,Destaque: A sua boa integração aos Princípios Passos Mágicos.,1,0.9103420534940466,91.03
RA-792,2022,0,O,Aluno-792,2013.0,,9.0,Feminino,2022.0,Escola Pública,,,,,Ágata,,Ágata,7.025,7.025,,,480.0,136.0,10.0,2.0,9.5,8.0,7.5,6.2,7.167,5.0,,6.5,5.8,,Não,Não,Fase 1 (4º ano),-1.0,Não atendido,Destaque: A sua boa entrega das lições de casa.,Melhorar: Empenhar-se mais nas aulas e avaliações.,Melhorar: Integrar-se mais aos Princípios Passos Mágicos.,1,0.9436478057764661,94.36
RA-793,2022,0,O,Aluno-793,2012.0,,10.0,Masculino,2022.0,Escola Pública,,,,,Ágata,,Ágata,6.894,6.894,,,527.0,151.0,12.0,2.0,9.5,7.6,7.5,6.0,7.333,5.0,,6.0,6.0,,Não,Não,Fase 2 (5º e 6º ano),-2.0,Não atendido,Destaque: A sua boa entrega das lições de casa.,Melhorar: Empenhar-se mais nas aulas e avaliações.,Melhorar: Integrar-se mais aos Princípios Passos Mágicos.,1,0.9726851803280341,97.27
RA-794,2022,0,O,Aluno-794,2014.0,,8.0,Feminino,2022.0,Escola Pública,,,,,Ametista,,Ametista,7.335,7.335,,,381.0,114.0,8.0,2.0,9.5,8.9,7.5,4.1,7.333,10.0,,3.7,4.5,,Não,Não,ALFA  (2º e 3º ano),0.0,Não atendido,Destaque: A sua boa entrega das lições de casa.,Melhorar: Empenhar-se mais nas aulas e avaliações.,Melhorar: Integrar-se mais aos Princípios Passos Mágicos.,0,0.1854775959846095,18.55
RA-795,2022,0,O,Aluno-795,2014.0,,8.0,Feminino,2022.0,Escola Pública,,,,,Topázio,,Topázio,8.064,8.064,,,126.0,35.0,3.0,2.0,9.0,9.7,7.5,7.3,7.333,10.0,,8.0,6.5,,Não,Não,ALFA  (2º e 3º ano),0.0,Não atendido,Destaque: A sua boa entrega das lições de casa.,Melhorar: Empenhar-se mais nas aulas e avaliações.,Melhorar: Integrar-se mais aos Princípios Passos Mágicos.,0,0.04397935061759016,4.4
RA-796,2022,0,Q,Aluno-796,2012.0,,10.0,Feminino,2022.0,Escola Pública,,,,,Ametista,,Ametista,7.232,7.232,,,416.0,123.0,3.0,2.0,9.5,9.3,7.5,5.4,7.667,5.0,,5.8,5.0,,Não,Não,Fase 2 (5º e 6º ano),-2.0,Não atendido,Destaque: A sua boa entrega das lições de casa.,Melhorar: Empenhar-se mais nas aulas e avaliações.,Destaque: A sua boa integração aos Princípios Passos Mágicos.,1,0.8922171090798154,89.22
RA-797,2022,0,Q,Aluno-797,2012.0,,10.0,Masculino,2021.0,Escola Pública,,,,Ágata,Ametista,,Ametista,7.217,7.217,,,421.0,126.0,4.0,2.0,9.0,8.5,7.5,7.3,7.5,5.0,,8.2,6.5,,Não,Não,Fase 2 (5º e 6º ano),-2.0,Não atendido,Destaque: A sua boa entrega das lições de casa.,Melhorar: Empenhar-se mais nas aulas e avaliações.,Destaque: A sua boa integração aos Princípios Passos Mágicos.,1,0.9572065562574487,95.72
RA-798,2022,0,Q,Aluno-798,2012.0,,10.0,Masculino,2022.0,Escola Pública,,,,,Ametista,,Ametista,7.049,7.049,,,472.0,135.0,5.0,2.0,8.0,8.3,7.5,6.3,7.667,5.0,,7.0,5.7,,Não,Não,Fase 2 (5º e 6º ano),-2.0,Não atendido,Destaque: A sua boa entrega das lições de casa.,Melhorar: Empenhar-se mais nas aulas e avaliações.,Destaque: A sua boa integração aos Princípios Passos Mágicos.,1,0.9234487361914581,92.34
RA-799,2022,0,Q,Aluno-799,2012.0,,10.0,Feminino,2022.0,Escola Pública,,,,,Ametista,,Ametista,7.676,7.676,,,244.0,65.0,2.0,2.0,8.0,9.6,7.5,7.8,7.917,5.0,,8.5,7.2,,Não,Não,Fase 2 (5º e 6º ano),-2.0,Não atendido,Destaque: A sua boa entrega das lições de casa.,Destaque: As suas boas notas na Passos Mágicos.,Destaque: A sua boa integração aos Princípios Passos Mágicos.,1,0.9143910986304925,91.44
RA-800,2022,0,Q,Aluno-800,2014.0,,8.0,Masculino,2022.0,Escola Pública,,,,,Ágata,,Ágata,6.818,6.818,,,551.0,157.0,8.0,2.0,8.0,5.4,7.5,6.1,7.5,10.0,,6.3,5.8,,Não,Não,ALFA  (2º e 3º ano),0.0,Não atendido,Melhorar: Melhorar a sua entrega de lições de casa.,Melhorar: Empenhar-se mais nas aulas e avaliações.,Melhorar: Integrar-se mais aos Princípios Passos Mágicos.,0,0.22407135264180983,22.41
RA-801,2022,0,Q,Aluno-801,2013.0,,9.0,Masculino,2022.0,Escola Pública,,,,,Ágata,,Ágata,6.644,6.644,,,611.0,167.0,9.0,2.0,7.0,6.6,7.5,6.8,7.5,5.0,,7.2,6.3,,Não,Não,Fase 1 (4º ano),-1.0,Não atendido,Melhorar: Melhorar a sua entrega de lições de casa.,Melhorar: Empenhar-se mais nas aulas e avaliações.,Melhorar: Integrar-se mais aos Princípios Passos Mágicos.,1,0.9586689845387992,95.87
RA-802,2022,0,Q,Aluno-802,2013.0,,9.0,Masculino,2021.0,Escola Pública,,,,Ametista,Ametista,,Ametista,7.831,7.831,,,193.0,51.0,1.0,2.0,9.0,9.0,7.5,8.3,8.333,5.0,,9.0,7.5,,Não,Não,Fase 1 (4º ano),-1.0,Não atendido,Destaque: A sua boa entrega das lições de casa.,Destaque: As suas boas notas na Passos Mágicos.,Destaque: A sua boa integração aos Princípios Passos Mágicos.,1,0.9304674018750566,93.05
RA-803,2022,0,Q,Aluno-803,2012.0,,10.0,Feminino,2022.0,Escola Pública,,,,,Ágata,,Ágata,6.98,6.98,,,494.0,141.0,6.0,2.0,10.0,7.2,7.5,6.3,7.417,5.0,,6.5,6.0,,Não,Não,Fase 2 (5º e 6º ano),-2.0,Sem limitações,Melhorar: Melhorar a sua entrega de lições de casa.,Melhorar: Empenhar-se mais nas aulas e avaliações.,Melhorar: Integrar-se mais aos Princípios Passos Mágicos.,1,0.9457331127137443,94.57
RA-804,2022,0,Q,Aluno-804,2012.0,,10.0,Masculino,2022.0,Escola Pública,,,,,Ágata,,Ágata,6.848,6.848,,,540.0,153.0,7.0,2.0,10.0,8.4,6.3,4.8,7.667,5.0,,5.5,4.0,,Não,Não,Fase 2 (5º e 6º ano),-2.0,Não atendido,Destaque: A sua boa entrega das lições de casa.,Melhorar: Empenhar-se mais nas aulas e avaliações.,Destaque: A sua boa integração aos Princípios Passos Mágicos.,1,0.914457656844263,91.45
RA-805,2022,0,R,Aluno-805,2014.0,,8.0,Masculino,2021.0,Escola Pública,,,,Ametista,Topázio,,Topázio,8.279,8.279,,,65.0,16.0,2.0,2.0,9.5,9.0,7.5,8.8,7.333,10.0,,8.7,8.9,,Não,Não,ALFA  (2º e 3º ano),0.0,Sem limitações,Destaque: A sua boa entrega das lições de casa.,Destaque: As suas boas notas na Passos Mágicos.,Melhorar: Integrar-se mais aos Princípios Passos Mágicos.,0,0.07348486910136585,7.35
RA-806,2022,0,R,Aluno-806,2014.0,,8.0,Masculino,2022.0,Escola Pública,,,,,Ametista,,Ametista,7.561,7.561,,,290.0,82.0,5.0,2.0,9.5,7.3,7.5,6.6,7.917,10.0,,5.0,8.2,,Não,Não,ALFA  (2º e 3º ano),0.0,Sem limitações,Melhorar: Melhorar a sua entrega de lições de casa.,Melhorar: Empenhar-se mais nas aulas e avaliações.,Destaque: A sua boa integração aos Princípios Passos Mágicos.,0,0.2256845657379662,22.57
RA-807,2022,0,R,Aluno-807,2014.0,,8.0,Masculino,2022.0,Escola Pública,,,,,Topázio,,Topázio,8.121,8.121,,,109.0,31.0,3.0,2.0,9.5,8.7,6.3,9.0,7.5,10.0,,9.5,8.6,,Não,Não,ALFA  (2º e 3º ano),0.0,Sem limitações,Destaque: A sua boa entrega das lições de casa.,Destaque: As suas boas notas na Passos Mágicos.,Destaque: A sua boa integração aos Princípios Passos Mágicos.,0,0.11556022076740206,11.56
RA-808,2022,0,R,Aluno-808,2014.0,,8.0,Masculino,2022.0,Escola Pública,,,,,Topázio,,Topázio,8.361,8.361,,,51.0,12.0,1.0,2.0,10.0,9.1,6.3,9.3,8.0,10.0,,9.7,8.8,,Não,Não,ALFA  (2º e 3º ano),0.0,Sem limitações,Destaque: A sua boa entrega das lições de casa.,Destaque: As suas boas notas na Passos Mágicos.,Destaque: A sua boa integração aos Princípios Passos Mágicos.,0,0.07001965643335212,7.0
RA-809,2022,0,R,Aluno-809,2015.0,,7.0,Masculino,2022.0,Escola Pública,,,,,Ametista,,Ametista,7.259,7.259,,,410.0,120.0,7.0,2.0,10.0,6.6,6.3,6.3,7.417,10.0,,5.5,7.1,,Não,Não,ALFA  (2º e 3º ano),0.0,Sem limitações,Melhorar: Melhorar a sua entrega de lições de casa.,Melhorar: Empenhar-se mais nas aulas e avaliações.,Melhorar: Integrar-se mais aos Princípios Passos Mágicos.,0,0.14066393381118175,14.07
RA-810,2022,0,R,Aluno-810,2014.0,,8.0,Masculino,2021.0,Escola Pública,,,,Ametista,Ametista,,Ametista,7.887,7.887,,,175.0,47.0,4.0,2.0,8.5,9.1,5.0,9.6,7.25,10.0,,9.7,9.5,,Não,Não,ALFA  (2º e 3º ano),0.0,Não indicado,Destaque: A sua boa entrega das lições de casa.,Destaque: As suas boas notas na Passos Mágicos.,Melhorar: Integrar-se mais aos Princípios Passos Mágicos.,0,0.13352802392476035,13.35
RA-811,2022,0,R,Aluno-811,2013.0,,9.0,Feminino,2021.0,Escola Pública,,,,Ágata,Ágata,,Ágata,6.575,6.575,,,635.0,170.0,8.0,2.0,8.9,5.7,5.6,7.3,7.667,5.0,,8.9,5.7,,Não,Não,Fase 1 (4º ano),-1.0,Sem limitações,Melhorar: Melhorar a sua entrega de lições de casa.,Melhorar: Empenhar-se mais nas aulas e avaliações.,Destaque: A sua boa integração aos Princípios Passos Mágicos.,1,0.9090787462149589,90.91
RA-812,2022,0,R,Aluno-812,2014.0,,8.0,Masculino,2022.0,Escola Pública,,,,,Ametista,,Ametista,7.497,7.497,,,313.0,90.0,6.0,2.0,9.0,8.1,5.6,7.4,7.333,10.0,,8.3,6.6,,Não,Não,ALFA  (2º e 3º ano),0.0,Sem limitações,Destaque: A sua boa entrega das lições de casa.,Melhorar: Empenhar-se mais nas aulas e avaliações.,Melhorar: Integrar-se mais aos Princípios Passos Mágicos.,0,0.09239869905072905,9.24
RA-813,2022,0,S,Aluno-813,2014.0,,8.0,Masculino,2022.0,Escola Pública,,,,,Ametista,,Ametista,7.093,7.093,,,459.0,134.0,6.0,2.0,9.5,6.5,6.9,6.0,7.417,10.0,,6.7,5.3,,Não,Não,ALFA  (2º e 3º ano),0.0,Sem limitações,Melhorar: Melhorar a sua entrega de lições de casa.,Melhorar: Empenhar-se mais nas aulas e avaliações.,Melhorar: Integrar-se mais aos Princípios Passos Mágicos.,0,0.1282267878201357,12.82
RA-814,2022,0,S,Aluno-814,2013.0,,9.0,Masculino,2022.0,Escola Pública,,,,,Ametista,,Ametista,7.592,7.592,,,275.0,77.0,4.0,2.0,8.9,9.0,6.9,7.5,8.417,5.0,,7.8,7.2,,Não,Sim,Fase 1 (4º ano),-1.0,Requer avaliação,Destaque: A sua boa entrega das lições de casa.,Destaque: As suas boas notas na Passos Mágicos.,Destaque: A sua boa integração aos Princípios Passos Mágicos.,1,0.9647102241007909,96.47
RA-815,2022,0,S,Aluno-815,2013.0,,9.0,Masculino,2022.0,Escola Pública,,,,,Ágata,,Ágata,6.81,6.81,,,552.0,158.0,7.0,2.0,10.0,7.9,5.6,6.5,7.0,5.0,,7.7,5.3,,Não,Não,Fase 1 (4º ano),-1.0,Requer avaliação,Destaque: A sua boa entrega das lições de casa.,Melhorar: Empenhar-se mais nas aulas e avaliações.,Melhorar: Integrar-se mais aos Princípios Passos Mágicos.,1,0.9323334104217483,93.23
RA-816,2022,0,S,Aluno-816,2013.0,,9.0,Feminino,2022.0,Escola Pública,,,,,Topázio,,Topázio,8.513,8.513,,,32.0,6.0,1.0,2.0,10.0,9.3,7.5,9.6,9.417,5.0,,9.5,9.7,,Sim,Sim,Fase 1 (4º ano),-1.0,Sem limitações,Destaque: A sua boa entrega das lições de casa.,Destaque: As suas boas notas na Passos Mágicos.,Destaque: A sua boa integração aos Princípios Passos Mágicos.,1,0.7629347831499842,76.29
RA-817,2022,0,S,Aluno-817,2014.0,,8.0,Feminino,2022.0,Escola Pública,,,,,Ametista,,Ametista,7.819,7.819,,,197.0,52.0,2.0,2.0,10.0,8.7,6.3,7.1,7.417,10.0,,7.7,6.5,,Não,Não,ALFA  (2º e 3º ano),0.0,Requer avaliação,Destaque: A sua boa entrega das lições de casa.,Melhorar: Empenhar-se mais nas aulas e avaliações.,Melhorar: Integrar-se mais aos Princípios Passos Mágicos.,0,0.053496573727693855,5.35
RA-818,2022,0,S,Aluno-818,2015.0,,7.0,Masculino,2022.0,Escola Pública,,,,,Ametista,,Ametista,7.483,7.483,,,320.0,95.0,5.0,2.0,9.5,7.3,7.5,6.2,7.5,10.0,,6.5,5.8,,Não,Não,ALFA  (2º e 3º ano),0.0,Sem limitações,Melhorar: Melhorar a sua entrega de lições de casa.,Melhorar: Empenhar-se mais nas aulas e avaliações.,Melhorar: Integrar-se mais aos Princípios Passos Mágicos.,0,0.09027574390266198,9.03
RA-819,2022,0,S,Aluno-819,2014.0,,8.0,Masculino,2022.0,Escola Pública,,,,,Ametista,,Ametista,7.741,7.741,,,223.0,59.0,3.0,2.0,10.0,7.9,7.5,7.3,7.333,10.0,,8.0,6.5,,Não,Não,ALFA  (2º e 3º ano),0.0,Sem limitações,Destaque: A sua boa entrega das lições de casa.,Melhorar: Empenhar-se mais nas aulas e avaliações.,Melhorar: Integrar-se mais aos Princípios Passos Mágicos.,0,0.059601161440073644,5.96
RA-820,2022,0,T,Aluno-820,2013.0,,9.0,Masculino,2022.0,Escola Pública,,,,,Ametista,,Ametista,7.417,7.417,,,349.0,103.0,1.0,2.0,9.5,10.0,6.9,6.0,7.583,5.0,,7.7,4.3,,Não,Não,Fase 1 (4º ano),-1.0,Sem limitações,Destaque: A sua boa entrega das lições de casa.,Melhorar: Empenhar-se mais nas aulas e avaliações.,Destaque: A sua boa integração aos Princípios Passos Mágicos.,1,0.8562246700529756,85.62
RA-821,2022,0,T,Aluno-821,2012.0,,10.0,Masculino,2022.0,Escola Pública,,,,,Ágata,,Ágata,6.342,6.342,,,671.0,174.0,5.0,2.0,9.0,7.0,7.5,4.6,6.917,5.0,,5.2,4.0,,Não,Não,Fase 2 (5º e 6º ano),-2.0,Não atendido,Melhorar: Melhorar a sua entrega de lições de casa.,Melhorar: Empenhar-se mais nas aulas e avaliações.,Melhorar: Integrar-se mais aos Princípios Passos Mágicos.,1,0.9264662453816246,92.65
RA-822,2022,0,T,Aluno-822,2012.0,,10.0,Masculino,2022.0,Escola Pública,,,,,Ágata,,Ágata,6.922,6.922,,,521.0,148.0,3.0,2.0,8.0,8.4,7.5,6.1,7.083,5.0,,6.5,5.7,,Não,Não,Fase 2 (5º e 6º ano),-2.0,Não atendido,Destaque: A sua boa entrega das lições de casa.,Melhorar: Empenhar-se mais nas aulas e avaliações.,Melhorar: Integrar-se mais aos Princípios Passos Mágicos.,1,0.9422427133409017,94.22
RA-823,2022,0,T,Aluno-823,2012.0,,10.0,Feminino,2021.0,Escola Pública,,,,Ágata,Quartzo,,Quartzo,5.989,5.989,,,729.0,181.0,6.0,2.0,10.0,6.0,7.5,2.8,7.167,5.0,,4.0,1.7,,Não,Não,Fase 2 (5º e 6º ano),-2.0,Não atendido,Melhorar: Melhorar a sua entrega de lições de casa.,Melhorar: Empenhar-se mais nas aulas e avaliações.,Melhorar: Integrar-se mais aos Princípios Passos Mágicos.,1,0.9450275220232958,94.5
RA-824,2022,0,T,Aluno-824,2014.0,,8.0,Masculino,2022.0,Escola Pública,,,,,Ágata,,Ágata,6.799,6.799,,,555.0,159.0,4.0,2.0,10.0,4.4,6.9,6.0,7.333,10.0,,7.0,5.0,,Não,Não,ALFA  (2º e 3º ano),0.0,Sem limitações,Melhorar: Melhorar a sua entrega de lições de casa.,Melhorar: Empenhar-se mais nas aulas e avaliações.,Melhorar: Integrar-se mais aos Princípios Passos Mágicos.,0,0.17426066470643042,17.43
RA-825,2022,0,T,Aluno-825,2013.0,,9.0,Feminino,2021.0,Escola Pública,,,,Topázio,Ametista,,Ametista,7.25,7.25,,,412.0,121.0,2.0,2.0,7.5,8.2,6.9,7.6,7.917,5.0,,8.3,6.8,,Não,Não,Fase 1 (4º ano),-1.0,Sem limitações,Destaque: A sua boa entrega das lições de casa.,Destaque: As suas boas notas na Passos Mágicos.,Destaque: A sua boa integração aos Princípios Passos Mágicos.,1,0.941801624696922,94.18
RA-826,2022,0,U,Aluno-826,2014.0,,8.0,Masculino,2022.0,Escola Pública,,,,,Ametista,,Ametista,7.776,7.776,,,211.0,55.0,5.0,2.0,9.5,9.6,7.5,5.4,7.5,10.0,,4.3,6.5,,Não,Não,ALFA  (2º e 3º ano),0.0,Não atendido,Destaque: A sua boa entrega das lições de casa.,Melhorar: Empenhar-se mais nas aulas e avaliações.,Melhorar: Integrar-se mais aos Princípios Passos Mágicos.,0,0.05526208101139856,5.53
RA-827,2022,0,U,Aluno-827,2012.0,,10.0,Feminino,2022.0,Escola Pública,,,,,Ametista,,Ametista,7.412,7.412,,,352.0,104.0,6.0,2.0,9.5,7.0,7.5,7.6,8.667,5.0,,7.7,7.5,,Não,Sim,Fase 2 (5º e 6º ano),-2.0,Não atendido,Melhorar: Melhorar a sua entrega de lições de casa.,Destaque: As suas boas notas na Passos Mágicos.,Destaque: A sua boa integração aos Princípios Passos Mágicos.,1,0.9153204854635305,91.53
RA-828,2022,0,U,Aluno-828,2013.0,,9.0,Feminino,2022.0,Escola Pública,,,,,Ametista,,Ametista,7.139,7.139,,,444.0,131.0,9.0,2.0,9.5,7.1,7.5,6.9,7.833,5.0,,7.3,6.5,,Não,Não,Fase 1 (4º ano),-1.0,Não atendido,Melhorar: Melhorar a sua entrega de lições de casa.,Melhorar: Empenhar-se mais nas aulas e avaliações.,Destaque: A sua boa integração aos Princípios Passos Mágicos.,1,0.9443710453310069,94.44
RA-829,2022,0,U,Aluno-829,2014.0,,8.0,Feminino,2022.0,Escola Pública,,,,,Ametista,,Ametista,8.003,8.003,,,142.0,39.0,3.0,2.0,9.0,8.6,7.5,7.8,7.5,10.0,,8.2,7.5,,Não,Não,ALFA  (2º e 3º ano),0.0,Não atendido,Destaque: A sua boa entrega das lições de casa.,Destaque: As suas boas notas na Passos Mágicos.,Melhorar: Integrar-se mais aos Princípios Passos Mágicos.,0,0.08054441954697139,8.05
RA-830,2022,0,U,Aluno-830,2013.0,,9.0,Feminino,2022.0,Escola Pública,,,,,Ametista,,Ametista,7.234,7.234,,,414.0,122.0,8.0,2.0,10.0,8.6,7.5,6.0,7.5,5.0,,5.8,6.2,,Não,Não,Fase 1 (4º ano),-1.0,Não atendido,Destaque: A sua boa entrega das lições de casa.,Melhorar: Empenhar-se mais nas aulas e avaliações.,Melhorar: Integrar-se mais aos Princípios Passos Mágicos.,1,0.8753435826094558,87.53
RA-831,2022,0,U,Aluno-831,2013.0,,9.0,Masculino,2022.0,Escola Pública,,,,,Ametista,,Ametista,7.41,7.41,,,356.0,107.0,7.0,2.0,9.5,9.2,7.5,7.2,7.167,5.0,,7.3,7.0,,Não,Não,Fase 1 (4º ano),-1.0,Não atendido,Destaque: A sua boa entrega das lições de casa.,Melhorar: Empenhar-se mais nas aulas e avaliações.,Melhorar: Integrar-se mais aos Princípios Passos Mágicos.,1,0.9110676239798612,91.11
RA-832,2022,0,U,Aluno-832,2013.0,,9.0,Masculino,2022.0,Escola Pública,,,,,Topázio,,Topázio,8.179,8.179,,,92.0,24.0,1.0,2.0,10.0,9.2,7.5,8.8,8.833,5.0,,8.8,8.8,,Não,Sim,Fase 1 (4º ano),-1.0,Não atendido,Destaque: A sua boa entrega das lições de casa.,Destaque: As suas boas notas na Passos Mágicos.,Destaque: A sua boa integração aos Princípios Passos Mágicos.,1,0.8953479252311335,89.53
RA-833,2022,0,U,Aluno-833,2013.0,,9.0,Masculino,2022.0,Escola Pública,,,,,Ametista,,Ametista,7.791,7.791,,,204.0,53.0,4.0,2.0,10.0,9.5,7.5,7.8,7.583,5.0,,8.2,7.5,,Não,Não,Fase 1 (4º ano),-1.0,Não atendido,Destaque: A sua boa entrega das lições de casa.,Destaque: As suas boas notas na Passos Mágicos.,Destaque: A sua boa integração aos Princípios Passos Mágicos.,1,0.833191685069277,83.32
RA-834,2022,0,U,Aluno-834,2013.0,,9.0,Masculino,2022.0,Escola Pública,,,,,Topázio,,Topázio,8.136,8.136,,,105.0,30.0,2.0,2.0,9.0,9.0,7.5,9.0,9.083,5.0,,9.2,8.8,,Não,Sim,Fase 1 (4º ano),-1.0,Não atendido,Destaque: A sua boa entrega das lições de casa.,Destaque: As suas boas notas na Passos Mágicos.,Destaque: A sua boa integração aos Princípios Passos Mágicos.,1,0.8749424713980213,87.49
RA-835,2022,0,V,Aluno-835,2014.0,,8.0,Masculino,2022.0,Escola Pública,,,,,Ametista,,Ametista,7.263,7.263,,,408.0,119.0,6.0,2.0,6.9,7.3,7.5,7.5,6.667,10.0,,7.6,7.3,,Não,Não,ALFA  (2º e 3º ano),0.0,Não atendido,Melhorar: Melhorar a sua entrega de lições de casa.,Melhorar: Empenhar-se mais nas aulas e avaliações.,Melhorar: Integrar-se mais aos Princípios Passos Mágicos.,0,0.1469296324144053,14.69
RA-836,2022,0,V,Aluno-836,2013.0,,9.0,Masculino,2022.0,Escola Pública,,,,,Ametista,,Ametista,7.665,7.665,,,250.0,68.0,3.0,2.0,8.5,8.3,7.5,9.2,7.583,5.0,,9.0,9.3,,Não,Não,Fase 1 (4º ano),-1.0,Não atendido,Destaque: A sua boa entrega das lições de casa.,Destaque: As suas boas notas na Passos Mágicos.,Destaque: A sua boa integração aos Princípios Passos Mágicos.,1,0.8455299995499594,84.55
RA-837,2022,0,V,Aluno-837,2014.0,,8.0,Masculino,2022.0,Escola Pública,,,,,Topázio,,Topázio,8.207,8.207,,,83.0,21.0,1.0,2.0,8.5,9.0,7.5,8.8,7.5,10.0,,9.2,8.3,,Não,Não,ALFA  (2º e 3º ano),0.0,Não atendido,Destaque: A sua boa entrega das lições de casa.,Destaque: As suas boas notas na Passos Mágicos.,Destaque: A sua boa integração aos Princípios Passos Mágicos.,0,0.07532458656426952,7.53
RA-838,2022,0,V,Aluno-838,2013.0,,9.0,Masculino,2022.0,Escola Pública,,,,,Ametista,,Ametista,7.461,7.461,,,330.0,97.0,4.0,2.0,10.0,7.4,7.5,6.3,9.417,5.0,,6.6,5.9,,Sim,Sim,Fase 1 (4º ano),-1.0,Não atendido,Melhorar: Melhorar a sua entrega de lições de casa.,Melhorar: Empenhar-se mais nas aulas e avaliações.,Destaque: A sua boa integração aos Princípios Passos Mágicos.,1,0.8330112815756061,83.3
RA-839,2022,0,V,Aluno-839,2013.0,,9.0,Feminino,2022.0,Escola Pública,,,,,Quartzo,,Quartzo,5.198,5.198,,,811.0,188.0,7.0,2.0,0.0,5.1,7.5,5.4,6.583,5.0,,5.8,5.0,,Não,Não,Fase 1 (4º ano),-1.0,Não atendido,Melhorar: Melhorar a sua entrega de lições de casa.,Melhorar: Empenhar-se mais nas aulas e avaliações.,Melhorar: Integrar-se mais aos Princípios Passos Mágicos.,1,0.861762993476205,86.18
RA-840,2022,0,V,Aluno-840,2014.0,,8.0,Masculino,2022.0,Escola Pública,,,,,Ametista,,Ametista,7.875,7.875,,,178.0,48.0,2.0,2.0,9.0,8.2,7.5,7.8,7.5,10.0,,9.6,5.9,,Não,Não,ALFA  (2º e 3º ano),0.0,Não atendido,Destaque: A sua boa entrega das lições de casa.,Destaque: As suas boas notas na Passos Mágicos.,Destaque: A sua boa integração aos Princípios Passos Mágicos.,0,0.07645329431869506,7.65
RA-841,2022,0,V,Aluno-841,2011.0,,11.0,Masculino,2022.0,Escola Pública,,,,,Ametista,,Ametista,7.3,7.3,,,395.0,115.0,5.0,2.0,8.5,8.5,7.5,7.2,7.5,5.0,,8.6,5.8,,Não,Não,Fase 2 (5º e 6º ano),-2.0,Não atendido,Destaque: A sua boa entrega das lições de casa.,Melhorar: Empenhar-se mais nas aulas e avaliações.,Destaque: A sua boa integração aos Princípios Passos Mágicos.,1,0.93510235502073,93.51
RA-842,2022,0,Y,Aluno-842,2014.0,,8.0,Feminino,2022.0,Escola Pública,,,,,Ametista,,Ametista,7.952,7.952,,,154.0,42.0,3.0,2.0,7.5,8.3,7.5,9.1,8.25,10.0,,9.1,9.1,,Não,Não,ALFA  (2º e 3º ano),0.0,Não atendido,Destaque: A sua boa entrega das lições de casa.,Destaque: As suas boas notas na Passos Mágicos.,Destaque: A sua boa integração aos Princípios Passos Mágicos.,0,0.16478259981002036,16.48
RA-843,2022,0,Y,Aluno-843,2014.0,,8.0,Feminino,2022.0,Escola Pública,,,,,Topázio,,Topázio,8.538,8.538,,,30.0,5.0,1.0,2.0,8.5,9.0,7.5,9.2,8.417,10.0,,9.8,8.5,,Sim,Sim,ALFA  (2º e 3º ano),0.0,Não atendido,Destaque: A sua boa entrega das lições de casa.,Destaque: As suas boas notas na Passos Mágicos.,Destaque: A sua boa integração aos Princípios Passos Mágicos.,0,0.07926805502599098,7.93
RA-844,2022,0,Y,Aluno-844,2014.0,,8.0,Masculino,2022.0,Escola Pública,,,,,Ágata,,Ágata,6.253,6.253,,,695.0,176.0,10.0,2.0,0.0,5.0,8.1,5.9,8.333,10.0,,6.0,5.8,,Sim,Não,ALFA  (2º e 3º ano),0.0,Não atendido,Melhorar: Melhorar a sua entrega de lições de casa.,Melhorar: Empenhar-se mais nas aulas e avaliações.,Destaque: A sua boa integração aos Princípios Passos Mágicos.,0,0.2621440830528358,26.21
RA-845,2022,0,Y,Aluno-845,2014.0,,8.0,Feminino,2022.0,Escola Pública,,,,,Topázio,,Topázio,8.491,8.491,,,35.0,7.0,2.0,2.0,10.0,8.8,7.5,8.7,8.417,10.0,,9.1,8.3,,Não,Sim,ALFA  (2º e 3º ano),0.0,Não atendido,Destaque: A sua boa entrega das lições de casa.,Destaque: As suas boas notas na Passos Mágicos.,Destaque: A sua boa integração aos Princípios Passos Mágicos.,0,0.0501987489967426,5.02
RA-846,2022,0,Y,Aluno-846,2015.0,,7.0,Feminino,2022.0,Escola Pública,,,,,Ametista,,Ametista,7.412,7.412,,,353.0,105.0,7.0,2.0,9.0,7.2,7.5,5.9,7.917,10.0,,7.7,4.0,,Não,Não,ALFA  (2º e 3º ano),0.0,Não atendido,Melhorar: Melhorar a sua entrega de lições de casa.,Melhorar: Empenhar-se mais nas aulas e avaliações.,Destaque: A sua boa integração aos Princípios Passos Mágicos.,0,0.14282373630938835,14.28
RA-847,2022,0,Y,Aluno-847,2013.0,,9.0,Masculino,2022.0,Escola Pública,,,,,Ágata,,Ágata,6.839,6.839,,,543.0,154.0,9.0,2.0,7.9,8.2,4.4,7.7,7.417,5.0,,7.8,7.6,,Não,Não,Fase 1 (4º ano),-1.0,Sem limitações,Destaque: A sua boa entrega das lições de casa.,Destaque: As suas boas notas na Passos Mágicos.,Melhorar: Integrar-se mais aos Princípios Passos Mágicos.,1,0.9511112371500259,95.11
RA-848,2022,0,Y,Aluno-848,2013.0,,9.0,Masculino,2022.0,Escola Pública,,,,,Ametista,,Ametista,7.488,7.488,,,315.0,91.0,6.0,2.0,9.5,7.0,7.5,9.0,7.833,5.0,,9.8,8.1,,Não,Não,Fase 1 (4º ano),-1.0,Não atendido,Melhorar: Melhorar a sua entrega de lições de casa.,Destaque: As suas boas notas na Passos Mágicos.,Destaque: A sua boa integração aos Princípios Passos Mágicos.,1,0.9220978865776732,92.21
RA-849,2022,0,Y,Aluno-849,2013.0,,9.0,Masculino,2022.0,Escola Pública,,,,,Ametista,,Ametista,7.369,7.369,,,371.0,112.0,8.0,2.0,8.5,8.3,7.5,9.1,7.417,5.0,,9.8,8.3,,Não,Não,Fase 1 (4º ano),-1.0,Não atendido,Destaque: A sua boa entrega das lições de casa.,Destaque: As suas boas notas na Passos Mágicos.,Melhorar: Integrar-se mais aos Princípios Passos Mágicos.,1,0.9537761972035722,95.38
RA-850,2022,0,Y,Aluno-850,2014.0,,8.0,Masculino,2022.0,Escola Pública,,,,,Ametista,,Ametista,7.641,7.641,,,258.0,73.0,4.0,2.0,10.0,7.3,7.5,8.5,7.167,10.0,,8.1,8.8,,Não,Não,ALFA  (2º e 3º ano),0.0,Não atendido,Melhorar: Melhorar a sua entrega de lições de casa.,Destaque: As suas boas notas na Passos Mágicos.,Melhorar: Integrar-se mais aos Princípios Passos Mágicos.,0,0.11424022093359745,11.42
RA-851,2022,0,Y,Aluno-851,2014.0,,8.0,Masculino,2022.0,Escola Pública,,,,,Ametista,,Ametista,7.515,7.515,,,303.0,86.0,5.0,2.0,9.0,7.9,7.5,8.3,6.583,10.0,,7.9,8.7,,Não,Não,ALFA  (2º e 3º ano),0.0,Não atendido,Destaque: A sua boa entrega das lições de casa.,Destaque: As suas boas notas na Passos Mágicos.,Melhorar: Integrar-se mais aos Princípios Passos Mágicos.,0,0.11294557078082708,11.29
RA-852,2022,0,Z,Aluno-852,2015.0,,7.0,Feminino,2022.0,Escola Pública,,,,,Quartzo,,Quartzo,5.666,5.666,,,767.0,184.0,9.0,2.0,9.0,6.8,5.0,2.1,5.5,10.0,,2.5,1.8,,Não,Não,ALFA  (2º e 3º ano),0.0,Não indicado,Melhorar: Melhorar a sua entrega de lições de casa.,Melhorar: Empenhar-se mais nas aulas e avaliações.,Melhorar: Integrar-se mais aos Princípios Passos Mágicos.,0,0.4801645296898937,48.02
RA-853,2022,0,Z,Aluno-853,2014.0,,8.0,Feminino,2022.0,Escola Pública,,,,,Topázio,,Topázio,8.616,8.616,,,28.0,3.0,1.0,2.0,10.0,9.6,7.5,8.5,8.5,10.0,,8.8,8.2,,Não,Sim,ALFA  (2º e 3º ano),0.0,Não atendido,Destaque: A sua boa entrega das lições de casa.,Destaque: As suas boas notas na Passos Mágicos.,Destaque: A sua boa integração aos Princípios Passos Mágicos.,0,0.08436471804073344,8.44
RA-854,2022,0,Z,Aluno-854,2014.0,,8.0,Feminino,2022.0,Escola Pública,,,,,Topázio,,Topázio,8.098,8.098,,,116.0,32.0,7.0,2.0,8.0,9.0,7.5,9.3,7.167,10.0,,9.5,9.0,,Não,Não,ALFA  (2º e 3º ano),0.0,Não atendido,Destaque: A sua boa entrega das lições de casa.,Destaque: As suas boas notas na Passos Mágicos.,Melhorar: Integrar-se mais aos Princípios Passos Mágicos.,0,0.12828248361266914,12.83
RA-855,2022,0,Z,Aluno-855,2013.0,,9.0,Feminino,2022.0,Escola Pública,,,,,Topázio,,Topázio,8.453,8.453,,,41.0,9.0,2.0,2.0,10.0,9.6,7.5,9.7,9.0,5.0,,9.7,9.6,,Não,Sim,Fase 1 (4º ano),-1.0,Não atendido,Destaque: A sua boa entrega das lições de casa.,Destaque: As suas boas notas na Passos Mágicos.,Destaque: A sua boa integração aos Princípios Passos Mágicos.,1,0.8248883262041987,82.49
RA-856,2022,0,Z,Aluno-856,2015.0,,7.0,Masculino,2022.0,Escola Pública,,,,,Topázio,,Topázio,8.398,8.398,,,48.0,10.0,3.0,2.0,10.0,9.1,7.5,8.4,8.0,10.0,,8.5,8.2,,Não,Não,ALFA  (2º e 3º ano),0.0,Não atendido,Destaque: A sua boa entrega das lições de casa.,Destaque: As suas boas notas na Passos Mágicos.,Destaque: A sua boa integração aos Princípios Passos Mágicos.,0,0.059061236196888425,5.91
RA-857,2022,0,Z,Aluno-857,2013.0,,9.0,Feminino,2022.0,Escola Pública,,,,,Topázio,,Topázio,8.154,8.154,,,97.0,27.0,5.0,2.0,8.5,8.9,7.5,9.5,9.083,5.0,,9.6,9.3,,Não,Sim,Fase 1 (4º ano),-1.0,Não atendido,Destaque: A sua boa entrega das lições de casa.,Destaque: As suas boas notas na Passos Mágicos.,Destaque: A sua boa integração aos Princípios Passos Mágicos.,1,0.8686988985590144,86.87
RA-858,2022,0,Z,Aluno-858,2015.0,,7.0,Masculino,2022.0,Escola Pública,,,,,Ametista,,Ametista,7.523,7.523,,,301.0,84.0,8.0,2.0,10.0,7.1,5.6,7.7,7.333,10.0,,8.4,6.9,,Não,Não,ALFA  (2º e 3º ano),0.0,Requer avaliação,Melhorar: Melhorar a sua entrega de lições de casa.,Destaque: As suas boas notas na Passos Mágicos.,Melhorar: Integrar-se mais aos Princípios Passos Mágicos.,0,0.12478336566753917,12.48
RA-859,2022,0,Z,Aluno-859,2015.0,,7.0,Feminino,2022.0,Escola Pública,,,,,Topázio,,Topázio,8.325,8.325,,,58.0,15.0,4.0,2.0,8.5,8.7,7.5,8.9,8.25,10.0,,9.4,8.4,,Não,Não,ALFA  (2º e 3º ano),0.0,Não atendido,Destaque: A sua boa entrega das lições de casa.,Destaque: As suas boas notas na Passos Mágicos.,Destaque: A sua boa integração aos Princípios Passos Mágicos.,0,0.07883560082105559,7.88
RA-860,2022,0,Z,Aluno-860,2015.0,,7.0,Masculino,2022.0,Escola Pública,,,,,Topázio,,Topázio,8.136,8.136,,,104.0,29.0,6.0,2.0,9.5,8.5,7.5,8.1,7.75,10.0,,8.9,7.2,,Não,Não,ALFA  (2º e 3º ano),0.0,Não atendido,Destaque: A sua boa entrega das lições de casa.,Destaque: As suas boas notas na Passos Mágicos.,Destaque: A sua boa integração aos Princípios Passos Mágicos.,0,0.08231671215467762,8.23
RA-861,2023,ALFA,ALFA A - G0/G1,Aluno-861,2015.0,2015-06-17,8.0,Feminino,2023.0,Pública,,,,,,,Topázio,9.31095,,,,,,,2.0,9.5,10.0,8.13,9.6,8.92,10.0,8.4375,9.8,9.4,,,,ALFA (1° e 2° ano),0.0,,,,,0,0.03791113003389179,3.79
RA-862,2023,ALFA,ALFA A - G0/G1,Aluno-862,2014.0,2014-05-31,9.0,Masculino,2023.0,Pública,,,,,,,Topázio,8.2212,,,,,,,2.0,8.5,9.1,8.14,8.9,8.585,5.0,7.5,8.5,9.2,,,,Fase 1 (3° e 4° ano),-1.0,,,,,1,0.7001654678137622,70.02
RA-863,2023,ALFA,ALFA A - G0/G1,Aluno-863,2016.0,2016-02-25,7.0,Masculino,2023.0,Pública,,,,,,,Quartzo,5.92975,,,,,,,2.0,0.0,7.6,3.14,6.3,6.26,10.0,5.9375,7.0,5.5,,,,ALFA (1° e 2° ano),0.0,,,,,0,0.14663658442098973,14.66
RA-864,2023,ALFA,ALFA A - G0/G1,Aluno-864,2015.0,2015-12-03,,Feminino,2023.0,Pública,,,,,,,Ametista,7.034,,,,,,,2.0,0.0,7.6,8.14,6.3,8.5,10.0,7.5,7.0,5.5,,,,ALFA (1° e 2° ano),0.0,,,,,0,0.4567301149529686,45.67
RA-865,2023,ALFA,ALFA A - G0/G1,Aluno-865,2014.0,2014-11-13,8.0,Masculino,2023.0,Pública,,,,,,,Topázio,8.1552,,,,,,,2.0,8.5,8.7,7.52,7.4,7.915,10.0,7.5,7.3,7.5,,,,ALFA (1° e 2° ano),0.0,,,,,0,0.07354222724986788,7.35
RA-866,2023,ALFA,ALFA A - G0/G1,Aluno-866,2016.0,2016-10-02,,Feminino,2023.0,Pública,,,,,,,Ametista,7.679,,,,,,,2.0,0.0,8.3,8.76,8.6,8.415,10.0,7.5,8.2,8.9,,,,ALFA (1° e 2° ano),0.0,,,,,0,0.42393289791951133,42.39
RA-867,2023,ALFA,ALFA A - G0/G1,Aluno-867,2015.0,2015-06-29,8.0,Masculino,2023.0,Pública,,,,,,,Topázio,8.6992,,,,,,,2.0,9.0,8.6,8.76,8.9,8.415,10.0,7.5,8.7,9.0,,,,ALFA (1° e 2° ano),0.0,,,,,0,0.04794826611239559,4.79
RA-868,2023,ALFA,ALFA A - G0/G1,Aluno-868,2015.0,2015-08-11,,Masculino,2023.0,Pública,,,,,,,Topázio,8.63895,,,,,,,2.0,10.0,9.5,8.76,7.1,8.67,10.0,7.1875,7.8,6.3,,,,ALFA (1° e 2° ano),0.0,,,,,0,0.4266724248394062,42.67
RA-869,2023,ALFA,ALFA A - G0/G1,Aluno-869,2015.0,2015-01-15,8.0,Feminino,2023.0,Pública,,,,,,,Topázio,9.2587,,,,,,,2.0,9.0,10.0,8.76,9.6,8.75,10.0,8.125,9.8,9.4,,,,ALFA (1° e 2° ano),0.0,,,,,0,0.038876257038813096,3.89
RA-870,2023,ALFA,ALFA A - G0/G1,Aluno-870,2014.0,2014-10-20,9.0,Feminino,2023.0,Pública,,,,,,,Quartzo,4.909,,,,,,,2.0,0.0,8.5,8.76,1.5,5.165,5.0,5.0,2.0,1.0,,,,Fase 1 (3° e 4° ano),-1.0,,,,,1,0.7391672955815882,73.92
RA-871,2023,ALFA,ALFA B - G2/G3,Aluno-871,2014.0,2014-06-21,9.0,Masculino,2023.0,Pública,,,,,,,Agata,6.8617,,,,,,,2.0,9.0,9.5,3.76,6.9,6.84,5.0,4.375,6.8,7.0,,,,Fase 1 (3° e 4° ano),-1.0,,,,,1,0.8947070085551456,89.47
RA-872,2023,ALFA,ALFA B - G2/G3,Aluno-872,2013.0,2013-05-27,10.0,Feminino,2023.0,Pública,,,,,,,Quartzo,5.267,,,,,,,2.0,0.0,6.7,2.52,4.3,8.5,5.0,6.25,5.5,3.0,,,,Fase 2 (5° e 6° ano),-2.0,,,,,1,0.7939608596732549,79.4
RA-873,2023,ALFA,ALFA B - G2/G3,Aluno-873,2012.0,2012-01-03,,Feminino,2023.0,Pública,,,,,,,Ametista,7.8012,,,,,,,2.0,8.5,9.7,7.52,7.0,8.67,5.0,6.25,7.2,6.8,,,,Fase 2 (5° e 6° ano),-2.0,,,,,1,0.6953372421319911,69.53
RA-874,2023,ALFA,ALFA B - G2/G3,Aluno-874,2013.0,2013-11-17,9.0,Masculino,2023.0,Pública,,,,,,,Quartzo,5.811,,,,,,,2.0,0.0,8.2,7.52,4.8,6.67,5.0,6.25,6.3,3.3,,,,Fase 1 (3° e 4° ano),-1.0,,,,,1,0.7844135206948671,78.44
RA-875,2023,ALFA,ALFA B - G2/G3,Aluno-875,2014.0,2014-04-26,9.0,Masculino,2023.0,Pública,,,,,,,Topázio,8.2712,,,,,,,2.0,9.5,9.5,7.52,7.3,9.845,5.0,7.5,7.0,7.5,,,,Fase 1 (3° e 4° ano),-1.0,,,,,1,0.781336827012579,78.13
RA-876,2023,ALFA,ALFA B - G2/G3,Aluno-876,2015.0,2015-11-04,,Masculino,2023.0,Pública,,,,,,,Topázio,8.6492,,,,,,,2.0,10.0,9.4,7.52,7.5,8.835,10.0,7.5,7.3,7.7,,,,ALFA (1° e 2° ano),0.0,,,,,0,0.4565575260085547,45.66
RA-877,2023,ALFA,ALFA B - G2/G3,Aluno-877,2014.0,2014-06-24,9.0,Masculino,2023.0,Pública,,,,,,,Ametista,7.4722,,,,,,,2.0,9.5,9.5,7.52,6.9,7.5,5.0,5.0,7.5,6.2,,,,Fase 1 (3° e 4° ano),-1.0,,,,,1,0.8957455891503072,89.57
RA-878,2023,ALFA,ALFA B - G2/G3,Aluno-878,2013.0,2013-07-22,10.0,Masculino,2023.0,Pública,,,,,,,Agata,6.24,,,,,,,2.0,0.0,9.5,2.52,8.1,7.34,5.0,5.0,8.0,8.2,,,,Fase 2 (5° e 6° ano),-2.0,,,,,1,0.8279093779339187,82.79
RA-879,2023,ALFA,ALFA B - G2/G3,Aluno-879,2014.0,2014-05-03,,Feminino,2023.0,Pública,,,,,,,Agata,6.8225,,,,,,,2.0,0.0,9.8,2.52,8.2,8.915,5.0,6.875,8.2,8.2,,,,Fase 1 (3° e 4° ano),-1.0,,,,,1,0.5922344677347352,59.22
RA-880,2023,ALFA,ALFA B - G2/G3,Aluno-880,2015.0,2015-11-29,7.0,Feminino,2023.0,Pública,,,,,,,Agata,6.724,,,,,,,2.0,0.0,9.4,2.52,6.3,8.585,10.0,6.25,6.3,6.2,,,,ALFA (1° e 2° ano),0.0,,,,,0,0.07412409853238136,7.41
RA-881,2023,ALFA,ALFA B - G2/G3,Aluno-881,2015.0,2015-04-23,8.0,Masculino,2023.0,Pública,,,,,,,Ametista,7.7322,,,,,,,2.0,10.0,8.9,7.52,7.3,6.25,10.0,5.0,7.5,7.0,,,,ALFA (1° e 2° ano),0.0,,,,,0,0.17319288919707523,17.32
RA-882,2023,ALFA,ALFA C - G0/G1,Aluno-882,2015.0,2015-06-15,8.0,Feminino,2023.0,Pública,,,,,,,Agata,6.0092,,,,,,,2.0,9.0,8.6,2.52,4.7,4.16,10.0,3.75,4.8,4.5,,,,ALFA (1° e 2° ano),0.0,,,,,0,0.28476266580231685,28.48
RA-883,2023,ALFA,ALFA C - G0/G1,Aluno-883,2015.0,2015-11-02,,Feminino,2023.0,Pública,,,,,,,Topázio,8.5082,,,,,,,2.0,9.5,9.7,6.89,8.4,8.17,10.0,6.25,8.0,8.7,,,,ALFA (1° e 2° ano),0.0,,,,,0,0.356313860696059,35.63
RA-884,2023,ALFA,ALFA C - G0/G1,Aluno-884,2015.0,2015-02-12,,Feminino,2023.0,Pública,,,,,,,Topázio,8.4587,,,,,,,2.0,9.0,9.7,4.39,8.8,8.66,10.0,6.875,8.4,9.2,,,,ALFA (1° e 2° ano),0.0,,,,,0,0.30877814123310043,30.88
RA-885,2023,ALFA,ALFA C - G0/G1,Aluno-885,2015.0,2015-10-30,7.0,Masculino,2023.0,Pública,,,,,,,Topázio,8.8252,,,,,,,2.0,9.0,9.8,7.52,8.7,8.665,10.0,7.5,8.5,8.8,,,,ALFA (1° e 2° ano),0.0,,,,,0,0.03219315670366561,3.22
RA-886,2023,ALFA,ALFA C - G0/G1,Aluno-886,2016.0,2016-05-01,,Feminino,2023.0,Pública,,,,,,,Topázio,8.6422,,,,,,,2.0,8.5,9.4,7.52,8.1,9.0,10.0,7.5,7.6,8.5,,,,ALFA (1° e 2° ano),0.0,,,,,0,0.3877546603684205,38.78
RA-887,2023,ALFA,ALFA C - G0/G1,Aluno-887,2015.0,2015-10-16,8.0,Masculino,2023.0,Pública,,,,,,,Topázio,8.6718,,,,,,,2.0,8.9,8.9,7.52,8.4,9.09,10.0,7.5,7.8,9.0,,,,ALFA (1° e 2° ano),0.0,,,,,0,0.036381543887335395,3.64
RA-888,2023,ALFA,ALFA C - G0/G1,Aluno-888,2016.0,2016-11-04,,Masculino,2023.0,Pública,,,,,,,Topázio,8.9182,,,,,,,2.0,9.0,10.0,7.52,8.8,8.83,10.0,7.5,8.2,9.3,,,,ALFA (1° e 2° ano),0.0,,,,,0,0.42689521882034887,42.69
RA-889,2023,ALFA,ALFA C - G0/G1,Aluno-889,2015.0,2015-07-07,,Masculino,2023.0,Pública,,,,,,,Topázio,8.8092,,,,,,,2.0,8.5,9.5,6.89,9.1,9.0,10.0,7.5,8.7,9.5,,,,ALFA (1° e 2° ano),0.0,,,,,0,0.3656541912927004,36.57
RA-890,2023,ALFA,ALFA C - G0/G1,Aluno-890,2015.0,2015-02-26,8.0,Masculino,2023.0,Pública,,,,,,,Agata,6.989,,,,,,,2.0,0.0,9.1,2.52,8.3,8.16,10.0,6.25,8.0,8.6,,,,ALFA (1° e 2° ano),0.0,,,,,0,0.04331676037851339,4.33
RA-891,2023,ALFA,ALFA C - G0/G1,Aluno-891,2014.0,2014-03-10,,Feminino,2023.0,Pública,,,,,,,Ametista,7.8882,,,,,,,2.0,9.5,9.5,6.89,7.5,7.995,5.0,7.5,6.2,8.8,,,,Fase 1 (3° e 4° ano),-1.0,,,,,1,0.5958922305401898,59.59
RA-684,2023,ALFA,ALFA D - G2/G3,Aluno-684,2015.0,2015-01-15,8.0,Masculino,2022.0,Privada,,,,,Topázio,,Ametista,7.4277,8.26,,,,,,2.0,9.0,8.1,7.52,6.5,5.84,10.0,6.875,8.3,4.7,,,,ALFA (1° e 2° ano),0.0,,,,,0,0.18692161105314406,18.69
RA-892,2023,ALFA,ALFA D - G2/G3,Aluno-892,2015.0,2015-01-16,8.0,Masculino,2023.0,Pública,,,,,,,Topázio,8.8112,,,,,,,2.0,8.0,9.6,6.89,8.3,10.01,10.0,7.5,8.5,8.0,,,,ALFA (1° e 2° ano),0.0,,,,,0,0.04260947822655489,4.26
RA-857,2023,ALFA,ALFA D - G2/G3,Aluno-857,2013.0,2013-11-21,9.0,Feminino,2022.0,Pública,,,,,Topázio,,Topázio,8.1442,8.154,,,,,,2.0,8.5,9.0,7.52,8.5,9.01,5.0,7.5,8.7,8.2,,,,Fase 1 (3° e 4° ano),-1.0,,,,,1,0.8441078052019306,84.41
RA-893,2023,ALFA,ALFA D - G2/G3,Aluno-893,2014.0,2014-05-10,,Masculino,2023.0,Pública,,,,,,,Topázio,8.8042,,,,,,,2.0,9.5,10.0,7.52,9.3,10.01,5.0,7.5,9.5,9.0,,,,Fase 1 (3° e 4° ano),-1.0,,,,,1,0.5140921617940719,51.41
RA-894,2023,ALFA,ALFA D - G2/G3,Aluno-894,2014.0,2014-04-14,9.0,Feminino,2023.0,Pública,,,,,,,Topázio,8.8142,,,,,,,2.0,9.5,9.9,7.52,9.4,10.01,5.0,7.5,9.3,9.5,,,,Fase 1 (3° e 4° ano),-1.0,,,,,1,0.6159190647027549,61.59
RA-690,2023,ALFA,ALFA D - G2/G3,Aluno-690,2013.0,2013-01-09,,Feminino,2022.0,Pública,,,,,Ametista,,Topázio,8.6112,7.541,,,,,,2.0,9.0,9.8,6.89,9.1,10.01,5.0,7.5,9.3,8.8,,,,Fase 2 (5° e 6° ano),-2.0,,,,,1,0.6836284921084734,68.36
RA-895,2023,ALFA,ALFA D - G2/G3,Aluno-895,2015.0,2015-05-27,8.0,Feminino,2023.0,Pública,,,,,,,Topázio,8.5397,,,,,,,2.0,9.5,9.5,7.52,6.8,9.5,10.0,6.875,6.8,6.7,,,,ALFA (1° e 2° ano),0.0,,,,,0,0.06812517043320787,6.81
RA-896,2023,ALFA,ALFA D - G2/G3,Aluno-896,2015.0,2015-12-24,7.0,Masculino,2023.0,Pública,,,,,,,Topázio,9.0912,,,,,,,2.0,9.5,10.0,6.89,8.5,10.01,10.0,7.5,9.0,8.0,,,,ALFA (1° e 2° ano),0.0,,,,,0,0.061846901229187054,6.18
RA-693,2023,ALFA,ALFA D - G2/G3,Aluno-693,2015.0,2015-03-04,,Feminino,2022.0,Pública,,,,,Ametista,,Topázio,9.0112,7.944,,,,,,2.0,10.0,9.4,6.89,8.5,10.01,10.0,7.5,8.2,8.7,,,,ALFA (1° e 2° ano),0.0,,,,,1,0.6965722014785644,69.66
RA-675,2023,ALFA,ALFA D - G2/G3,Aluno-675,2014.0,2014-09-11,,Masculino,2022.0,Pública,,,,,Ametista,,Topázio,8.3577,7.576,,,,,,2.0,10.0,8.0,7.52,8.3,8.34,10.0,6.875,8.5,8.0,,,,ALFA (1° e 2° ano),0.0,,,,,1,0.5216417314407934,52.16
RA-850,2023,ALFA,ALFA D - G2/G3,Aluno-850,2014.0,2014-01-22,9.0,Masculino,2022.0,Pública,,,,,Ametista,,Agata,6.06525,7.641,,,,,,2.0,0.0,7.9,6.26,7.3,6.265,5.0,6.5625,6.8,7.7,,,,Fase 1 (3° e 4° ano),-1.0,,,,,1,0.830228312005448,83.02
RA-897,2023,ALFA,ALFA D - G2/G3,Aluno-897,2014.0,2014-02-08,,Masculino,2023.0,Pública,,,,,,,Quartzo,5.48225,,,,,,,2.0,0.0,8.1,7.52,6.5,3.32,5.0,6.5625,7.2,5.7,,,,Fase 1 (3° e 4° ano),-1.0,,,,,1,0.732114058272288,73.21
RA-842,2023,ALFA,ALFA E - G2/G3,Aluno-842,2014.0,2014-05-13,9.0,Feminino,2022.0,Pública,,,,,Ametista,,Ametista,7.2117,7.952,,,,,,2.0,9.0,8.5,3.77,7.9,8.01,5.0,5.625,8.2,7.5,,,,Fase 1 (3° e 4° ano),-1.0,,,,,1,0.7791796687921826,77.92
RA-898,2023,ALFA,ALFA E - G2/G3,Aluno-898,2014.0,2014-03-06,,Masculino,2023.0,Pública,,,,,,,Topázio,8.4217,,,,,,,2.0,9.0,9.8,3.77,9.4,10.01,5.0,8.125,9.7,9.0,,,,Fase 1 (3° e 4° ano),-1.0,,,,,1,0.5011499145314134,50.11
RA-899,2023,ALFA,ALFA E - G2/G3,Aluno-899,2015.0,2015-03-27,8.0,Masculino,2023.0,Pública,,,,,,,Topázio,8.8452,,,,,,,2.0,10.0,9.8,3.77,9.5,9.34,10.0,7.5,9.3,9.6,,,,ALFA (1° e 2° ano),0.0,,,,,0,0.05122126549655622,5.12
RA-900,2023,ALFA,ALFA E - G2/G3,Aluno-900,2015.0,2015-03-18,8.0,Feminino,2023.0,Pública,,,,,,,Topázio,8.8947,,,,,,,2.0,9.0,9.8,9.38,7.8,8.67,10.0,8.125,8.0,7.5,,,,ALFA (1° e 2° ano),0.0,,,,,0,0.054983962709985415,5.5
RA-846,2023,ALFA,ALFA E - G2/G3,Aluno-846,2015.0,2015-05-15,8.0,Feminino,2022.0,Pública,,,,,Ametista,,Ametista,7.4637,7.412,,,,,,2.0,9.5,8.2,3.77,6.0,8.67,10.0,5.625,6.3,5.7,,,,ALFA (1° e 2° ano),0.0,,,,,0,0.0852897882965973,8.53
RA-901,2023,ALFA,ALFA E - G2/G3,Aluno-901,2012.0,2012-12-30,10.0,Masculino,2023.0,Pública,,,,,,,Ametista,7.3112,,,,,,,2.0,8.5,8.7,3.77,7.5,8.595,5.0,6.25,7.7,7.3,,,,Fase 2 (5° e 6° ano),-2.0,,,,,1,0.8468552662235047,84.69
RA-743,2023,ALFA,ALFA E - G2/G3,Aluno-743,2013.0,2013-08-31,10.0,Feminino,2022.0,Pública,,,,,Ágata,,Agata,6.659,6.672,,,,,,2.0,0.0,9.1,3.77,7.1,9.01,5.0,7.5,7.3,6.8,,,,Fase 2 (5° e 6° ano),-2.0,,,,,1,0.8470600043974699,84.71
RA-681,2023,ALFA,ALFA E - G2/G3,Aluno-681,2012.0,2012-12-14,10.0,Masculino,2022.0,Pública,,,,,Ametista,,Agata,6.2955,7.204,,,,,,2.0,0.0,7.8,3.77,8.3,8.18,5.0,5.625,8.8,7.8,,,,Fase 2 (5° e 6° ano),-2.0,,,,,1,0.8717124232705629,87.17
RA-902,2023,ALFA,ALFA E - G2/G3,Aluno-902,2011.0,2011-10-24,12.0,Masculino,2023.0,Pública,,,,,,,Quartzo,5.97345,,,,,,,2.0,10.0,9.3,2.52,3.9,6.5,2.5,5.3125,4.5,3.3,,,,Fase 3 (7° e 8° ano),-3.0,,,,,1,0.7718246266306117,77.18
RA-903,2023,ALFA,ALFA E - G2/G3,Aluno-903,2015.0,2015-04-04,,Feminino,2023.0,Pública,,,,,,,Topázio,8.5242,,,,,,,2.0,10.0,9.6,5.02,7.8,9.01,10.0,7.5,7.7,7.8,,,,ALFA (1° e 2° ano),0.0,,,,,1,0.5285020979730577,52.85
RA-851,2023,ALFA,ALFA E - G2/G3,Aluno-851,2014.0,2014-03-03,,Masculino,2022.0,Pública,,,,,Ametista,,Agata,6.1683,7.515,,,,,,2.0,8.4,7.5,2.52,6.6,6.01,5.0,5.625,6.8,6.3,,,,Fase 1 (3° e 4° ano),-1.0,,,,,1,0.8225163497635076,82.25
RA-847,2023,ALFA,ALFA E - G2/G3,Aluno-847,2013.0,2013-04-30,10.0,Masculino,2022.0,Pública,,,,,Ágata,,Agata,6.5418,6.839,,,,,,2.0,7.9,9.1,2.52,7.6,5.84,5.0,5.0,7.5,7.6,,,,Fase 2 (5° e 6° ano),-2.0,,,,,1,0.9060954438037065,90.61
RA-904,2023,ALFA,ALFA F - G0/G1,Aluno-904,2016.0,2016-12-02,,Feminino,2023.0,Pública,,,,,,,Topázio,8.140783333,,,,,,,2.0,9.0,9.3,7.52,6.4,7.836666667,10.0,7.8125,6.0,6.8,,,,ALFA (1° e 2° ano),0.0,,,,,1,0.5080594381493608,50.81
RA-858,2023,ALFA,ALFA F - G0/G1,Aluno-858,2015.0,2015-09-02,,Masculino,2022.0,Pública,,,,,Ametista,,Ametista,7.248833333,7.523,,,,,,2.0,0.0,8.1,3.77,9.3,7.946666667,10.0,8.125,9.3,9.2,,,,ALFA (1° e 2° ano),0.0,,,,,1,0.500336620100318,50.03
RA-905,2023,ALFA,ALFA F - G0/G1,Aluno-905,2013.0,2013-11-27,9.0,Masculino,2023.0,Pública,,,,,,,Ametista,7.831033333,,,,,,,2.0,9.5,9.4,7.52,8.3,7.056666667,5.0,6.875,7.5,9.0,,,,Fase 1 (3° e 4° ano),-1.0,,,,,1,0.7508165038095901,75.08
RA-702,2023,ALFA,ALFA F - G0/G1,Aluno-702,2014.0,2014-03-02,,Feminino,2022.0,Pública,,,,,Ametista,,Topázio,8.239866667,7.387,,,,,,2.0,10.0,10.0,5.63,9.3,7.833333333,5.0,7.5,9.3,9.3,,,,Fase 1 (3° e 4° ano),-1.0,,,,,1,0.6852431911687121,68.52
RA-725,2023,ALFA,ALFA F - G0/G1,Aluno-725,2014.0,2014-09-30,9.0,Masculino,2022.0,Pública,,,,,Ágata,,Topázio,8.117366667,6.33,,,,,,2.0,9.5,9.0,7.52,8.4,8.113333333,5.0,8.125,8.1,8.7,,,,Fase 1 (3° e 4° ano),-1.0,,,,,1,0.7347226785678521,73.47
RA-906,2023,ALFA,ALFA F - G0/G1,Aluno-906,2015.0,2015-10-06,,Masculino,2023.0,Pública,,,,,,,Topázio,8.1922,,,,,,,2.0,7.5,9.2,7.52,8.6,6.95,10.0,7.5,7.7,9.4,,,,ALFA (1° e 2° ano),0.0,,,,,0,0.38506487999226624,38.51
RA-907,2023,ALFA,ALFA F - G0/G1,Aluno-907,2015.0,2015-10-23,8.0,Feminino,2023.0,Privada,,,,,,,Topázio,8.962033333,,,,,,,2.0,9.5,9.6,7.52,9.3,8.336666667,10.0,8.125,9.2,9.4,,,,ALFA (1° e 2° ano),0.0,,,,,0,0.04574586462426132,4.57
RA-908,2023,ALFA,ALFA F - G0/G1,Aluno-908,2015.0,2015-08-06,,Feminino,2023.0,Pública,,,,,,,Topázio,8.479366667,,,,,,,2.0,9.0,9.0,7.52,7.9,8.223333333,10.0,8.125,6.7,9.0,,,,ALFA (1° e 2° ano),0.0,,,,,1,0.5084753936112872,50.85
RA-909,2023,ALFA,ALFA F - G0/G1,Aluno-909,2013.0,2013-10-22,10.0,Feminino,2023.0,Pública,,,,,,,Topázio,8.486033333,,,,,,,2.0,10.0,9.9,7.52,9.2,8.056666667,5.0,8.125,9.1,9.2,,,,Fase 2 (5° e 6° ano),-2.0,,,,,1,0.7017185026461028,70.17
RA-708,2023,ALFA,ALFA F - G0/G1,Aluno-708,2013.0,2013-11-30,9.0,Masculino,2022.0,Pública,,,,Topázio,Ametista,,Ametista,7.5105,7.282,,,,,,2.0,0.0,9.8,7.52,9.2,8.28,5.0,8.125,8.8,9.5,,,,Fase 1 (3° e 4° ano),-1.0,,,,,1,0.7673990482317832,76.74
RA-910,2023,ALFA,ALFA F - G0/G1,Aluno-910,2015.0,2015-01-23,8.0,Masculino,2023.0,Pública,,,,,,,Ametista,7.801,,,,,,,2.0,0.0,8.8,7.52,8.9,8.17,10.0,8.75,8.8,9.0,,,,ALFA (1° e 2° ano),0.0,,,,,0,0.04537150628456752,4.54
RA-671,2023,ALFA,ALFA G - G2/G3,Aluno-671,2013.0,2013-04-04,,Masculino,2021.0,Pública,,,,Ametista,Ametista,,Agata,6.5143,7.617,,,,,,2.0,7.9,8.3,3.14,7.8,5.68,5.0,5.625,8.0,7.5,,,,Fase 2 (5° e 6° ano),-2.0,,,,,1,0.84612496912148,84.61
RA-836,2023,ALFA,ALFA G - G2/G3,Aluno-836,2013.0,2013-10-02,,Masculino,2022.0,Pública,,,,,Ametista,,Ametista,7.6417,7.665,,,,,,2.0,9.5,9.6,6.27,6.7,8.085,5.0,6.875,6.7,6.7,,,,Fase 2 (5° e 6° ano),-2.0,,,,,1,0.7719870559619464,77.2
RA-911,2023,ALFA,ALFA G - G2/G3,Aluno-911,2012.0,2012-05-19,11.0,Masculino,2023.0,Pública,,,,,,,Quartzo,5.59545,,,,,,,2.0,9.0,6.7,2.52,3.4,7.01,5.0,5.3125,3.7,3.0,,,,Fase 2 (5° e 6° ano),-2.0,,,,,1,0.8057730236073901,80.58
RA-860,2023,ALFA,ALFA G - G2/G3,Aluno-860,2015.0,2015-08-01,,Masculino,2022.0,Pública,,,,,Topázio,,Topázio,8.2372,8.136,,,,,,2.0,7.0,9.8,6.89,7.4,8.34,10.0,7.5,7.2,7.5,,,,ALFA (1° e 2° ano),0.0,,,,,0,0.49145181966418483,49.15
RA-727,2023,ALFA,ALFA G - G2/G3,Aluno-727,2014.0,2014-11-08,,Masculino,2022.0,Pública,,,,,Ametista,,Ametista,7.6802,7.736,,,,,,2.0,9.5,8.8,2.52,8.0,9.34,5.0,7.5,8.3,7.7,,,,Fase 1 (3° e 4° ano),-1.0,,,,,1,0.6967472696778817,69.67
RA-739,2023,ALFA,ALFA G - G2/G3,Aluno-739,2014.0,2014-01-31,9.0,Masculino,2022.0,Pública,,,,,Ágata,,Ametista,7.5972,6.82,,,,,,2.0,9.0,8.3,7.52,7.6,8.25,5.0,6.25,7.3,7.8,,,,Fase 1 (3° e 4° ano),-1.0,,,,,1,0.8897858568758149,88.98
RA-740,2023,ALFA,ALFA G - G2/G3,Aluno-740,2013.0,2013-08-18,10.0,Feminino,2022.0,Privada,,,,,Ametista,,Ametista,7.2845,7.218,,,,,,2.0,0.0,8.7,7.52,9.1,8.925,5.0,6.875,9.0,9.2,,,,Fase 2 (5° e 6° ano),-2.0,,,,,1,0.8271005519555171,82.71
RA-912,2023,ALFA,ALFA G - G2/G3,Aluno-912,2014.0,2014-06-13,9.0,Feminino,2023.0,Pública,,,,,,,Ametista,7.0797,,,,,,,2.0,7.0,9.4,7.52,6.3,7.175,5.0,5.625,6.2,6.3,,,,Fase 1 (3° e 4° ano),-1.0,,,,,1,0.8516998588698753,85.17
RA-706,2023,ALFA,ALFA G - G2/G3,Aluno-706,2012.0,2012-10-12,,Feminino,2021.0,Pública,,,,Ágata,Ametista,,Ametista,7.1527,7.659,,,,,,2.0,9.0,7.8,4.39,7.3,8.08,5.0,6.875,6.7,7.8,,,,Fase 2 (5° e 6° ano),-2.0,,,,,1,0.7989768699121611,79.9
RA-840,2023,ALFA,ALFA G - G2/G3,Aluno-840,2014.0,2014-02-02,,Masculino,2022.0,Pública,,,,,Ametista,,Ametista,7.7862,7.875,,,,,,2.0,9.5,9.0,4.38,8.2,8.59,5.0,7.5,8.3,8.0,,,,Fase 1 (3° e 4° ano),-1.0,,,,,1,0.7057353408403638,70.57
RA-841,2023,ALFA,ALFA G - G2/G3,Aluno-841,2011.0,2011-12-30,11.0,Masculino,2022.0,Pública,,,,,Ametista,,Agata,6.78,7.3,,,,,,2.0,0.0,7.2,7.52,6.9,9.84,5.0,7.5,6.7,7.0,,,,Fase 2 (5° e 6° ano),-2.0,,,,,1,0.7685436955216859,76.85
RA-709,2023,ALFA,ALFA G - G2/G3,Aluno-709,2012.0,2012-08-29,11.0,Feminino,2022.0,Pública,,,,,Quartzo,,Agata,6.6927,5.313,,,,,,2.0,10.0,7.9,7.52,4.9,6.59,5.0,5.625,5.5,4.3,,,,Fase 2 (5° e 6° ano),-2.0,,,,,1,0.8621364725157302,86.21
RA-913,2023,ALFA,ALFA H - G0/G1,Aluno-913,2013.0,2013-02-03,,Feminino,2023.0,Pública,,,,,,,Ametista,7.7432,,,,,,,2.0,8.0,8.5,6.89,7.9,9.245,5.0,6.25,9.5,6.3,,,,Fase 2 (5° e 6° ano),-2.0,,,,,1,0.721742307081287,72.17
RA-726,2023,ALFA,ALFA H - G0/G1,Aluno-726,2015.0,2015-01-31,8.0,Feminino,2022.0,Pública,,,,,Ágata,,Ametista,7.3687,6.985,,,,,,2.0,10.0,6.1,7.52,6.0,8.17,10.0,5.625,6.2,5.8,,,,ALFA (1° e 2° ano),0.0,,,,,0,0.17512298382948466,17.51
RA-914,2023,ALFA,ALFA H - G0/G1,Aluno-914,2015.0,2015-05-16,8.0,Feminino,2023.0,Pública,,,,,,,Topázio,8.6912,,,,,,,2.0,10.0,9.2,7.52,8.7,8.67,10.0,6.25,9.0,8.4,,,,ALFA (1° e 2° ano),0.0,,,,,0,0.04407588472432736,4.41
RA-915,2023,ALFA,ALFA H - G0/G1,Aluno-915,2015.0,2015-05-08,,Feminino,2023.0,Pública,,,,,,,Topázio,8.5962,,,,,,,2.0,10.0,8.4,7.52,8.4,8.67,10.0,7.5,8.1,8.7,,,,ALFA (1° e 2° ano),0.0,,,,,0,0.35381312649955626,35.38
RA-916,2023,ALFA,ALFA H - G0/G1,Aluno-916,2014.0,2014-03-18,9.0,Feminino,2023.0,Pública,,,,,,,Ametista,7.3882,,,,,,,2.0,9.5,9.7,2.52,6.6,9.005,5.0,6.25,7.7,5.5,,,,Fase 1 (3° e 4° ano),-1.0,,,,,1,0.8188548943763956,81.89
RA-917,2023,ALFA,ALFA H - G0/G1,Aluno-917,2015.0,2015-12-15,7.0,Feminino,2023.0,Pública,,,,,,,Quartzo,5.987,,,,,,,2.0,0.0,7.2,2.52,7.0,6.35,10.0,6.25,5.3,8.7,,,,ALFA (1° e 2° ano),0.0,,,,,0,0.15545832477117727,15.55
RA-918,2023,ALFA,ALFA H - G0/G1,Aluno-918,2016.0,2016-03-19,7.0,Feminino,2023.0,Pública,,,,,,,Ametista,7.4967,,,,,,,2.0,10.0,8.7,2.52,7.7,7.01,10.0,5.625,7.1,8.3,,,,ALFA (1° e 2° ano),0.0,,,,,0,0.09563578941833278,9.56
RA-919,2023,ALFA,ALFA H - G0/G1,Aluno-919,2014.0,2014-04-16,9.0,Masculino,2023.0,Pública,,,,,,,Agata,6.225,,,,,,,2.0,0.0,8.4,7.52,5.3,8.09,5.0,6.25,5.5,5.0,,,,Fase 1 (3° e 4° ano),-1.0,,,,,1,0.8073138807846425,80.73
RA-920,2023,ALFA,ALFA H - G0/G1,Aluno-920,2015.0,2015-07-20,8.0,Feminino,2023.0,Pública,,,,,,,Agata,6.9647,,,,,,,2.0,9.0,6.3,7.52,6.1,6.35,10.0,5.625,6.0,6.2,,,,ALFA (1° e 2° ano),0.0,,,,,0,0.19699213788460718,19.7
RA-921,2023,ALFA,ALFA I - G2/G3,Aluno-921,2016.0,2016-04-13,7.0,Feminino,2023.0,Pública,,,,,,,Ametista,7.7407,,,,,,,2.0,9.0,9.7,7.52,6.3,6.68,10.0,5.625,6.5,6.0,,,,ALFA (1° e 2° ano),0.0,,,,,0,0.09735243030593307,9.74
RA-922,2023,ALFA,ALFA I - G2/G3,Aluno-922,2014.0,2014-03-12,,Feminino,2023.0,Pública,,,,,,,Topázio,8.5262,,,,,,,2.0,8.5,9.7,3.14,8.4,10.01,10.0,7.5,8.5,8.2,,,,ALFA (1° e 2° ano),0.0,,,,,0,0.4392366342449883,43.92
RA-715,2023,ALFA,ALFA I - G2/G3,Aluno-715,2013.0,2013-12-08,,Feminino,2022.0,Pública,,,,,Ágata,,Quartzo,5.8915,6.656,,,,,,2.0,0.0,9.5,3.14,5.4,7.675,5.0,5.625,4.5,6.3,,,,Fase 2 (5° e 6° ano),-2.0,,,,,1,0.8541890210103467,85.42
RA-822,2023,ALFA,ALFA I - G2/G3,Aluno-822,2012.0,2012-03-02,,Masculino,2022.0,Pública,,,,,Ágata,,Agata,6.4497,6.922,,,,,,2.0,8.5,8.4,2.52,7.1,5.925,5.0,5.625,8.0,6.2,,,,Fase 2 (5° e 6° ano),-2.0,,,,,1,0.8992918825788029,89.93
RA-923,2023,ALFA,ALFA I - G2/G3,Aluno-923,2015.0,2015-01-04,,Feminino,2023.0,Pública,,,,,,,Topázio,8.8842,,,,,,,2.0,9.5,9.9,7.52,7.3,10.01,10.0,7.5,7.5,7.0,,,,ALFA (1° e 2° ano),0.0,,,,,1,0.5572907231800177,55.73
RA-742,2023,ALFA,ALFA I - G2/G3,Aluno-742,2013.0,2013-08-15,10.0,Feminino,2022.0,Pública,,,,,Ametista,,Ametista,7.024,7.097,,,,,,2.0,0.0,7.6,7.52,7.5,10.01,5.0,7.5,6.2,8.8,,,,Fase 2 (5° e 6° ano),-2.0,,,,,1,0.8272224789065671,82.72
RA-924,2023,ALFA,ALFA I - G2/G3,Aluno-924,2015.0,2015-02-08,,Masculino,2023.0,Pública,,,,,,,Agata,6.5207,,,,,,,2.0,9.0,5.6,7.52,5.0,5.93,10.0,5.625,5.0,5.0,,,,ALFA (1° e 2° ano),0.0,,,,,1,0.502975432084121,50.3
RA-925,2023,ALFA,ALFA I - G2/G3,Aluno-925,2015.0,2015-01-12,,Masculino,2023.0,Pública,,,,,,,Ametista,7.1837,,,,,,,2.0,9.0,8.9,7.52,5.4,5.595,10.0,5.625,5.2,5.5,,,,ALFA (1° e 2° ano),0.0,,,,,1,0.5198146611188377,51.98
RA-853,2023,ALFA,ALFA J - G2/G3,Aluno-853,2014.0,2014-07-19,9.0,Feminino,2022.0,Pública,,,,,Topázio,,Ametista,7.8402,8.616,,,,,,2.0,10.0,9.5,3.77,7.4,9.84,5.0,6.25,7.2,7.5,,,,Fase 1 (3° e 4° ano),-1.0,,,,,1,0.7381333812731942,73.81
RA-854,2023,ALFA,ALFA J - G2/G3,Aluno-854,2014.0,2014-08-11,,Feminino,2022.0,Pública,,,,,Topázio,,Agata,6.6415,8.098,,,,,,2.0,0.0,9.5,3.77,6.0,8.01,10.0,5.625,7.5,4.5,,,,ALFA (1° e 2° ano),0.0,,,,,0,0.36729758158859527,36.73
RA-700,2023,ALFA,ALFA J - G2/G3,Aluno-700,2013.0,2013-10-29,9.0,Feminino,2022.0,Pública,,,,,Ametista,,Topázio,8.2852,7.738,,,,,,2.0,9.5,9.7,7.52,7.8,9.84,5.0,6.25,7.5,8.0,,,,Fase 1 (3° e 4° ano),-1.0,,,,,1,0.8601279677319305,86.01
RA-701,2023,ALFA,ALFA J - G2/G3,Aluno-701,2012.0,2012-10-09,,Masculino,2021.0,Pública,,,,Ametista,Ametista,,Ametista,7.3982,7.755,,,,,,2.0,9.5,9.9,3.77,7.2,7.68,5.0,6.25,7.3,7.0,,,,Fase 2 (5° e 6° ano),-2.0,,,,,1,0.7861358360042034,78.61
RA-856,2023,ALFA,ALFA J - G2/G3,Aluno-856,2015.0,2015-07-02,,Masculino,2022.0,Pública,,,,,Topázio,,Ametista,7.3355,8.398,,,,,,2.0,0.0,9.6,7.52,7.3,8.255,10.0,5.625,7.5,7.0,,,,ALFA (1° e 2° ano),0.0,,,,,0,0.37569469255959625,37.57
RA-672,2023,ALFA,ALFA J - G2/G3,Aluno-672,2013.0,2013-08-26,10.0,Feminino,2021.0,Pública,,,,Ametista,Ametista,,Agata,6.5623,7.48,,,,,,2.0,7.9,9.5,2.52,6.4,6.43,5.0,5.625,6.0,6.7,,,,Fase 2 (5° e 6° ano),-2.0,,,,,1,0.8302806751417003,83.03
RA-859,2023,ALFA,ALFA J - G2/G3,Aluno-859,2015.0,2015-03-20,8.0,Feminino,2022.0,Pública,,,,,Topázio,,Topázio,8.6042,8.325,,,,,,2.0,8.0,9.2,7.52,7.3,10.01,10.0,7.5,6.8,7.8,,,,ALFA (1° e 2° ano),0.0,,,,,0,0.14631297703942578,14.63
RA-704,2023,ALFA,ALFA J - G2/G3,Aluno-704,2012.0,2012-11-08,,Masculino,2022.0,Pública,,,,,Ágata,,Agata,6.8297,6.741,,,,,,2.0,10.0,9.9,3.14,6.1,6.265,5.0,5.625,6.5,5.7,,,,Fase 2 (5° e 6° ano),-2.0,,,,,1,0.8890156387507139,88.9
RA-741,2023,ALFA,ALFA J - G2/G3,Aluno-741,2012.0,2012-09-24,11.0,Feminino,2022.0,Pública,,,,,Ágata,,Agata,6.2707,6.896,,,,,,2.0,9.5,6.9,4.39,5.1,7.095,5.0,5.625,4.2,6.0,,,,Fase 2 (5° e 6° ano),-2.0,,,,,1,0.8702131406205357,87.02
RA-719,2023,ALFA,ALFA J - G2/G3,Aluno-719,2012.0,2012-03-10,,Masculino,2021.0,Pública,,,,Quartzo,Quartzo,,Agata,6.4137,5.552,,,,,,2.0,9.5,5.3,7.52,5.9,7.095,5.0,5.625,7.0,4.7,,,,Fase 2 (5° e 6° ano),-2.0,,,,,1,0.848090730551137,84.81
RA-926,2023,ALFA,ALFA J - G2/G3,Aluno-926,2014.0,2014-06-15,9.0,Feminino,2023.0,Pública,,,,,,,Ametista,7.7792,,,,,,,2.0,9.0,10.0,3.77,6.8,9.51,5.0,7.5,6.5,7.0,,,,Fase 1 (3° e 4° ano),-1.0,,,,,1,0.7565268288282596,75.65
RA-927,2023,ALFA,ALFA J - G2/G3,Aluno-927,2014.0,2014-11-06,,Feminino,2023.0,Pública,,,,,,,Ametista,7.5982,,,,,,,2.0,9.0,9.7,3.77,6.4,9.255,5.0,7.5,7.0,5.8,,,,Fase 1 (3° e 4° ano),-1.0,,,,,1,0.6631113836897256,66.31
RA-928,2023,ALFA,ALFA K - G0/G1,Aluno-928,2015.0,2015-04-14,8.0,Feminino,2023.0,Pública,,,,,,,Topázio,9.3712,,,,,,,2.0,8.5,10.0,7.52,9.8,9.67,10.0,8.75,9.8,9.8,,,,ALFA (1° e 2° ano),0.0,,,,,0,0.038231955544926415,3.82
RA-929,2023,ALFA,ALFA K - G0/G1,Aluno-929,2015.0,2015-10-22,8.0,Feminino,2023.0,Pública,,,,,,,Topázio,9.1312,,,,,,,2.0,8.5,9.8,7.52,8.8,9.67,10.0,8.75,8.7,8.9,,,,ALFA (1° e 2° ano),0.0,,,,,0,0.03211097625828557,3.21
RA-930,2023,ALFA,ALFA K - G0/G1,Aluno-930,2015.0,2015-10-13,8.0,Masculino,2023.0,Pública,,,,,,,Topázio,8.8872,,,,,,,2.0,9.0,8.8,7.52,9.0,9.0,10.0,8.75,8.7,9.3,,,,ALFA (1° e 2° ano),0.0,,,,,0,0.03889317704242308,3.89
RA-931,2023,ALFA,ALFA K - G0/G1,Aluno-931,2015.0,2015-08-04,,Masculino,2023.0,Pública,,,,,,,Ametista,7.3747,,,,,,,2.0,8.5,8.2,2.52,7.8,7.6,10.0,5.625,7.0,8.5,,,,ALFA (1° e 2° ano),0.0,,,,,1,0.6325910451966381,63.26
RA-932,2023,ALFA,ALFA K - G0/G1,Aluno-932,2015.0,2015-12-22,7.0,Feminino,2023.0,Pública,,,,,,,Topázio,8.3847,,,,,,,2.0,9.5,7.9,7.52,7.5,9.0,10.0,8.125,6.5,8.4,,,,ALFA (1° e 2° ano),0.0,,,,,0,0.086201676813705,8.62
RA-933,2023,ALFA,ALFA K - G0/G1,Aluno-933,2015.0,2015-09-26,8.0,Feminino,2023.0,Pública,,,,,,,Topázio,8.6712,,,,,,,2.0,9.0,8.4,7.52,7.7,9.67,10.0,8.75,8.0,7.3,,,,ALFA (1° e 2° ano),0.0,,,,,0,0.11286599605900785,11.29
RA-934,2023,ALFA,ALFA K - G0/G1,Aluno-934,2015.0,2015-09-15,8.0,Feminino,2023.0,Pública,,,,,,,Topázio,9.1737,,,,,,,2.0,9.0,9.6,7.52,8.7,9.67,10.0,9.375,8.3,9.0,,,,ALFA (1° e 2° ano),0.0,,,,,0,0.0359724674951426,3.6
RA-935,2023,ALFA,ALFA K - G0/G1,Aluno-935,2014.0,2014-09-23,9.0,Masculino,2023.0,Pública,,,,,,,Ametista,7.9535,,,,,,,2.0,0.0,9.8,7.52,9.4,9.67,5.0,9.375,9.2,9.5,,,,Fase 1 (3° e 4° ano),-1.0,,,,,1,0.6754559825490632,67.55
RA-936,2023,ALFA,ALFA K - G0/G1,Aluno-936,2015.0,2015-11-08,,Feminino,2023.0,Pública,,,,,,,Topázio,8.5477,,,,,,,2.0,9.0,10.0,7.52,6.5,8.915,10.0,8.125,5.0,8.0,,,,ALFA (1° e 2° ano),0.0,,,,,1,0.5687465190748187,56.87
RA-937,2023,ALFA,ALFA K - G0/G1,Aluno-937,2015.0,2015-03-03,,Feminino,2023.0,Pública,,,,,,,Topázio,9.3237,,,,,,,2.0,9.5,9.6,7.52,9.2,9.67,10.0,9.375,9.0,9.3,,,,ALFA (1° e 2° ano),0.0,,,,,0,0.3358743287644009,33.59
RA-756,2023,ALFA,ALFA K - G0/G1,Aluno-756,2013.0,2013-09-09,,Masculino,2022.0,Pública,,,,,Ágata,,Ametista,7.0927,6.976,,,,,,2.0,10.0,8.7,7.52,6.1,6.59,5.0,5.625,5.4,6.8,,,,Fase 2 (5° e 6° ano),-2.0,,,,,1,0.836767438662644,83.68
RA-938,2023,ALFA,ALFA K - G0/G1,Aluno-938,2014.0,2014-01-06,,Masculino,2023.0,Pública,,,,,,,Agata,6.7372,,,,,,,2.0,8.5,8.4,7.52,4.2,7.5,5.0,6.25,0.0,8.3,,,,Fase 1 (3° e 4° ano),-1.0,,,,,1,0.6677185619623747,66.77
RA-939,2023,ALFA,ALFA L - G2/G3,Aluno-939,2012.0,2012-04-10,,Feminino,2023.0,Pública,,,,,,,Ametista,7.9742,,,,,,,2.0,9.0,10.0,7.52,5.4,10.01,5.0,7.5,5.0,5.7,,,,Fase 2 (5° e 6° ano),-2.0,,,,,1,0.5973823367148252,59.74
RA-789,2023,ALFA,ALFA L - G2/G3,Aluno-789,2015.0,2015-01-14,8.0,Feminino,2022.0,Pública,,,,,Ametista,,Ametista,7.974,7.405,,,,,,2.0,0.0,9.5,7.52,7.9,10.01,10.0,7.5,8.5,7.2,,,,ALFA (1° e 2° ano),0.0,,,,,0,0.07702049953993993,7.7
RA-792,2023,ALFA,ALFA L - G2/G3,Aluno-792,2013.0,2013-03-19,10.0,Feminino,2022.0,Pública,,,,,Ágata,,Ametista,7.6267,7.025,,,,,,2.0,9.0,7.7,7.52,7.2,9.085,5.0,6.875,6.8,7.5,,,,Fase 2 (5° e 6° ano),-2.0,,,,,1,0.8891031727281206,88.91
RA-940,2023,ALFA,ALFA L - G2/G3,Aluno-940,2012.0,2012-03-07,,Masculino,2023.0,Pública,,,,,,,Agata,6.6112,,,,,,,2.0,9.0,8.4,2.52,6.3,7.02,5.0,6.25,6.8,5.7,,,,Fase 2 (5° e 6° ano),-2.0,,,,,1,0.8408255367808518,84.08
RA-941,2023,ALFA,ALFA L - G2/G3,Aluno-941,2015.0,2015-02-03,,Feminino,2023.0,Pública,,,,,,,Ametista,7.6872,,,,,,,2.0,8.0,10.0,7.52,5.0,8.175,10.0,5.0,5.0,5.0,,,,ALFA (1° e 2° ano),0.0,,,,,1,0.6820982214551558,68.21
RA-942,2023,ALFA,ALFA L - G2/G3,Aluno-942,2013.0,2013-04-14,10.0,Feminino,2023.0,Pública,,,,,,,Agata,6.8547,,,,,,,2.0,9.5,8.9,2.52,7.1,7.0,5.0,5.625,7.3,6.8,,,,Fase 2 (5° e 6° ano),-2.0,,,,,1,0.891064441188124,89.11
RA-943,2023,ALFA,ALFA L - G2/G3,Aluno-943,2015.0,2015-12-01,,Feminino,2023.0,Pública,,,,,,,Topázio,8.9172,,,,,,,2.0,9.5,9.4,7.52,8.0,9.925,10.0,7.5,8.0,8.0,,,,ALFA (1° e 2° ano),0.0,,,,,0,0.41088196905006313,41.09
RA-782,2023,ALFA,ALFA L - G2/G3,Aluno-782,2014.0,2014-07-31,9.0,Masculino,2022.0,Pública,,,,,Ametista,,Ametista,7.6812,7.485,,,,,,2.0,8.5,9.8,2.52,7.5,9.345,5.0,7.5,8.3,6.7,,,,Fase 1 (3° e 4° ano),-1.0,,,,,1,0.8325954470978971,83.26
RA-768,2023,ALFA,ALFA L - G2/G3,Aluno-768,2012.0,2012-07-09,,Feminino,2021.0,Pública,,,,Ametista,Ametista,,Topázio,8.4042,7.646,,,,,,2.0,10.0,9.1,7.52,7.9,10.01,5.0,7.5,8.0,7.8,,,,Fase 2 (5° e 6° ano),-2.0,,,,,1,0.7372351271615301,73.72
RA-794,2023,ALFA,ALFA L - G2/G3,Aluno-794,2014.0,2014-08-10,,Feminino,2022.0,Pública,,,,,Ametista,,Ametista,7.9842,7.335,,,,,,2.0,9.0,9.2,7.52,6.2,10.01,5.0,7.5,5.2,7.2,,,,Fase 1 (3° e 4° ano),-1.0,,,,,1,0.6768361346418326,67.68
RA-795,2023,ALFA,ALFA L - G2/G3,Aluno-795,2014.0,2014-02-17,9.0,Feminino,2022.0,Pública,,,,,Topázio,,Topázio,8.4642,8.064,,,,,,2.0,9.0,9.6,7.52,8.2,10.01,5.0,7.5,8.7,7.7,,,,Fase 1 (3° e 4° ano),-1.0,,,,,1,0.8755353878589491,87.55
RA-944,2023,ALFA,ALFA M - G0/G1,Aluno-944,2014.0,2014-01-20,9.0,Feminino,2023.0,Pública,,,,,,,Ametista,7.0687,,,,,,,2.0,9.0,7.6,7.52,7.5,6.67,5.0,5.625,9.2,5.8,,,,Fase 1 (3° e 4° ano),-1.0,,,,,1,0.8051805816906115,80.52
RA-945,2023,ALFA,ALFA M - G0/G1,Aluno-945,2015.0,2015-02-04,,Masculino,2023.0,Pública,,,,,,,Topázio,8.0777,,,,,,,2.0,8.5,9.2,7.52,7.9,6.84,10.0,6.875,8.0,7.8,,,,ALFA (1° e 2° ano),0.0,,,,,0,0.496505693716859,49.65
RA-946,2023,ALFA,ALFA M - G0/G1,Aluno-946,2016.0,2016-11-01,,Masculino,2023.0,Pública,,,,,,,Topázio,8.5822,,,,,,,2.0,9.5,9.4,7.52,9.3,7.0,10.0,7.5,9.0,9.5,,,,ALFA (1° e 2° ano),0.0,,,,,0,0.3917519380888214,39.18
RA-754,2023,ALFA,ALFA M - G0/G1,Aluno-754,2013.0,2013-05-09,,Masculino,2022.0,Pública,,,,,Ágata,,Agata,6.0537,6.602,,,,,,2.0,9.5,6.1,2.52,5.6,6.67,5.0,6.875,5.7,5.4,,,,Fase 2 (5° e 6° ano),-2.0,,,,,1,0.8981843440467095,89.82
RA-947,2023,ALFA,ALFA M - G0/G1,Aluno-947,2015.0,2015-02-03,,Masculino,2023.0,Pública,,,,,,,Agata,6.3457,,,,,,,2.0,9.0,7.9,7.52,3.3,5.08,10.0,4.375,1.7,4.9,,,,ALFA (1° e 2° ano),0.0,,,,,0,0.4843814081480157,48.44
RA-948,2023,ALFA,ALFA M - G0/G1,Aluno-948,2015.0,2015-04-26,8.0,Feminino,2023.0,Pública,,,,,,,Agata,6.5277,,,,,,,2.0,9.0,7.6,7.52,0.0,8.34,10.0,6.875,0.0,0.0,,,,ALFA (1° e 2° ano),0.0,,,,,0,0.21514451859558745,21.51
RA-949,2023,ALFA,ALFA M - G0/G1,Aluno-949,2015.0,2015-03-08,,Feminino,2023.0,Pública,,,,,,,Topázio,8.0172,,,,,,,2.0,9.5,8.1,7.52,8.9,6.5,10.0,6.25,9.1,8.6,,,,ALFA (1° e 2° ano),0.0,,,,,0,0.41659912449623093,41.66
RA-950,2023,ALFA,ALFA M - G0/G1,Aluno-950,2014.0,2014-11-17,8.0,Feminino,2023.0,Pública,,,,,,,Topázio,8.8862,,,,,,,2.0,9.0,10.0,7.52,9.3,8.17,10.0,7.5,9.5,9.0,,,,ALFA (1° e 2° ano),0.0,,,,,0,0.056284781402109615,5.63
RA-773,2023,ALFA,ALFA M - G0/G1,Aluno-773,2013.0,2013-12-31,9.0,Feminino,2022.0,Pública,,,,,Ágata,,Agata,6.9287,6.922,,,,,,2.0,10.0,7.5,2.52,7.9,7.67,5.0,5.625,8.0,7.8,,,,Fase 1 (3° e 4° ano),-1.0,,,,,1,0.8955402558139202,89.55
RA-951,2023,ALFA,ALFA M - G0/G1,Aluno-951,2016.0,2016-05-23,7.0,Feminino,2023.0,Pública,,,,,,,Topázio,8.8902,,,,,,,2.0,9.5,9.7,7.52,8.4,9.09,10.0,7.5,8.5,8.3,,,,ALFA (1° e 2° ano),0.0,,,,,0,0.024186904988906095,2.42
RA-769,2023,ALFA,ALFA N - G2/G3,Aluno-769,2013.0,2013-08-23,10.0,Feminino,2022.0,Pública,,,,,Ametista,,Ametista,7.85345,7.598,,,,,,2.0,10.0,9.3,3.77,8.0,8.675,5.0,7.8125,8.2,7.8,,,,Fase 2 (5° e 6° ano),-2.0,,,,,1,0.7822359420611673,78.22
RA-952,2023,ALFA,ALFA N - G2/G3,Aluno-952,2015.0,2015-09-22,8.0,Masculino,2023.0,Pública,,,,,,,Topázio,8.37095,,,,,,,2.0,9.5,9.2,3.77,9.0,8.425,10.0,7.1875,8.8,9.2,,,,ALFA (1° e 2° ano),0.0,,,,,0,0.039356919047916085,3.94
RA-826,2023,ALFA,ALFA N - G2/G3,Aluno-826,2014.0,2014-06-03,,Masculino,2022.0,Pública,,,,,Ametista,,Ametista,7.77645,7.776,,,,,,2.0,10.0,10.0,3.77,7.3,8.34,5.0,7.8125,7.0,7.5,,,,Fase 1 (3° e 4° ano),-1.0,,,,,1,0.6763201104294575,67.63
RA-953,2023,ALFA,ALFA N - G2/G3,Aluno-953,2015.0,2015-04-02,,Feminino,2023.0,Pública,,,,,,,Ametista,7.54005,,,,,,,2.0,7.4,8.8,3.14,8.3,7.09,10.0,6.5625,8.5,8.0,,,,ALFA (1° e 2° ano),0.0,,,,,1,0.6762771186888732,67.63
RA-954,2023,ALFA,ALFA N - G2/G3,Aluno-954,2015.0,2015-04-13,8.0,Feminino,2023.0,Pública,,,,,,,Agata,6.82375,,,,,,,2.0,0.0,8.3,3.14,7.7,8.005,10.0,7.1875,7.8,7.5,,,,ALFA (1° e 2° ano),0.0,,,,,0,0.08583356169029219,8.58
RA-780,2023,ALFA,ALFA N - G2/G3,Aluno-780,2013.0,2013-08-22,10.0,Feminino,2022.0,Pública,,,,,Ágata,,Ametista,7.7842,6.955,,,,,,2.0,9.5,8.8,3.14,8.3,8.675,5.0,8.75,8.0,8.5,,,,Fase 2 (5° e 6° ano),-2.0,,,,,1,0.7598881865079613,75.99
RA-955,2023,ALFA,ALFA N - G2/G3,Aluno-955,2013.0,2013-04-28,10.0,Feminino,2023.0,Pública,,,,,,,Ametista,7.1297,,,,,,,2.0,9.0,8.8,3.14,7.8,7.09,5.0,6.875,8.0,7.5,,,,Fase 2 (5° e 6° ano),-2.0,,,,,1,0.8455864668207147,84.56
RA-831,2023,ALFA,ALFA N - G2/G3,Aluno-831,2013.0,2013-12-19,9.0,Masculino,2022.0,Pública,,,,,Ametista,,Ametista,7.71645,7.41,,,,,,2.0,8.0,9.4,3.77,8.3,8.59,5.0,7.8125,8.8,7.8,,,,Fase 1 (3° e 4° ano),-1.0,,,,,1,0.8347644633264791,83.48
RA-783,2023,ALFA,ALFA N - G2/G3,Aluno-783,2014.0,2014-12-04,,Masculino,2021.0,Pública,,,,Ametista,Ágata,,Ametista,7.2922,6.996,,,,,,2.0,9.5,6.8,3.77,8.9,7.925,5.0,7.5,9.0,8.7,,,,Fase 1 (3° e 4° ano),-1.0,,,,,1,0.8153787638101128,81.54
RA-774,2023,ALFA,ALFA N - G2/G3,Aluno-774,2014.0,2014-09-09,,Feminino,2022.0,Pública,,,,,Ametista,,Quartzo,5.852,7.587,,,,,,2.0,0.0,9.5,3.14,6.9,6.34,5.0,5.0,7.7,6.0,,,,Fase 1 (3° e 4° ano),-1.0,,,,,1,0.8227781167234365,82.28
RA-748,2023,ALFA,ALFA O - G2/G3,Aluno-748,2013.0,2013-08-06,,Masculino,2022.0,Pública,,,,,Topázio,,Topázio,8.7142,8.084,,,,,,2.0,9.5,9.7,7.52,9.1,10.01,5.0,7.5,9.0,9.2,,,,Fase 2 (5° e 6° ano),-2.0,,,,,1,0.8273834822456397,82.74
RA-749,2023,ALFA,ALFA O - G2/G3,Aluno-749,2013.0,2013-12-23,9.0,Masculino,2022.0,Pública,,,,,Ametista,,Ametista,7.7597,7.484,,,,,,2.0,10.0,9.0,7.52,7.3,8.425,5.0,5.625,7.3,7.3,,,,Fase 1 (3° e 4° ano),-1.0,,,,,1,0.8763405297887905,87.63
RA-956,2023,ALFA,ALFA O - G2/G3,Aluno-956,2012.0,2012-10-18,11.0,Masculino,2023.0,Pública,,,,,,,Ametista,7.7312,,,,,,,2.0,8.0,7.5,7.52,7.8,9.345,5.0,7.5,7.8,7.8,,,,Fase 2 (5° e 6° ano),-2.0,,,,,1,0.7165343599917381,71.65
RA-787,2023,ALFA,ALFA O - G2/G3,Aluno-787,2014.0,2014-01-08,,Masculino,2022.0,Pública,,,,,Ametista,,Ametista,7.5227,7.205,,,,,,2.0,9.0,9.8,7.52,5.9,8.34,5.0,5.625,6.0,5.8,,,,Fase 1 (3° e 4° ano),-1.0,,,,,1,0.8043379271320806,80.43
RA-957,2023,ALFA,ALFA O - G2/G3,Aluno-957,2014.0,2014-01-12,,Feminino,2023.0,Pública,,,,,,,Topázio,9.1672,,,,,,,2.0,10.0,9.3,7.52,9.1,9.925,10.0,7.5,9.0,9.2,,,,ALFA (1° e 2° ano),0.0,,,,,0,0.31678974372612295,31.68
RA-753,2023,ALFA,ALFA O - G2/G3,Aluno-753,2014.0,2014-11-06,,Feminino,2022.0,Pública,,,,,Topázio,,Topázio,8.6672,8.481,,,,,,2.0,9.0,9.9,7.52,9.0,9.925,5.0,7.5,9.0,9.0,,,,Fase 1 (3° e 4° ano),-1.0,,,,,1,0.7927713626716869,79.28
RA-958,2023,ALFA,ALFA O - G2/G3,Aluno-958,2015.0,2015-11-03,,Feminino,2023.0,Pública,,,,,,,Topázio,9.2902,,,,,,,2.0,10.0,9.8,7.52,9.3,9.84,10.0,7.5,9.3,9.3,,,,ALFA (1° e 2° ano),0.0,,,,,0,0.362824785280651,36.28
RA-755,2023,ALFA,ALFA O - G2/G3,Aluno-755,2014.0,2014-03-22,9.0,Masculino,2022.0,Pública,,,,,Topázio,,Topázio,8.7442,8.566,,,,,,2.0,10.0,9.5,7.52,9.2,10.01,5.0,7.5,9.2,9.2,,,,Fase 1 (3° e 4° ano),-1.0,,,,,1,0.8684284440077851,86.84
RA-763,2023,ALFA,ALFA O - G2/G3,Aluno-763,2012.0,2012-12-19,10.0,Feminino,2021.0,Pública,,,,Ágata,Ametista,,Agata,6.7215,7.402,,,,,,2.0,0.0,9.2,3.14,7.9,9.0,5.0,6.875,7.8,8.0,,,,Fase 2 (5° e 6° ano),-2.0,,,,,1,0.8367050348260583,83.67
RA-757,2023,ALFA,ALFA O - G2/G3,Aluno-757,2013.0,2013-02-28,10.0,Feminino,2022.0,Pública,,,,,Topázio,,Topázio,8.6742,8.26,,,,,,2.0,9.0,9.6,7.52,9.3,10.01,5.0,7.5,9.5,9.0,,,,Fase 2 (5° e 6° ano),-2.0,,,,,1,0.9145171725047493,91.45
RA-959,2023,ALFA,ALFA O - G2/G3,Aluno-959,2015.0,2015-08-17,8.0,Masculino,2023.0,Pública,,,,,,,Topázio,8.6677,,,,,,,2.0,10.0,9.6,7.52,7.7,8.84,10.0,6.875,7.7,7.7,,,,ALFA (1° e 2° ano),0.0,,,,,0,0.058597748478328215,5.86
RA-960,2023,ALFA,ALFA O - G2/G3,Aluno-960,2013.0,2013-05-17,10.0,Masculino,2023.0,Pública,,,,,,,Ametista,7.0847,,,,,,,2.0,8.5,10.0,7.52,6.3,5.85,5.0,5.625,6.5,6.0,,,,Fase 2 (5° e 6° ano),-2.0,,,,,1,0.7769233938767652,77.69
RA-961,2023,ALFA,ALFA O - G2/G3,Aluno-961,2014.0,2014-01-21,9.0,Masculino,2023.0,Pública,,,,,,,Quartzo,5.99625,,,,,,,2.0,0.0,8.7,2.52,6.2,8.665,5.0,5.3125,6.2,6.2,,,,Fase 1 (3° e 4° ano),-1.0,,,,,1,0.739367871232797,73.94
RA-962,2023,ALFA,ALFA Q - G2/G3,Aluno-962,2014.0,2014-02-01,,Feminino,2023.0,Pública,,,,,,,Topázio,8.4742,,,,,,,2.0,9.0,9.2,7.52,8.7,10.01,5.0,7.5,9.5,7.8,,,,Fase 1 (3° e 4° ano),-1.0,,,,,1,0.508865523422267,50.89
RA-805,2023,ALFA,ALFA Q - G2/G3,Aluno-805,2014.0,2014-06-14,9.0,Masculino,2021.0,Pública,,,,Ametista,Topázio,,Agata,6.492,8.279,,,,,,2.0,0.0,9.1,7.52,6.8,7.175,5.0,6.25,6.8,6.8,,,,Fase 1 (3° e 4° ano),-1.0,,,,,1,0.5775823911615787,57.76
RA-806,2023,ALFA,ALFA Q - G2/G3,Aluno-806,2014.0,2014-02-28,9.0,Masculino,2022.0,Pública,,,,,Ametista,,Ametista,7.2937,7.561,,,,,,2.0,8.5,8.3,6.27,7.8,7.095,5.0,6.875,7.8,7.7,,,,Fase 1 (3° e 4° ano),-1.0,,,,,1,0.8803858917593369,88.04
RA-807,2023,ALFA,ALFA Q - G2/G3,Aluno-807,2014.0,2014-07-22,9.0,Masculino,2022.0,Pública,,,,,Topázio,,Ametista,7.8632,8.121,,,,,,2.0,9.5,9.1,7.52,8.0,8.08,5.0,6.25,8.3,7.7,,,,Fase 1 (3° e 4° ano),-1.0,,,,,1,0.8210891757622777,82.11
RA-963,2023,ALFA,ALFA Q - G2/G3,Aluno-963,2014.0,2014-05-09,,Feminino,2023.0,Pública,,,,,,,Topázio,8.6142,,,,,,,2.0,9.5,9.8,7.52,8.5,10.01,5.0,7.5,8.3,8.7,,,,Fase 1 (3° e 4° ano),-1.0,,,,,0,0.4006302469486866,40.06
RA-964,2023,ALFA,ALFA Q - G2/G3,Aluno-964,2014.0,2014-04-30,9.0,Masculino,2023.0,Pública,,,,,,,Ametista,7.7997,,,,,,,2.0,8.5,9.4,7.52,7.2,8.5,5.0,6.875,7.3,7.0,,,,Fase 1 (3° e 4° ano),-1.0,,,,,1,0.8550619499695729,85.51
RA-965,2023,ALFA,ALFA Q - G2/G3,Aluno-965,2014.0,2014-03-26,9.0,Feminino,2023.0,Pública,,,,,,,Agata,6.4832,,,,,,,2.0,8.5,8.2,6.27,4.7,7.18,5.0,5.0,5.3,4.0,,,,Fase 1 (3° e 4° ano),-1.0,,,,,1,0.8399789861353183,84.0
RA-966,2023,ALFA,ALFA Q - G2/G3,Aluno-966,2014.0,2014-05-06,,Masculino,2023.0,Pública,,,,,,,Ametista,7.44345,,,,,,,2.0,10.0,10.0,7.52,5.0,7.675,5.0,6.5625,5.0,5.0,,,,Fase 1 (3° e 4° ano),-1.0,,,,,1,0.700143516548424,70.01
RA-967,2023,ALFA,ALFA Q - G2/G3,Aluno-967,2013.0,2013-09-09,,Masculino,2023.0,Pública,,,,,,,Ametista,7.1347,,,,,,,2.0,9.5,8.0,7.52,6.5,7.35,5.0,5.625,6.5,6.5,,,,Fase 2 (5° e 6° ano),-2.0,,,,,1,0.7041762655416574,70.42
RA-968,2023,ALFA,ALFA Q - G2/G3,Aluno-968,2014.0,2014-08-05,,Feminino,2023.0,Pública,,,,,,,Topázio,8.4942,,,,,,,2.0,9.0,9.7,7.52,8.3,10.01,5.0,7.5,8.0,8.5,,,,Fase 1 (3° e 4° ano),-1.0,,,,,0,0.4106104922355258,41.06
RA-812,2023,ALFA,ALFA Q - G2/G3,Aluno-812,2014.0,2014-11-30,8.0,Masculino,2022.0,Pública,,,,,Ametista,,Topázio,8.0357,7.497,,,,,,2.0,9.5,9.1,7.52,5.8,8.33,10.0,6.875,6.3,5.3,,,,ALFA (1° e 2° ano),0.0,,,,,0,0.07172624550962994,7.17
RA-969,2023,ALFA,ALFA Q - G2/G3,Aluno-969,2015.0,2015-08-17,8.0,Masculino,2023.0,Pública,,,,,,,Ametista,7.7692,,,,,,,2.0,8.5,9.7,7.52,5.5,7.51,10.0,6.25,6.0,5.0,,,,ALFA (1° e 2° ano),0.0,,,,,0,0.14299561758758964,14.3
RA-970,2023,ALFA,ALFA R - G0/G1,Aluno-970,2015.0,2015-02-06,,Feminino,2023.0,Pública,,,,,,,Topázio,8.9977,,,,,,,2.0,8.5,8.1,7.52,9.4,9.84,10.0,9.375,9.2,9.5,,,,ALFA (1° e 2° ano),0.0,,,,,1,0.5157133296121401,51.57
RA-971,2023,ALFA,ALFA R - G0/G1,Aluno-971,2015.0,2015-04-03,,Masculino,2023.0,Pública,,,,,,,Ametista,7.0169,,,,,,,2.0,7.8,6.4,3.77,6.9,8.17,10.0,5.625,5.5,8.3,,,,ALFA (1° e 2° ano),0.0,,,,,1,0.5291863348879253,52.92
RA-972,2023,ALFA,ALFA R - G0/G1,Aluno-972,2015.0,2015-09-24,8.0,Masculino,2023.0,Pública,,,,,,,Ametista,7.5427,,,,,,,2.0,9.0,9.1,3.77,6.0,7.84,10.0,6.875,6.2,5.7,,,,ALFA (1° e 2° ano),0.0,,,,,0,0.07259714866161131,7.26
RA-973,2023,ALFA,ALFA R - G0/G1,Aluno-973,2014.0,2014-12-02,,Masculino,2023.0,Pública,,,,,,,Quartzo,5.82875,,,,,,,2.0,0.0,8.6,3.77,5.2,7.415,5.0,7.1875,6.2,4.1,,,,Fase 1 (3° e 4° ano),-1.0,,,,,1,0.704378820613587,70.44
RA-974,2023,ALFA,ALFA R - G0/G1,Aluno-974,2015.0,2015-09-12,,Masculino,2023.0,Pública,,,,,,,Topázio,8.4752,,,,,,,2.0,9.0,9.1,3.77,8.8,9.34,10.0,7.5,8.8,8.8,,,,ALFA (1° e 2° ano),0.0,,,,,0,0.3966827482292039,39.67
RA-975,2023,ALFA,ALFA R - G0/G1,Aluno-975,2015.0,2015-04-12,,Feminino,2023.0,Pública,,,,,,,Ametista,7.7803,,,,,,,2.0,7.9,9.2,7.52,6.5,7.67,10.0,5.625,7.2,5.8,,,,ALFA (1° e 2° ano),0.0,,,,,1,0.6909620914133333,69.1
RA-976,2023,ALFA,ALFA R - G0/G1,Aluno-976,2015.0,2015-04-04,,Masculino,2023.0,Pública,,,,,,,Topázio,8.39895,,,,,,,2.0,9.5,9.2,6.27,8.6,8.34,10.0,5.9375,9.0,8.2,,,,ALFA (1° e 2° ano),0.0,,,,,0,0.3808691156846183,38.09
RA-977,2023,ALFA,ALFA R - G0/G1,Aluno-977,2015.0,2015-12-30,7.0,Feminino,2023.0,Pública,,,,,,,Ametista,7.1717,,,,,,,2.0,8.5,7.4,5.02,5.8,8.085,10.0,5.625,5.7,5.9,,,,ALFA (1° e 2° ano),0.0,,,,,0,0.16578026097124243,16.58
RA-978,2023,ALFA,ALFA R - G0/G1,Aluno-978,2015.0,2015-10-11,,Feminino,2023.0,Pública,,,,,,,Topázio,8.3877,,,,,,,2.0,9.0,9.8,3.77,8.6,9.34,10.0,5.625,8.7,8.5,,,,ALFA (1° e 2° ano),0.0,,,,,0,0.33475422552127054,33.48
RA-979,2023,ALFA,ALFA S - G2/G3,Aluno-979,2015.0,2015-07-19,8.0,Masculino,2023.0,Pública,,,,,,,Topázio,8.1617,,,,,,,2.0,9.5,9.6,6.27,6.0,9.51,10.0,5.625,6.0,6.0,,,,ALFA (1° e 2° ano),0.0,,,,,0,0.08921446145686876,8.92
RA-980,2023,ALFA,ALFA S - G2/G3,Aluno-980,2015.0,2015-09-19,8.0,Feminino,2023.0,Pública,,,,,,,Ametista,7.1425,,,,,,,2.0,0.0,9.8,5.02,6.3,9.34,10.0,5.625,6.5,6.0,,,,ALFA (1° e 2° ano),0.0,,,,,0,0.07479899672110225,7.48
RA-808,2023,ALFA,ALFA S - G2/G3,Aluno-808,2014.0,2014-09-27,9.0,Masculino,2022.0,Pública,,,,,Topázio,,Topázio,8.1932,8.361,,,,,,2.0,10.0,10.0,2.52,8.7,9.755,5.0,7.5,8.7,8.7,,,,Fase 1 (3° e 4° ano),-1.0,,,,,1,0.6865702969343799,68.66
RA-981,2023,ALFA,ALFA S - G2/G3,Aluno-981,2016.0,2016-01-20,7.0,Feminino,2023.0,Pública,,,,,,,Ametista,7.5367,,,,,,,2.0,9.5,9.1,2.52,5.8,9.01,10.0,5.625,5.7,5.8,,,,ALFA (1° e 2° ano),0.0,,,,,0,0.07271580612694331,7.27
RA-982,2023,ALFA,ALFA S - G2/G3,Aluno-982,2015.0,2015-11-19,7.0,Masculino,2023.0,Pública,,,,,,,Ametista,7.1215,,,,,,,2.0,0.0,9.1,2.52,8.6,8.835,10.0,5.625,8.7,8.5,,,,ALFA (1° e 2° ano),0.0,,,,,0,0.028243613239726365,2.82
RA-983,2023,ALFA,ALFA S - G2/G3,Aluno-983,2014.0,2014-10-28,8.0,Masculino,2023.0,Pública,,,,,,,Topázio,8.3502,,,,,,,2.0,8.5,9.9,2.52,8.8,9.415,10.0,6.25,8.8,8.8,,,,ALFA (1° e 2° ano),0.0,,,,,0,0.04430221346205337,4.43
RA-984,2023,ALFA,ALFA S - G2/G3,Aluno-984,2014.0,2014-12-21,8.0,Feminino,2023.0,Pública,,,,,,,Topázio,8.8177,,,,,,,2.0,8.0,9.8,7.52,8.3,9.84,10.0,6.875,8.3,8.2,,,,ALFA (1° e 2° ano),0.0,,,,,0,0.03434160895789222,3.43
RA-985,2023,ALFA,ALFA S - G2/G3,Aluno-985,2015.0,2015-08-23,8.0,Masculino,2023.0,Pública,,,,,,,Ametista,7.6247,,,,,,,2.0,9.0,9.3,2.52,6.8,8.5,10.0,5.625,7.3,6.2,,,,ALFA (1° e 2° ano),0.0,,,,,0,0.056261367197961126,5.63
RA-986,2023,ALFA,ALFA S - G2/G3,Aluno-986,2015.0,2015-06-15,8.0,Feminino,2023.0,Pública,,,,,,,Topázio,8.0107,,,,,,,2.0,9.5,9.1,2.52,8.3,8.83,10.0,5.625,8.3,8.3,,,,ALFA (1° e 2° ano),0.0,,,,,0,0.02800700163837984,2.8
RA-987,2023,ALFA,ALFA S - G2/G3,Aluno-987,2015.0,2015-07-26,8.0,Masculino,2023.0,Pública,,,,,,,Ametista,7.6765,,,,,,,2.0,0.0,9.8,6.27,7.3,9.76,10.0,6.875,7.5,7.0,,,,ALFA (1° e 2° ano),0.0,,,,,0,0.04991969289785711,4.99
RA-988,2023,ALFA,ALFA S - G2/G3,Aluno-988,2014.0,2014-02-05,,Feminino,2023.0,Pública,,,,,,,Ametista,7.9568,,,,,,,2.0,7.9,8.1,7.52,8.5,9.84,5.0,6.25,8.5,8.5,,,,Fase 1 (3° e 4° ano),-1.0,,,,,1,0.5644107617140159,56.44
RA-989,2023,ALFA,ALFA S - G2/G3,Aluno-989,2014.0,2014-09-18,9.0,Masculino,2023.0,Pública,,,,,,,Ametista,7.7242,,,,,,,2.0,9.5,8.1,2.52,8.3,10.01,5.0,7.5,8.7,7.8,,,,Fase 1 (3° e 4° ano),-1.0,,,,,1,0.8247423893613616,82.47
RA-677,2023,ALFA,ALFA T - G2/G3,Aluno-677,2014.0,2014-04-28,9.0,Feminino,2021.0,Pública,,,,Ametista,Topázio,,Topázio,8.5257,8.358,,,,,,2.0,10.0,8.2,10.0,8.7,9.84,5.0,6.875,9.0,8.3,,,,Fase 1 (3° e 4° ano),-1.0,,,,,1,0.7914499271006755,79.14
RA-990,2023,ALFA,ALFA T - G2/G3,Aluno-990,2014.0,2014-12-06,,Masculino,2023.0,Pública,,,,,,,Ametista,7.254,,,,,,,2.0,0.0,8.5,7.52,7.8,10.01,5.0,7.5,8.3,7.2,,,,Fase 1 (3° e 4° ano),-1.0,,,,,1,0.5812454725251102,58.12
RA-991,2023,ALFA,ALFA T - G2/G3,Aluno-991,2014.0,2014-04-30,9.0,Feminino,2023.0,Pública,,,,,,,Ametista,7.7687,,,,,,,2.0,10.0,9.1,3.14,7.7,9.585,5.0,6.875,8.0,7.3,,,,Fase 1 (3° e 4° ano),-1.0,,,,,1,0.7841996453889828,78.42
RA-992,2023,ALFA,ALFA T - G2/G3,Aluno-992,2012.0,2012-12-13,10.0,Masculino,2023.0,Pública,,,,,,,Ametista,7.2722,,,,,,,2.0,9.5,8.2,3.14,8.0,8.84,5.0,5.0,8.2,7.8,,,,Fase 2 (5° e 6° ano),-2.0,,,,,1,0.8415322533677043,84.15
RA-703,2023,ALFA,ALFA T - G2/G3,Aluno-703,2012.0,2012-06-25,11.0,Masculino,2021.0,Pública,,,,Quartzo,Ágata,,Agata,6.2737,6.099,,,,,,2.0,9.5,8.4,3.14,4.6,6.16,5.0,6.875,4.8,4.3,,,,Fase 2 (5° e 6° ano),-2.0,,,,,1,0.8773800825784858,87.74
RA-993,2023,ALFA,ALFA T - G2/G3,Aluno-993,2015.0,2015-10-13,8.0,Feminino,2023.0,Pública,,,,,,,Topázio,8.7592,,,,,,,2.0,9.5,9.8,3.77,8.6,10.01,10.0,7.5,8.5,8.7,,,,ALFA (1° e 2° ano),0.0,,,,,0,0.03157218436694397,3.16
RA-674,2023,ALFA,ALFA T - G2/G3,Aluno-674,2014.0,2014-09-24,9.0,Masculino,2022.0,Pública,,,,,Ametista,,Agata,6.6328,7.862,,,,,,2.0,7.9,8.5,3.77,5.2,8.67,5.0,5.0,5.3,5.0,,,,Fase 1 (3° e 4° ano),-1.0,,,,,1,0.6949749428667343,69.5
RA-994,2023,ALFA,ALFA T - G2/G3,Aluno-994,2014.0,2014-12-18,8.0,Feminino,2023.0,Pública,,,,,,,Ametista,7.4127,,,,,,,2.0,9.5,9.4,3.77,6.0,7.265,10.0,5.625,6.2,5.7,,,,ALFA (1° e 2° ano),0.0,,,,,0,0.12761401306882603,12.76
RA-995,2023,ALFA,ALFA T - G2/G3,Aluno-995,2012.0,2012-02-04,,Feminino,2023.0,Pública,,,,,,,Agata,6.4782,,,,,,,2.0,9.5,7.9,3.77,5.1,7.18,5.0,6.25,5.3,4.8,,,,Fase 2 (5° e 6° ano),-2.0,,,,,1,0.7673627945481373,76.74
RA-996,2023,ALFA,ALFA T - G2/G3,Aluno-996,2014.0,2014-02-21,9.0,Masculino,2023.0,Pública,,,,,,,Topázio,8.1892,,,,,,,2.0,10.0,9.2,3.77,8.6,10.01,5.0,7.5,8.7,8.5,,,,Fase 1 (3° e 4° ano),-1.0,,,,,1,0.639846339087152,63.98
RA-997,2023,ALFA,ALFA T - G2/G3,Aluno-997,2015.0,2015-04-25,8.0,Masculino,2023.0,Pública,,,,,,,Ametista,7.5687,,,,,,,2.0,7.5,8.7,3.77,7.1,8.595,10.0,5.625,7.2,7.0,,,,ALFA (1° e 2° ano),0.0,,,,,0,0.05263960208506986,5.26
RA-998,2023,ALFA,ALFA U - G2/G3,Aluno-998,2012.0,2012-10-20,11.0,Feminino,2023.0,Pública,,,,,,,Ametista,7.9752,,,,,,,2.0,9.5,9.3,3.77,7.9,9.84,5.0,7.5,8.0,7.7,,,,Fase 2 (5° e 6° ano),-2.0,,,,,1,0.6273852781344926,62.74
RA-999,2023,ALFA,ALFA U - G2/G3,Aluno-999,2014.0,2014-04-07,,Masculino,2023.0,Pública,,,,,,,Topázio,8.0352,,,,,,,2.0,9.0,9.4,3.77,8.3,9.84,5.0,7.5,8.3,8.3,,,,Fase 1 (3° e 4° ano),-1.0,,,,,1,0.5019429520199346,50.19
RA-750,2023,ALFA,ALFA U - G2/G3,Aluno-750,2012.0,2012-06-03,,Masculino,2019.0,Pública,,,Ágata,Ágata,Ágata,,Quartzo,5.6857,6.344,,,,,,2.0,9.5,7.7,3.14,3.4,6.32,5.0,4.375,3.3,3.5,,,,Fase 2 (5° e 6° ano),-2.0,,,,,1,0.9208009350311948,92.08
RA-770,2023,ALFA,ALFA U - G2/G3,Aluno-770,2015.0,2015-07-06,,Masculino,2022.0,Pública,,,,,Topázio,,Agata,6.6785,8.143,,,,,,2.0,0.0,8.3,3.77,5.9,8.92,10.0,6.875,6.0,5.7,,,,ALFA (1° e 2° ano),0.0,,,,,0,0.3598826799852228,35.99
RA-771,2023,ALFA,ALFA U - G2/G3,Aluno-771,2015.0,2015-05-11,,Feminino,2022.0,Pública,,,,,Ametista,,Ametista,7.056,7.873,,,,,,2.0,0.0,8.8,3.14,8.2,8.585,10.0,6.25,8.2,8.2,,,,ALFA (1° e 2° ano),0.0,,,,,0,0.47564448373119317,47.56
RA-1000,2023,ALFA,ALFA U - G2/G3,Aluno-1000,2015.0,2015-04-20,8.0,Feminino,2023.0,Pública,,,,,,,Ametista,7.9162,,,,,,,2.0,8.5,9.4,3.77,7.0,8.92,10.0,6.25,7.0,7.0,,,,ALFA (1° e 2° ano),0.0,,,,,0,0.05897411907124983,5.9
RA-830,2023,ALFA,ALFA U - G2/G3,Aluno-830,2013.0,2013-10-30,9.0,Feminino,2022.0,Pública,,,,,Ametista,,Agata,6.78,7.234,,,,,,2.0,0.0,8.9,3.14,8.3,9.505,5.0,6.25,8.3,8.3,,,,Fase 1 (3° e 4° ano),-1.0,,,,,1,0.809389413913052,80.94
RA-1001,2023,ALFA,ALFA U - G2/G3,Aluno-1001,2014.0,2014-03-13,9.0,Feminino,2023.0,Pública,,,,,,,Topázio,8.1162,,,,,,,2.0,9.0,9.1,7.52,7.8,9.17,5.0,7.5,8.3,7.3,,,,Fase 1 (3° e 4° ano),-1.0,,,,,1,0.7940189160948679,79.4
RA-1002,2023,ALFA,ALFA U - G2/G3,Aluno-1002,2014.0,2014-07-13,9.0,Feminino,2023.0,Pública,,,,,,,Ametista,7.9012,,,,,,,2.0,9.0,9.7,7.52,7.0,8.92,5.0,6.25,7.0,7.0,,,,Fase 1 (3° e 4° ano),-1.0,,,,,1,0.8394684195289479,83.95
RA-1003,2023,ALFA,ALFA V - G0/G1,Aluno-1003,2015.0,2015-01-22,8.0,Masculino,2023.0,Pública,,,,,,,Ametista,7.6522,,,,,,,2.0,9.0,8.5,7.52,4.0,8.75,10.0,7.5,8.0,0.0,,,,ALFA (1° e 2° ano),0.0,,,,,0,0.11077342213743725,11.08
RA-835,2023,ALFA,ALFA V - G0/G1,Aluno-835,2014.0,2014-12-26,8.0,Masculino,2022.0,Pública,,,,,Ametista,,Topázio,8.2467,7.263,,,,,,2.0,8.0,8.5,7.52,8.7,7.835,10.0,6.875,8.5,8.9,,,,ALFA (1° e 2° ano),0.0,,,,,0,0.10314415459636062,10.31
RA-1004,2023,ALFA,ALFA V - G0/G1,Aluno-1004,2014.0,2014-12-29,8.0,Feminino,2023.0,Pública,,,,,,,Topázio,8.3137,,,,,,,2.0,9.0,9.6,7.52,7.9,7.42,10.0,6.875,6.5,9.2,,,,ALFA (1° e 2° ano),0.0,,,,,0,0.07835883797373232,7.84
RA-1005,2023,ALFA,ALFA V - G0/G1,Aluno-1005,2015.0,2015-07-16,8.0,Masculino,2023.0,Pública,,,,,,,Topázio,8.4252,,,,,,,2.0,9.5,7.9,7.52,8.8,8.165,10.0,7.5,8.4,9.2,,,,ALFA (1° e 2° ano),0.0,,,,,0,0.06351139276376598,6.35
RA-1006,2023,ALFA,ALFA V - G0/G1,Aluno-1006,2015.0,2015-05-24,8.0,Feminino,2023.0,Pública,,,,,,,Topázio,8.5922,,,,,,,2.0,9.0,9.3,7.52,8.7,8.0,10.0,7.5,8.7,8.6,,,,ALFA (1° e 2° ano),0.0,,,,,0,0.03766509261250172,3.77
RA-705,2023,ALFA,ALFA V - G0/G1,Aluno-705,2012.0,2012-10-29,10.0,Masculino,2022.0,Pública,,,,,Ágata,,Agata,6.982,6.634,,,,,,2.0,0.0,8.3,6.89,8.8,8.165,5.0,7.5,8.9,8.6,,,,Fase 2 (5° e 6° ano),-2.0,,,,,1,0.8443142783131486,84.43
RA-1007,2023,ALFA,ALFA V - G0/G1,Aluno-1007,2015.0,2015-06-01,,Masculino,2023.0,Pública,,,,,,,Topázio,8.0782,,,,,,,2.0,9.0,7.4,7.52,8.3,7.68,10.0,7.5,8.1,8.5,,,,ALFA (1° e 2° ano),0.0,,,,,0,0.43735759315616574,43.74
RA-1008,2023,ALFA,ALFA V - G0/G1,Aluno-1008,2015.0,2015-05-22,8.0,Masculino,2023.0,Pública,,,,,,,Topázio,8.13595,,,,,,,2.0,9.0,8.6,7.52,8.4,7.5,10.0,5.9375,7.5,9.2,,,,ALFA (1° e 2° ano),0.0,,,,,0,0.058599345156478015,5.86
RA-729,2023,ALFA,ALFA V - G0/G1,Aluno-729,2014.0,2014-03-09,,Feminino,2022.0,Pública,,,,,Topázio,,Ametista,7.26545,8.155,,,,,,2.0,8.0,9.1,3.77,8.6,7.01,5.0,6.5625,8.2,8.9,,,,Fase 1 (3° e 4° ano),-1.0,,,,,1,0.6581690834156411,65.82
RA-1009,2023,ALFA,ALFA Y - G0/G1,Aluno-1009,2015.0,2015-03-27,8.0,Masculino,2023.0,Pública,,,,,,,Ametista,7.245,,,,,,,2.0,0.0,9.0,3.77,8.8,7.84,10.0,7.5,8.3,9.2,,,,ALFA (1° e 2° ano),0.0,,,,,0,0.04113639858048265,4.11
RA-1010,2023,ALFA,ALFA Y - G0/G1,Aluno-1010,2015.0,2015-01-14,8.0,Masculino,2023.0,Pública,,,,,,,Topázio,8.70645,,,,,,,2.0,9.5,10.0,3.77,9.4,8.59,10.0,7.8125,9.0,9.8,,,,ALFA (1° e 2° ano),0.0,,,,,0,0.0441311896573405,4.41
RA-1011,2023,ALFA,ALFA Y - G0/G1,Aluno-1011,2015.0,2015-03-11,,Masculino,2023.0,Pública,,,,,,,Ametista,7.33095,,,,,,,2.0,9.5,8.6,3.77,5.2,7.675,10.0,7.1875,5.5,4.8,,,,ALFA (1° e 2° ano),0.0,,,,,1,0.525839774370502,52.58
RA-1012,2023,ALFA,ALFA Y - G0/G1,Aluno-1012,2015.0,2015-05-18,8.0,Feminino,2023.0,Pública,,,,,,,Ametista,7.96495,,,,,,,2.0,10.0,9.9,3.77,6.6,7.845,10.0,7.1875,7.0,6.2,,,,ALFA (1° e 2° ano),0.0,,,,,0,0.09884088827903786,9.88
RA-1013,2023,ALFA,ALFA Y - G0/G1,Aluno-1013,2015.0,2015-12-25,7.0,Masculino,2023.0,Pública,,,,,,,Ametista,7.6237,,,,,,,2.0,9.0,9.6,4.39,8.3,5.76,10.0,5.625,7.0,9.5,,,,ALFA (1° e 2° ano),0.0,,,,,0,0.10553281063458388,10.55
RA-1014,2023,ALFA,ALFA Y - G0/G1,Aluno-1014,2016.0,2016-05-02,,Feminino,2023.0,Pública,,,,,,,Topázio,8.2582,,,,,,,2.0,9.0,9.7,3.77,8.2,8.255,10.0,7.5,7.7,8.7,,,,ALFA (1° e 2° ano),0.0,,,,,0,0.3998407036567277,39.98
RA-1015,2023,FASE 1,1A,Aluno-1015,2013.0,2013-06-24,10.0,Feminino,2023.0,Pública,,,,,,,Ametista,7.538908333,,,,,,,3.0,10.0,9.3,6.27,6.3,7.786666667,5.0,7.34375,5.0,7.6,,,,Fase 2 (5° e 6° ano),-1.0,,,,,1,0.654407573367151,65.44
RA-734,2023,FASE 1,1A,Aluno-734,2012.0,2012-10-14,11.0,Feminino,2022.0,Pública,,,,,Ágata,,Ametista,7.305908333,6.952,,,,,,3.0,8.5,8.0,7.52,6.9,7.446666667,5.0,7.34375,6.8,7.0,,,,Fase 2 (5° e 6° ano),-1.0,,,,,1,0.7528542942311475,75.29
RA-687,2023,FASE 1,1A,Aluno-687,2013.0,2013-01-26,10.0,Masculino,2022.0,Pública,,,,,Ametista,,Ametista,7.617533333,7.703,,,,,,3.0,8.0,9.0,7.52,6.9,8.226666667,5.0,7.5,6.7,7.0,,,,Fase 2 (5° e 6° ano),-1.0,,,,,1,0.6295488214152701,62.95
RA-1016,2023,FASE 1,1A,Aluno-1016,2013.0,2013-03-14,10.0,Feminino,2023.0,Pública,,,,,,,Ametista,7.762575,,,,,,,3.0,10.0,9.5,7.52,6.7,7.73,5.0,7.34375,5.8,7.5,,,,Fase 2 (5° e 6° ano),-1.0,,,,,1,0.6870985589369485,68.71
RA-1017,2023,FASE 1,1A,Aluno-1017,2012.0,2012-01-10,,Masculino,2023.0,Pública,,,,,,,Agata,6.505333333,,,,,,,3.0,0.0,8.0,5.02,7.7,8.116666667,5.0,7.5,7.0,8.3,,,,Fase 2 (5° e 6° ano),-1.0,,,,,1,0.6108482004607851,61.08
RA-688,2023,FASE 1,1A,Aluno-688,2013.0,2013-08-20,10.0,Masculino,2022.0,Pública,,,,,Ametista,,Topázio,8.0442,7.771,,,,,,3.0,8.5,9.3,7.52,8.6,8.06,5.0,7.5,8.2,9.0,,,,Fase 2 (5° e 6° ano),-1.0,,,,,1,0.8135594363927471,81.36
RA-1018,2023,FASE 1,1A,Aluno-1018,2013.0,2013-10-12,,Masculino,2023.0,Pública,,,,,,,Agata,6.824,,,,,,,3.0,0.0,8.5,5.02,6.3,8.06,10.0,7.5,5.8,6.8,,,,Fase 1 (3° e 4° ano),0.0,,,,,1,0.5009324800580923,50.09
RA-696,2023,FASE 1,1A,Aluno-696,2013.0,2013-05-12,,Feminino,2021.0,Pública,,,,Ametista,Ametista,,Ametista,7.172666667,7.441,,,,,,3.0,0.0,9.4,5.02,6.7,8.503333333,10.0,7.5,5.2,8.2,,,,Fase 1 (3° e 4° ano),0.0,,,,,1,0.5168108715273249,51.68
RA-1019,2023,FASE 1,1A,Aluno-1019,2015.0,2015-03-23,8.0,Feminino,2023.0,Pública,,,,,,,Ametista,7.177033333,,,,,,,3.0,7.5,9.1,5.02,4.3,7.836666667,10.0,6.875,0.5,8.0,,,,ALFA (1° e 2° ano),1.0,,,,,0,0.20225224510761247,20.23
RA-514,2023,FASE 1,1A,Aluno-514,2013.0,2013-05-05,,Feminino,2022.0,Pública,,,,,Ametista,,Quartzo,5.823133333,7.039,,,,,,3.0,7.9,7.5,2.52,5.5,5.896666667,5.0,5.0,4.2,6.8,,,,Fase 2 (5° e 6° ano),-1.0,,,,,1,0.7989962082820102,79.9
RA-1020,2023,FASE 1,1A,Aluno-1020,2014.0,2014-07-25,9.0,Feminino,2023.0,Pública,,,,,,,Ametista,7.612283333,,,,,,,3.0,10.0,9.1,2.52,6.1,8.056666667,10.0,7.1875,4.3,7.8,,,,Fase 1 (3° e 4° ano),0.0,,,,,0,0.4927203224789797,49.27
RA-1021,2023,FASE 1,1A,Aluno-1021,2014.0,2014-10-03,,Masculino,2023.0,Pública,,,,,,,Agata,6.964616667,,,,,,,3.0,8.0,9.2,3.77,3.3,7.893333333,10.0,7.1875,2.5,4.0,,,,Fase 1 (3° e 4° ano),0.0,,,,,1,0.5298998355442344,52.99
RA-1022,2023,FASE 1,1A,Aluno-1022,2014.0,2014-02-25,9.0,Masculino,2023.0,Pública,,,,,,,Ametista,7.164616667,,,,,,,3.0,8.5,8.5,3.77,4.7,7.893333333,10.0,7.1875,4.7,4.7,,,,Fase 1 (3° e 4° ano),0.0,,,,,1,0.5268851224749987,52.69
RA-1023,2023,FASE 1,1A,Aluno-1023,2014.0,2014-06-05,,Feminino,2023.0,Pública,,,,,,,Topázio,9.1342,,,,,,,3.0,10.0,10.0,6.27,9.1,9.06,10.0,8.75,8.5,9.7,,,,Fase 1 (3° e 4° ano),0.0,,,,,0,0.4164920101455589,41.65
RA-699,2023,FASE 1,1A,Aluno-699,2013.0,2013-07-13,10.0,Masculino,2022.0,Pública,,,,,Ágata,,Agata,6.389991667,6.658,,,,,,3.0,8.5,8.3,3.77,6.0,6.173333333,5.0,5.78125,5.7,6.2,,,,Fase 2 (5° e 6° ano),-1.0,,,,,1,0.8323034790866397,83.23
RA-480,2023,FASE 1,1B,Aluno-480,2012.0,2012-10-20,11.0,Feminino,2021.0,Pública,,,,Ametista,Ametista,,Topázio,8.226408333,7.502,,,,,,3.0,10.0,9.7,7.52,7.9,8.336666667,5.0,7.96875,7.2,8.5,,,,Fase 2 (5° e 6° ano),-1.0,,,,,1,0.7093540622063114,70.94
RA-678,2023,FASE 1,1B,Aluno-678,2013.0,2013-03-20,10.0,Masculino,2022.0,Pública,,,,,Ametista,,Ametista,7.570158333,8.0,,,,,,3.0,8.0,8.8,6.27,7.3,8.336666667,5.0,7.65625,6.8,7.7,,,,Fase 2 (5° e 6° ano),-1.0,,,,,1,0.5382691631729499,53.83
RA-1024,2023,FASE 1,1B,Aluno-1024,2013.0,2013-05-17,10.0,Feminino,2023.0,Pública,,,,,,,Ametista,7.788875,,,,,,,3.0,0.0,10.0,6.27,9.8,8.95,5.0,9.21875,10.0,9.5,,,,Fase 2 (5° e 6° ano),-1.0,,,,,0,0.4774962865298288,47.75
RA-502,2023,FASE 1,1B,Aluno-502,2014.0,2014-05-24,9.0,Feminino,2021.0,Privada - Programa de Apadrinhamento,,,,Topázio,Topázio,,Topázio,8.749075,8.287,,,,,,3.0,8.5,9.8,7.52,8.0,8.95,10.0,7.96875,6.7,9.3,,,,Fase 1 (3° e 4° ano),0.0,,,,,0,0.2312182078080083,23.12
RA-1025,2023,FASE 1,1B,Aluno-1025,2013.0,2013-12-18,9.0,Masculino,2023.0,Pública,,,,,,,Topázio,8.215158333,,,,,,,3.0,8.5,8.9,7.52,7.5,7.836666667,10.0,7.65625,7.5,7.5,,,,Fase 1 (3° e 4° ano),0.0,,,,,1,0.5295780313073195,52.96
RA-680,2023,FASE 1,1B,Aluno-680,2012.0,2012-05-02,,Feminino,2019.0,Pública,,,Ametista,Ametista,Ametista,,Agata,6.5855,7.518,,,,,,3.0,0.0,9.1,7.52,6.4,7.78,5.0,6.875,5.2,7.5,,,,Fase 2 (5° e 6° ano),-1.0,,,,,1,0.7715237303496696,77.15
RA-1026,2023,FASE 1,1B,Aluno-1026,2009.0,2009-11-06,,Feminino,2023.0,Pública,,,,,,,Agata,6.494825,,,,,,,3.0,8.5,9.8,7.52,3.2,7.06,2.5,6.40625,2.3,4.0,,,,Fase 4 (9° ano),-3.0,,,,,1,0.7014092184613002,70.14
RA-698,2023,FASE 1,1B,Aluno-698,2013.0,2013-12-20,9.0,Masculino,2021.0,Pública,,,,Ametista,Ametista,,Ametista,7.553616667,7.44,,,,,,3.0,8.5,9.9,2.52,5.7,8.113333333,10.0,7.1875,4.3,7.0,,,,Fase 1 (3° e 4° ano),0.0,,,,,0,0.3852287801087544,38.52
RA-533,2023,FASE 1,1B,Aluno-533,2012.0,2012-10-03,,Masculino,2022.0,Pública,,,,,Ágata,,Ametista,7.434866667,6.962,,,,,,3.0,9.0,9.3,7.52,5.8,7.613333333,5.0,7.5,4.8,6.7,,,,Fase 2 (5° e 6° ano),-1.0,,,,,1,0.6888789631299543,68.89
RA-504,2023,FASE 1,1B,Aluno-504,2013.0,2013-11-18,9.0,Feminino,2021.0,Pública,,,,Topázio,Topázio,,Topázio,8.299533333,8.072,,,,,,3.0,8.0,8.3,7.52,7.9,8.836666667,10.0,7.5,6.5,9.2,,,,Fase 1 (3° e 4° ano),0.0,,,,,0,0.28766478461018896,28.77
RA-1027,2023,FASE 1,1B,Aluno-1027,2013.0,2013-04-25,10.0,Feminino,2023.0,Pública,,,,,,,Ametista,7.748866667,,,,,,,3.0,9.5,9.7,7.52,6.0,8.333333333,5.0,7.5,4.2,7.7,,,,Fase 2 (5° e 6° ano),-1.0,,,,,1,0.6837855317377272,68.38
RA-529,2023,FASE 1,1B,Aluno-529,2010.0,2010-01-07,,Masculino,2020.0,Pública,,,Ágata,Ametista,Ágata,,Ametista,7.278991667,6.51,,,,,,3.0,8.0,9.6,7.52,6.8,6.893333333,5.0,5.78125,4.8,8.7,,,,Fase 3 (7° e 8° ano),-2.0,,,,,1,0.8070194563824303,80.7
RA-1028,2023,FASE 1,1B,Aluno-1028,2012.0,2012-02-17,11.0,Masculino,2023.0,Pública,,,,,,,Agata,6.415708333,,,,,,,3.0,0.0,9.2,7.52,5.0,7.946666667,5.0,7.34375,5.0,5.0,,,,Fase 2 (5° e 6° ano),-1.0,,,,,1,0.6276352507530844,62.76
RA-686,2023,FASE 1,1C,Aluno-686,2013.0,2013-04-19,10.0,Feminino,2022.0,Pública,,,,,Ametista,,Ametista,7.9642,7.729,,,,,,3.0,8.5,9.0,7.52,8.0,8.56,5.0,7.5,7.3,8.7,,,,Fase 2 (5° e 6° ano),-1.0,,,,,1,0.7866795559606804,78.67
RA-1029,2023,FASE 1,1C,Aluno-1029,2014.0,2014-02-22,9.0,Feminino,2023.0,Pública,,,,,,,Ametista,7.058533333,,,,,,,3.0,10.0,6.3,3.77,5.4,8.006666667,10.0,7.5,3.5,7.2,,,,Fase 1 (3° e 4° ano),0.0,,,,,1,0.6261525746739136,62.62
RA-1030,2023,FASE 1,1C,Aluno-1030,2012.0,2012-10-08,,Masculino,2023.0,Pública,,,,,,,Ametista,7.4027,,,,,,,3.0,8.5,9.7,3.77,6.9,8.39,5.0,6.875,6.2,7.5,,,,Fase 2 (5° e 6° ano),-1.0,,,,,1,0.7131088661137314,71.31
RA-522,2023,FASE 1,1C,Aluno-522,2013.0,2013-08-01,,Masculino,2021.0,Pública,,,,Topázio,Topázio,,Ametista,7.890533333,8.306,,,,,,3.0,7.5,9.2,7.52,8.3,8.45,5.0,7.083333333,8.3,8.2,,,,Fase 2 (5° e 6° ano),-1.0,,,,,0,0.486245042053485,48.62
RA-501,2023,FASE 1,1C,Aluno-501,2013.0,2013-10-20,10.0,Masculino,2021.0,Pública,,,,Topázio,Ametista,,Topázio,8.1357,7.794,,,,,,3.0,7.0,8.4,7.52,8.9,9.396666667,5.0,8.541666667,9.2,8.5,,,,Fase 2 (5° e 6° ano),-1.0,,,,,1,0.7022299180022877,70.22
RA-692,2023,FASE 1,1C,Aluno-692,2013.0,2013-02-26,10.0,Feminino,2021.0,Privada,,,,Ametista,Ametista,,Agata,6.588466667,7.569,,,,,,3.0,7.4,7.7,7.52,4.6,7.39,5.0,6.666666667,2.8,6.3,,,,Fase 2 (5° e 6° ano),-1.0,,,,,1,0.6674466015649974,66.74
RA-527,2023,FASE 1,1C,Aluno-527,2013.0,2013-03-02,,Feminino,2022.0,Pública,,,,,Ametista,,Ametista,7.5682,8.025,,,,,,3.0,9.0,9.1,7.52,6.5,7.78,5.0,7.5,5.7,7.2,,,,Fase 2 (5° e 6° ano),-1.0,,,,,0,0.47122110379519666,47.12
RA-1031,2023,FASE 1,1D,Aluno-1031,2013.0,2013-03-13,10.0,Masculino,2023.0,Pública,,,,,,,Ametista,7.0602,,,,,,,3.0,8.0,8.8,7.52,5.9,7.006666667,5.0,6.666666667,4.8,7.0,,,,Fase 2 (5° e 6° ano),-1.0,,,,,1,0.7799724757018924,78.0
RA-1032,2023,FASE 1,1D,Aluno-1032,2013.0,2013-05-06,,Masculino,2023.0,Pública,,,,,,,Ametista,7.434033333,,,,,,,3.0,8.5,9.5,7.52,6.0,7.563333333,5.0,7.291666667,5.7,6.2,,,,Fase 2 (5° e 6° ano),-1.0,,,,,1,0.6794800079333523,67.95
RA-1033,2023,FASE 1,1D,Aluno-1033,2012.0,2012-09-04,,Feminino,2023.0,Pública,,,,,,,Topázio,8.126033333,,,,,,,3.0,9.0,8.9,7.52,7.9,9.006666667,5.0,8.125,7.0,8.8,,,,Fase 2 (5° e 6° ano),-1.0,,,,,1,0.623595245307487,62.36
RA-1034,2023,FASE 1,1D,Aluno-1034,2013.0,2013-04-15,10.0,Masculino,2023.0,Pública,,,,,,,Ametista,7.9642,,,,,,,3.0,7.5,9.0,7.52,8.3,8.393333333,5.0,8.333333333,7.8,8.7,,,,Fase 2 (5° e 6° ano),-1.0,,,,,1,0.7073961343156676,70.74
RA-1035,2023,FASE 1,1D,Aluno-1035,2014.0,2014-01-31,9.0,Masculino,2023.0,Pública,,,,,,,Agata,6.888833333,,,,,,,3.0,0.0,8.3,7.52,5.8,7.78,10.0,7.708333333,4.0,7.5,,,,Fase 1 (3° e 4° ano),0.0,,,,,1,0.582425280247505,58.24
RA-730,2023,FASE 1,1F,Aluno-730,2012.0,2012-12-17,10.0,Feminino,2021.0,Privada,,,,Ametista,Ametista,,Ametista,7.979325,7.902,,,,,,3.0,10.0,8.7,5.02,7.8,8.67,5.0,9.53125,7.8,7.7,,,,Fase 2 (5° e 6° ano),-1.0,,,,,1,0.6247471858699296,62.47
RA-855,2023,FASE 1,1F,Aluno-855,2013.0,2013-11-23,9.0,Feminino,2022.0,Pública,,,,,Topázio,,Topázio,8.62995,8.453,,,,,,3.0,9.5,10.0,7.52,6.8,8.67,10.0,8.4375,5.2,8.3,,,,Fase 1 (3° e 4° ano),0.0,,,,,0,0.26961249755739586,26.96
RA-820,2023,FASE 1,1F,Aluno-820,2013.0,2013-08-26,10.0,Masculino,2022.0,Pública,,,,,Ametista,,Ametista,7.85605,7.417,,,,,,3.0,7.9,7.4,7.52,8.9,8.28,5.0,9.0625,9.2,8.5,,,,Fase 2 (5° e 6° ano),-1.0,,,,,1,0.807843720210619,80.78
RA-738,2023,FASE 1,1F,Aluno-738,2014.0,2014-05-02,,Feminino,2022.0,Pública,,,,,Ametista,,Topázio,8.123283333,7.227,,,,,,3.0,8.0,9.3,7.52,6.0,8.336666667,10.0,8.4375,4.2,7.8,,,,Fase 1 (3° e 4° ano),0.0,,,,,1,0.6582215516528394,65.82
RA-1036,2023,FASE 1,1F,Aluno-1036,2012.0,2012-07-18,11.0,Feminino,2023.0,Pública,,,,,,,Agata,6.970583333,,,,,,,3.0,0.0,9.6,3.77,8.0,8.336666667,5.0,9.0625,9.0,7.0,,,,Fase 2 (5° e 6° ano),-1.0,,,,,1,0.5667916405961194,56.68
RA-1037,2023,FASE 1,1F,Aluno-1037,2012.0,2012-11-19,10.0,Masculino,2023.0,Pública,,,,,,,Ametista,7.655575,,,,,,,3.0,9.0,8.4,7.52,6.7,8.17,5.0,8.59375,5.0,8.3,,,,Fase 2 (5° e 6° ano),-1.0,,,,,1,0.6248475912945074,62.48
RA-576,2023,FASE 1,1F,Aluno-576,2012.0,2012-08-23,11.0,Feminino,2022.0,Pública,,,,,Ametista,,Ametista,7.984741667,7.59,,,,,,3.0,9.0,9.3,5.02,8.0,8.503333333,5.0,9.21875,6.5,9.5,,,,Fase 2 (5° e 6° ano),-1.0,,,,,1,0.660301904537972,66.03
RA-1038,2023,FASE 1,1F,Aluno-1038,2013.0,2013-07-21,10.0,Feminino,2023.0,Privada,,,,,,,Ametista,7.736825,,,,,,,3.0,8.0,9.3,7.52,6.5,8.17,5.0,8.90625,7.5,5.5,,,,Fase 2 (5° e 6° ano),-1.0,,,,,1,0.6679376048408555,66.79
RA-1039,2023,FASE 1,1F,Aluno-1039,2011.0,2011-05-08,,Masculino,2023.0,Pública,,,,,,,Ametista,7.686033333,,,,,,,3.0,8.0,9.9,7.52,6.2,8.056666667,5.0,8.125,6.0,6.3,,,,Fase 3 (7° e 8° ano),-2.0,,,,,1,0.6390480258812093,63.9
RA-1040,2023,FASE 1,1F,Aluno-1040,2011.0,2011-06-12,,Masculino,2023.0,Pública,,,,,,,Ametista,7.81545,,,,,,,3.0,10.0,9.3,7.52,6.6,8.06,5.0,7.8125,5.8,7.3,,,,Fase 2 (5° e 6° ano),-1.0,,,,,1,0.6056887492003473,60.57
RA-1041,2023,FASE 1,1F,Aluno-1041,2013.0,2013-04-20,10.0,Feminino,2023.0,Pública,,,,,,,Agata,6.724116667,,,,,,,3.0,10.0,7.2,7.52,3.3,8.003333333,5.0,7.8125,1.8,4.7,,,,Fase 2 (5° e 6° ano),-1.0,,,,,1,0.7060681755440674,70.61
RA-733,2023,FASE 1,1G,Aluno-733,2013.0,2013-12-19,9.0,Feminino,2022.0,Pública,,,,,Ágata,,Topázio,8.3342,6.684,,,,,,3.0,10.0,8.7,7.52,6.2,8.893333333,10.0,8.333333333,4.3,8.0,,,,Fase 1 (3° e 4° ano),0.0,,,,,0,0.428352229909436,42.84
RA-837,2023,FASE 1,1G,Aluno-837,2014.0,2014-07-04,,Masculino,2022.0,Pública,,,,,Topázio,,Topázio,8.2712,8.207,,,,,,3.0,9.0,9.3,7.52,7.0,7.836666667,10.0,7.916666667,6.3,7.7,,,,Fase 1 (3° e 4° ano),0.0,,,,,0,0.2894401962025946,28.94
RA-519,2023,FASE 1,1G,Aluno-519,2013.0,2013-05-19,10.0,Masculino,2022.0,Pública,,,,,Ametista,,Topázio,8.0177,8.0,,,,,,3.0,9.0,9.9,7.52,7.4,8.223333333,5.0,7.708333333,7.5,7.2,,,,Fase 2 (5° e 6° ano),-1.0,,,,,1,0.6489133734443234,64.89
RA-521,2023,FASE 1,1G,Aluno-521,2013.0,2013-12-03,,Masculino,2022.0,Pública,,,,,Ametista,,Agata,6.768666667,7.725,,,,,,3.0,0.0,9.9,3.77,7.9,8.166666667,5.0,7.083333333,7.0,8.7,,,,Fase 2 (5° e 6° ano),-1.0,,,,,1,0.7055647864046373,70.56
RA-1042,2023,FASE 1,1G,Aluno-1042,2013.0,2013-05-07,,Masculino,2023.0,Pública,,,,,,,Quartzo,5.331166667,,,,,,,3.0,0.0,6.5,3.77,4.3,7.666666667,5.0,7.708333333,4.0,4.5,,,,Fase 2 (5° e 6° ano),-1.0,,,,,1,0.6753076055457082,67.53
RA-713,2023,FASE 1,1G,Aluno-713,2013.0,2013-02-26,10.0,Masculino,2021.0,Pública,,,,Ametista,Ametista,,Ametista,7.408033333,7.42,,,,,,3.0,8.0,9.6,3.77,7.5,8.166666667,5.0,6.875,6.7,8.2,,,,Fase 2 (5° e 6° ano),-1.0,,,,,1,0.756869985073513,75.69
RA-736,2023,FASE 1,1G,Aluno-736,2012.0,2012-11-19,10.0,Masculino,2022.0,Pública,,,,,Ágata,,Ametista,7.600033333,6.707,,,,,,3.0,8.5,9.5,6.27,6.7,8.11,5.0,7.708333333,4.8,8.5,,,,Fase 2 (5° e 6° ano),-1.0,,,,,1,0.6572460639759323,65.72
RA-1043,2023,FASE 1,1G,Aluno-1043,2013.0,2013-06-29,10.0,Masculino,2023.0,Pública,,,,,,,Agata,6.5447,,,,,,,3.0,10.0,7.9,6.27,2.5,7.833333333,5.0,7.708333333,2.0,3.0,,,,Fase 2 (5° e 6° ano),-1.0,,,,,1,0.7062795384171264,70.63
RA-716,2023,FASE 1,1G,Aluno-716,2013.0,2013-03-23,10.0,Masculino,2022.0,Pública,,,,,Ágata,,Agata,6.813366667,6.525,,,,,,3.0,9.0,8.7,3.77,5.6,7.443333333,5.0,6.875,5.0,6.2,,,,Fase 2 (5° e 6° ano),-1.0,,,,,1,0.8075442117912265,80.75
RA-1044,2023,FASE 1,1G,Aluno-1044,2013.0,2013-04-24,10.0,Feminino,2023.0,Pública,,,,,,,Ametista,7.629533333,,,,,,,3.0,8.0,9.7,7.52,6.1,8.336666667,5.0,7.5,4.5,7.7,,,,Fase 2 (5° e 6° ano),-1.0,,,,,1,0.6947693872360635,69.48
RA-745,2023,FASE 1,1G,Aluno-745,2013.0,2013-04-08,,Masculino,2021.0,Privada - Programa de Apadrinhamento,,,,Topázio,Ametista,,Ametista,7.668366667,7.382,,,,,,3.0,9.5,9.3,3.77,7.0,8.893333333,5.0,8.125,5.7,8.2,,,,Fase 2 (5° e 6° ano),-1.0,,,,,1,0.5448537659323798,54.49
RA-717,2023,FASE 1,1G,Aluno-717,2012.0,2012-08-17,11.0,Feminino,2021.0,Pública,,,,Ametista,Ágata,,Agata,6.633833333,6.832,,,,,,3.0,0.0,8.5,7.52,5.9,8.446666667,5.0,8.125,5.5,6.3,,,,Fase 2 (5° e 6° ano),-1.0,,,,,1,0.6692770426969323,66.93
RA-718,2023,FASE 1,1G,Aluno-718,2014.0,2014-11-08,,Feminino,2022.0,Pública,,,,,Topázio,,Topázio,8.166866667,8.093,,,,,,3.0,9.5,9.1,3.77,7.8,8.39,10.0,7.916666667,6.3,9.2,,,,Fase 1 (3° e 4° ano),0.0,,,,,0,0.3111084152656358,31.11
RA-721,2023,FASE 1,1G,Aluno-721,2014.0,2014-03-20,9.0,Feminino,2021.0,Pública,,,,Topázio,Ametista,,Topázio,8.683366667,7.973,,,,,,3.0,8.5,9.5,7.52,8.4,8.443333333,10.0,8.125,7.5,9.3,,,,Fase 1 (3° e 4° ano),0.0,,,,,0,0.4161494693742159,41.61
RA-746,2023,FASE 1,1G,Aluno-746,2014.0,2014-09-04,,Masculino,2022.0,Pública,,,,,Ametista,,Agata,6.517166667,7.656,,,,,,3.0,0.0,8.0,3.77,7.2,7.113333333,10.0,6.875,6.0,8.3,,,,Fase 1 (3° e 4° ano),0.0,,,,,1,0.6740994525331039,67.41
RA-1045,2023,FASE 1,1H,Aluno-1045,2012.0,2012-08-18,11.0,Feminino,2023.0,Pública,,,,,,,Topázio,8.089033333,,,,,,,3.0,9.5,9.4,7.52,7.9,8.28,5.0,7.708333333,6.8,9.0,,,,Fase 2 (5° e 6° ano),-1.0,,,,,1,0.6083778502856183,60.84
RA-483,2023,FASE 1,1H,Aluno-483,2011.0,2011-09-30,12.0,Feminino,2019.0,Pública,,,Ametista,Ágata,Quartzo,,Agata,6.3972,5.263,,,,,,3.0,9.0,6.0,2.52,5.6,8.166666667,5.0,7.916666667,5.0,6.2,,,,Fase 3 (7° e 8° ano),-2.0,,,,,1,0.8783692554746131,87.84
RA-1046,2023,FASE 1,1H,Aluno-1046,2014.0,2014-01-18,9.0,Masculino,2023.0,Pública,,,,,,,Agata,6.835833333,,,,,,,3.0,0.0,8.5,3.77,6.3,8.223333333,10.0,8.541666667,6.3,6.3,,,,Fase 1 (3° e 4° ano),0.0,,,,,0,0.39864352490897836,39.86
RA-1047,2023,FASE 1,1H,Aluno-1047,2014.0,2014-03-17,9.0,Masculino,2023.0,Pública,,,,,,,Ametista,7.848366667,,,,,,,3.0,10.0,8.5,3.77,6.9,7.893333333,10.0,8.125,5.8,8.0,,,,Fase 1 (3° e 4° ano),0.0,,,,,0,0.39838916761133397,39.84
RA-570,2023,FASE 1,1H,Aluno-570,2012.0,2012-03-01,,Feminino,2019.0,Pública,,,Topázio,Ágata,Quartzo,,Agata,6.781033333,5.722,,,,,,3.0,8.5,7.3,3.77,5.9,8.056666667,5.0,8.125,5.7,6.0,,,,Fase 2 (5° e 6° ano),-1.0,,,,,1,0.8789551557081124,87.9
RA-1048,2023,FASE 1,1H,Aluno-1048,2013.0,2013-07-20,10.0,Feminino,2023.0,Privada,,,,,,,Ametista,7.811366667,,,,,,,3.0,8.5,9.5,3.77,8.2,8.5,5.0,8.541666667,7.5,8.8,,,,Fase 2 (5° e 6° ano),-1.0,,,,,1,0.6128076833886401,61.28
RA-1049,2023,FASE 1,1H,Aluno-1049,2013.0,2013-06-17,10.0,Masculino,2023.0,Pública,,,,,,,Ametista,7.443366667,,,,,,,3.0,10.0,7.7,7.52,6.3,7.943333333,5.0,8.125,5.5,7.0,,,,Fase 2 (5° e 6° ano),-1.0,,,,,1,0.710721762454374,71.07
RA-1050,2023,FASE 1,1H,Aluno-1050,2012.0,2012-04-15,11.0,Masculino,2023.0,Pública,,,,,,,Ametista,7.764366667,,,,,,,3.0,9.0,9.2,6.27,7.2,8.223333333,5.0,8.125,6.2,8.2,,,,Fase 2 (5° e 6° ano),-1.0,,,,,1,0.5418143221698366,54.18
RA-1051,2023,FASE 1,1H,Aluno-1051,2014.0,2014-01-14,9.0,Feminino,2023.0,Pública,,,,,,,Topázio,8.534866667,,,,,,,3.0,8.5,8.9,6.27,8.4,8.613333333,10.0,8.75,7.0,9.8,,,,Fase 1 (3° e 4° ano),0.0,,,,,0,0.3364115150187918,33.64
RA-707,2023,FASE 1,1H,Aluno-707,2012.0,2012-01-03,,Feminino,2020.0,Pública,,,Ametista,Ágata,Ametista,,Agata,6.518,7.679,,,,,,3.0,0.0,9.8,3.77,6.5,7.946666667,5.0,7.916666667,5.5,7.5,,,,Fase 2 (5° e 6° ano),-1.0,,,,,1,0.5736849900263463,57.37
RA-1052,2023,FASE 1,1H,Aluno-1052,2014.0,2014-04-06,,Masculino,2023.0,Pública,,,,,,,Agata,6.960333333,,,,,,,3.0,0.0,9.0,7.52,5.3,7.833333333,10.0,7.916666667,5.0,5.5,,,,Fase 1 (3° e 4° ano),0.0,,,,,1,0.5381556405187738,53.82
RA-580,2023,FASE 1,1H,Aluno-580,2012.0,2012-02-15,11.0,Feminino,2020.0,Pública,,,Topázio,Ametista,Ametista,,Topázio,8.4712,7.525,,,,,,3.0,8.5,9.8,7.52,9.0,8.67,5.0,8.75,8.7,9.3,,,,Fase 2 (5° e 6° ano),-1.0,,,,,1,0.6431235351835413,64.31
RA-581,2023,FASE 1,1H,Aluno-581,2012.0,2012-02-24,11.0,Masculino,2019.0,Pública,,,Ametista,Ametista,Ágata,,Ametista,7.7167,6.464,,,,,,3.0,8.0,9.8,7.52,7.9,7.393333333,5.0,6.458333333,7.0,8.8,,,,Fase 2 (5° e 6° ano),-1.0,,,,,1,0.8186022547710397,81.86
RA-735,2023,FASE 1,1J,Aluno-735,2012.0,2012-06-29,11.0,Feminino,2021.0,Pública,,,,Ametista,Ametista,,Ametista,7.184,7.485,,,,,,3.0,0.0,9.0,7.52,8.1,8.393333333,5.0,8.333333333,7.7,8.5,,,,Fase 2 (5° e 6° ano),-1.0,,,,,1,0.7123906259213816,71.24
RA-710,2023,FASE 1,1J,Aluno-710,2012.0,2012-01-03,,Masculino,2020.0,Pública,,,Ametista,Ametista,Ametista,,Ametista,7.0582,7.285,,,,,,3.0,9.5,9.0,3.77,6.5,7.113333333,5.0,7.083333333,5.7,7.3,,,,Fase 2 (5° e 6° ano),-1.0,,,,,1,0.7836807379174942,78.37
RA-712,2023,FASE 1,1J,Aluno-712,2011.0,2011-03-13,12.0,Masculino,2019.0,Pública,,,Quartzo,Quartzo,Ágata,,Agata,6.331533333,6.026,,,,,,3.0,9.5,5.6,3.14,6.7,6.836666667,5.0,7.5,5.5,7.8,,,,Fase 3 (7° e 8° ano),-2.0,,,,,1,0.8647682035061716,86.48
RA-549,2023,FASE 1,1J,Aluno-549,2012.0,2012-07-05,,Masculino,2021.0,Pública,,,,Ametista,Ágata,,Ametista,7.0297,6.301,,,,,,3.0,9.5,8.1,5.02,6.4,7.5,5.0,6.875,5.5,7.2,,,,Fase 2 (5° e 6° ano),-1.0,,,,,1,0.8994902135258569,89.95
RA-679,2023,FASE 1,1J,Aluno-679,2012.0,2012-03-16,11.0,Masculino,2020.0,Pública,,,Ametista,Ametista,Ametista,,Agata,6.138366667,7.172,,,,,,3.0,7.5,7.5,5.02,3.6,7.393333333,5.0,6.875,2.0,5.2,,,,Fase 2 (5° e 6° ano),-1.0,,,,,1,0.6543345177471122,65.43
RA-571,2023,FASE 1,1J,Aluno-571,2011.0,2011-09-18,12.0,Feminino,2019.0,Privada,,,Ametista,Ametista,Ágata,,Agata,6.6097,6.589,,,,,,3.0,9.0,7.9,3.77,5.0,7.616666667,5.0,7.291666667,3.8,6.2,,,,Fase 3 (7° e 8° ano),-2.0,,,,,1,0.7417909717470692,74.18
RA-714,2023,FASE 1,1J,Aluno-714,2011.0,2011-06-30,12.0,Masculino,2019.0,Pública,,,Ágata,Ametista,Ágata,,Agata,6.078666667,6.953,,,,,,3.0,0.0,8.0,3.14,7.4,7.223333333,5.0,7.5,6.7,8.0,,,,Fase 3 (7° e 8° ano),-2.0,,,,,1,0.818158472540602,81.82
RA-737,2023,FASE 1,1J,Aluno-737,2013.0,2013-10-29,9.0,Feminino,2022.0,Pública,,,,,Ametista,,Topázio,8.048033333,8.058,,,,,,3.0,9.5,7.8,7.52,7.5,7.783333333,10.0,7.291666667,7.0,8.0,,,,Fase 1 (3° e 4° ano),0.0,,,,,0,0.45180545482084256,45.18
RA-577,2023,FASE 1,1J,Aluno-577,2012.0,2012-03-25,11.0,Feminino,2022.0,Pública,,,,,Ametista,,Ametista,7.219366667,7.862,,,,,,3.0,10.0,8.2,3.77,7.4,7.673333333,5.0,6.875,6.5,8.3,,,,Fase 2 (5° e 6° ano),-1.0,,,,,1,0.5791608251971817,57.92
RA-1053,2023,FASE 1,1J,Aluno-1053,2014.0,2014-08-18,9.0,Masculino,2023.0,Pública,,,,,,,Ametista,7.776166667,,,,,,,3.0,0.0,9.1,6.27,8.6,8.616666667,10.0,8.958333333,7.8,9.3,,,,Fase 1 (3° e 4° ano),0.0,,,,,0,0.37078165860160245,37.08
RA-731,2023,FASE 1,1J,Aluno-731,2012.0,2012-04-24,11.0,Feminino,2019.0,Pública,,,Ametista,Ágata,Ametista,,Agata,6.7742,7.151,,,,,,3.0,8.5,7.6,3.14,6.8,7.45,5.0,7.5,6.2,7.3,,,,Fase 2 (5° e 6° ano),-1.0,,,,,1,0.7617637305270175,76.18
RA-552,2023,FASE 1,1J,Aluno-552,2011.0,2011-09-02,,Masculino,2022.0,Pública,,,,,Ágata,,Quartzo,5.248666667,6.625,,,,,,3.0,0.0,5.6,3.14,6.4,6.89,5.0,6.666666667,6.5,6.2,,,,Fase 3 (7° e 8° ano),-2.0,,,,,1,0.8934298847224663,89.34
RA-1054,2023,FASE 1,1J,Aluno-1054,2010.0,2010-02-12,,Masculino,2023.0,Pública,,,,,,,Ametista,7.459533333,,,,,,,3.0,8.5,8.6,7.52,6.6,7.836666667,5.0,7.5,5.0,8.2,,,,Fase 3 (7° e 8° ano),-2.0,,,,,1,0.6376649666047601,63.77
RA-1055,2023,FASE 1,1J,Aluno-1055,2012.0,2012-02-18,11.0,Masculino,2023.0,Pública,,,,,,,Quartzo,5.9765,,,,,,,3.0,0.0,7.2,7.52,5.5,7.276666667,5.0,7.291666667,6.0,5.0,,,,Fase 2 (5° e 6° ano),-1.0,,,,,1,0.6834738518955678,68.35
RA-597,2023,FASE 1,1K,Aluno-597,2013.0,2013-02-21,10.0,Masculino,2022.0,Pública,,,,,Topázio,,Topázio,8.49045,8.265,,,,,,3.0,10.0,9.6,7.52,8.5,8.56,5.0,9.0625,7.8,9.2,,,,Fase 2 (5° e 6° ano),-1.0,,,,,1,0.7009862949099994,70.1
RA-624,2023,FASE 1,1K,Aluno-624,2012.0,2012-02-08,,Masculino,2022.0,Pública,,,,,Ametista,,Topázio,8.270825,7.425,,,,,,3.0,9.0,9.2,7.52,8.6,8.39,5.0,8.90625,8.3,8.8,,,,Fase 2 (5° e 6° ano),-1.0,,,,,1,0.7569409366500734,75.69
RA-776,2023,FASE 1,1K,Aluno-776,2013.0,2013-02-06,,Feminino,2022.0,Privada - Programa de Apadrinhamento,,,,,Quartzo,,Quartzo,5.567916667,3.898,,,,,,3.0,0.0,7.0,7.52,3.5,7.223333333,5.0,7.8125,4.2,2.7,,,,Fase 2 (5° e 6° ano),-1.0,,,,,1,0.8309185594999442,83.09
RA-600,2023,FASE 1,1K,Aluno-600,2013.0,2013-03-15,10.0,Feminino,2021.0,Pública,,,,Ametista,Ágata,,Ametista,7.651658333,7.011,,,,,,3.0,8.5,8.4,7.52,7.2,8.056666667,5.0,8.28125,6.5,7.8,,,,Fase 2 (5° e 6° ano),-1.0,,,,,1,0.7420387623602509,74.2
RA-1056,2023,FASE 1,1K,Aluno-1056,2014.0,2014-04-30,9.0,Masculino,2023.0,Pública,,,,,,,Topázio,8.551741667,,,,,,,3.0,8.5,9.6,7.52,8.1,8.113333333,10.0,7.96875,7.8,8.3,,,,Fase 1 (3° e 4° ano),0.0,,,,,1,0.6348640449036921,63.49
RA-791,2023,FASE 1,1K,Aluno-791,2011.0,2011-02-10,,Feminino,2022.0,Pública,,,,,Ametista,,Agata,6.247916667,7.507,,,,,,3.0,0.0,8.1,7.52,5.3,7.723333333,5.0,7.8125,6.0,4.5,,,,Fase 3 (7° e 8° ano),-2.0,,,,,1,0.6198654963145322,61.99
RA-601,2023,FASE 1,1K,Aluno-601,2014.0,2014-06-19,9.0,Masculino,2021.0,Pública,,,,Topázio,Ametista,,Topázio,8.955783333,7.713,,,,,,3.0,9.0,10.0,7.52,8.7,8.336666667,10.0,9.0625,8.0,9.3,,,,Fase 1 (3° e 4° ano),0.0,,,,,1,0.6181534736473564,61.82
RA-762,2023,FASE 1,1K,Aluno-762,2010.0,2010-06-28,13.0,Masculino,2022.0,Pública,,,,,Ametista,,Ametista,7.09945,7.28,,,,,,3.0,10.0,9.1,3.14,5.8,7.67,5.0,7.8125,6.2,5.3,,,,Fase 3 (7° e 8° ano),-2.0,,,,,1,0.6433873152795048,64.34
RA-778,2023,FASE 1,1K,Aluno-778,2013.0,2013-11-07,,Feminino,2021.0,Pública,,,,Topázio,Ametista,,Ametista,7.926825,7.432,,,,,,3.0,8.5,7.9,7.52,8.2,8.62,5.0,8.90625,7.3,9.0,,,,Fase 2 (5° e 6° ano),-1.0,,,,,1,0.7088844628042732,70.89
RA-628,2023,FASE 1,1K,Aluno-628,2011.0,2011-10-22,12.0,Masculino,2022.0,Pública,,,,,Ametista,,Topázio,8.370325,7.577,,,,,,3.0,9.5,8.9,7.52,9.4,8.45,5.0,8.28125,9.0,9.7,,,,Fase 3 (7° e 8° ano),-2.0,,,,,1,0.5663035511783994,56.63
RA-606,2023,FASE 1,1K,Aluno-606,2012.0,2012-12-18,10.0,Masculino,2022.0,Pública,,,,,Ágata,,Ametista,7.402491667,6.127,,,,,,3.0,8.5,8.5,7.52,6.0,8.223333333,5.0,7.65625,4.7,7.2,,,,Fase 2 (5° e 6° ano),-1.0,,,,,1,0.7548093635158866,75.48
RA-766,2023,FASE 1,1K,Aluno-766,2012.0,2012-05-21,11.0,Feminino,2020.0,Pública,,,Ametista,Ametista,Topázio,,Topázio,8.008408333,8.185,,,,,,3.0,10.0,8.7,4.39,8.7,8.336666667,5.0,9.21875,9.2,8.2,,,,Fase 2 (5° e 6° ano),-1.0,,,,,1,0.6227742737506463,62.28
RA-607,2023,FASE 1,1K,Aluno-607,2012.0,2012-08-17,11.0,Masculino,2022.0,Pública,,,,,Ágata,,Ametista,7.333075,6.44,,,,,,3.0,8.0,7.5,7.52,6.8,8.17,5.0,7.96875,4.8,8.7,,,,Fase 2 (5° e 6° ano),-1.0,,,,,1,0.7150819124897244,71.51
RA-608,2023,FASE 1,1K,Aluno-608,2012.0,2012-12-20,10.0,Masculino,2022.0,Pública,,,,,Ametista,,Ametista,7.401741667,7.216,,,,,,3.0,10.0,7.5,7.52,6.2,8.113333333,5.0,7.96875,6.0,6.3,,,,Fase 2 (5° e 6° ano),-1.0,,,,,1,0.6931487358837678,69.31
RA-788,2023,FASE 1,1K,Aluno-788,2014.0,2014-11-03,,Masculino,2021.0,Pública,,,,Topázio,Topázio,,Ametista,7.806091667,8.264,,,,,,3.0,7.9,9.8,2.52,6.9,8.283333333,10.0,7.65625,6.0,7.8,,,,Fase 1 (3° e 4° ano),0.0,,,,,0,0.22939385543447496,22.94
RA-784,2023,FASE 1,1L,Aluno-784,2013.0,2013-04-24,10.0,Feminino,2022.0,Pública,,,,,Topázio,,Topázio,8.171366667,8.34,,,,,,3.0,10.0,9.5,7.52,7.3,8.783333333,5.0,8.125,6.5,8.0,,,,Fase 2 (5° e 6° ano),-1.0,,,,,0,0.4993916217387932,49.94
RA-785,2023,FASE 1,1L,Aluno-785,2013.0,2013-07-19,10.0,Feminino,2022.0,Pública,,,,,Ametista,,Topázio,8.137866667,7.642,,,,,,3.0,9.0,8.5,7.52,8.8,8.67,5.0,7.916666667,8.2,9.4,,,,Fase 2 (5° e 6° ano),-1.0,,,,,1,0.7421159090725484,74.21
RA-587,2023,FASE 1,1L,Aluno-587,2012.0,2012-04-04,,Masculino,2022.0,Pública,,,,,Ágata,,Agata,6.032033333,6.632,,,,,,3.0,8.5,7.0,7.52,2.7,6.72,5.0,6.458333333,2.2,3.2,,,,Fase 2 (5° e 6° ano),-1.0,,,,,1,0.8326835557658316,83.27
RA-790,2023,FASE 1,1L,Aluno-790,2011.0,2011-08-10,,Masculino,2022.0,Pública,,,,,Ametista,,Agata,6.707666667,7.504,,,,,,3.0,0.0,8.1,7.52,7.4,8.286666667,5.0,7.083333333,7.2,7.5,,,,Fase 3 (7° e 8° ano),-2.0,,,,,1,0.6863379344446946,68.63
RA-663,2023,FASE 1,1L,Aluno-663,2012.0,2012-02-17,11.0,Masculino,2022.0,Pública,,,,,Ágata,,Agata,6.969133333,6.376,,,,,,3.0,6.9,7.4,7.52,7.0,7.393333333,5.0,6.666666667,6.7,7.3,,,,Fase 2 (5° e 6° ano),-1.0,,,,,1,0.8150382560455413,81.5
RA-664,2023,FASE 1,1L,Aluno-664,2012.0,2012-08-29,11.0,Feminino,2022.0,Pública,,,,,Ametista,,Topázio,8.0872,7.277,,,,,,3.0,9.0,9.6,7.52,8.0,8.116666667,5.0,7.916666667,8.0,8.0,,,,Fase 2 (5° e 6° ano),-1.0,,,,,1,0.7084420716923456,70.84
RA-761,2023,FASE 1,1L,Aluno-761,2013.0,2013-01-23,10.0,Masculino,2022.0,Pública,,,,,Topázio,,Topázio,8.219533333,8.06,,,,,,3.0,9.0,9.7,7.52,8.4,8.12,5.0,8.333333333,8.7,8.0,,,,Fase 2 (5° e 6° ano),-1.0,,,,,1,0.7752944261662305,77.53
RA-1057,2023,FASE 1,1L,Aluno-1057,2014.0,2014-01-17,9.0,Feminino,2023.0,Pública,,,,,,,Topázio,8.4827,,,,,,,3.0,10.0,10.0,7.52,6.3,8.34,10.0,8.125,6.5,6.0,,,,Fase 1 (3° e 4° ano),0.0,,,,,1,0.5483579350847703,54.84
RA-629,2023,FASE 1,1L,Aluno-629,2013.0,2013-03-21,10.0,Feminino,2022.0,Pública,,,,,Topázio,,Topázio,8.013866667,8.11,,,,,,3.0,10.0,9.4,7.52,7.5,7.95,5.0,7.916666667,7.0,8.0,,,,Fase 2 (5° e 6° ano),-1.0,,,,,0,0.4649369026007602,46.49
RA-832,2023,FASE 1,1L,Aluno-832,2013.0,2013-07-21,10.0,Masculino,2022.0,Pública,,,,,Topázio,,Topázio,8.2697,8.179,,,,,,3.0,10.0,9.5,7.52,8.5,8.283333333,5.0,7.708333333,9.2,7.7,,,,Fase 2 (5° e 6° ano),-1.0,,,,,1,0.8319865315878748,83.2
RA-594,2023,FASE 1,1L,Aluno-594,2012.0,2012-08-28,11.0,Masculino,2022.0,Pública,,,,,Ametista,,Agata,6.702033333,7.392,,,,,,3.0,8.5,7.1,6.27,5.8,7.336666667,5.0,6.875,6.2,5.3,,,,Fase 2 (5° e 6° ano),-1.0,,,,,1,0.6526644522610187,65.27
RA-617,2023,FASE 1,1L,Aluno-617,2011.0,2011-10-31,11.0,Feminino,2021.0,Pública,,,,Ametista,Ametista,,Agata,6.816166667,7.107,,,,,,3.0,0.0,9.0,7.52,6.9,8.116666667,5.0,7.708333333,5.5,8.2,,,,Fase 2 (5° e 6° ano),-1.0,,,,,1,0.721456449416274,72.15
RA-767,2023,FASE 1,1L,Aluno-767,2012.0,2012-04-19,11.0,Masculino,2021.0,Pública,,,,Ametista,Ametista,,Ametista,7.3807,7.511,,,,,,3.0,10.0,8.3,7.52,6.3,7.446666667,5.0,7.291666667,6.5,6.0,,,,Fase 2 (5° e 6° ano),-1.0,,,,,1,0.672696609580434,67.27
RA-1058,2023,FASE 1,1L,Aluno-1058,2014.0,2014-09-04,,Feminino,2023.0,Pública,,,,,,,Ametista,7.356533333,,,,,,,3.0,10.0,8.7,3.14,5.4,7.62,10.0,7.083333333,4.0,6.7,,,,Fase 1 (3° e 4° ano),0.0,,,,,1,0.6313864826220433,63.14
RA-747,2023,FASE 1,1L,Aluno-747,2011.0,2011-11-30,11.0,Feminino,2022.0,Pública,,,,,Ametista,,Agata,6.026366667,7.676,,,,,,3.0,10.0,8.0,3.14,3.1,6.94,5.0,6.041666667,1.2,5.0,,,,Fase 2 (5° e 6° ano),-1.0,,,,,1,0.7211559474186617,72.12
RA-827,2023,FASE 1,1M,Aluno-827,2012.0,2012-11-10,,Feminino,2022.0,Pública,,,,,Ametista,,Ametista,7.419925,7.412,,,,,,3.0,7.9,8.1,3.14,8.1,8.73,5.0,8.28125,7.7,8.5,,,,Fase 2 (5° e 6° ano),-1.0,,,,,1,0.7066770026328936,70.67
RA-1059,2023,FASE 1,1M,Aluno-1059,2013.0,2013-06-07,,Masculino,2023.0,Pública,,,,,,,Ametista,7.763741667,,,,,,,3.0,10.0,9.8,2.52,7.6,8.673333333,5.0,7.96875,6.2,9.0,,,,Fase 2 (5° e 6° ano),-1.0,,,,,1,0.5884708234458347,58.85
RA-612,2023,FASE 1,1M,Aluno-612,2012.0,2012-08-24,11.0,Feminino,2021.0,Privada - Programa de Apadrinhamento,,,,Topázio,Ametista,,Topázio,8.410783333,7.594,,,,,,3.0,9.0,9.7,3.77,9.7,9.286666667,5.0,9.0625,9.3,10.0,,,,Fase 2 (5° e 6° ano),-1.0,,,,,1,0.608401505639227,60.84
RA-1060,2023,FASE 1,1M,Aluno-1060,2012.0,2012-06-11,,Masculino,2023.0,Pública,,,,,,,Ametista,7.095741667,,,,,,,3.0,9.0,8.6,3.14,5.7,8.673333333,5.0,7.96875,4.3,7.0,,,,Fase 2 (5° e 6° ano),-1.0,,,,,1,0.6064849365053483,60.65
RA-665,2023,FASE 1,1M,Aluno-665,2011.0,2011-07-12,,Feminino,2022.0,Pública,,,,,Ágata,,Agata,6.185658333,6.996,,,,,,3.0,9.5,4.9,2.52,5.2,8.226666667,5.0,8.28125,5.0,5.3,,,,Fase 2 (5° e 6° ano),-1.0,,,,,1,0.7368703679842967,73.69
RA-829,2023,FASE 1,1M,Aluno-829,2014.0,2014-09-30,9.0,Feminino,2022.0,Pública,,,,,Ametista,,Topázio,8.532075,8.003,,,,,,3.0,9.0,9.4,3.14,8.4,9.23,10.0,9.21875,7.5,9.2,,,,Fase 1 (3° e 4° ano),0.0,,,,,0,0.2871644928780876,28.72
RA-1061,2023,FASE 1,1M,Aluno-1061,2013.0,2013-07-25,10.0,Masculino,2023.0,Pública,,,,,,,Topázio,8.196533333,,,,,,,3.0,9.5,9.7,3.14,9.3,8.836666667,5.0,8.75,8.8,9.7,,,,Fase 2 (5° e 6° ano),-1.0,,,,,0,0.4652400876158027,46.52
RA-1062,2023,FASE 1,1M,Aluno-1062,2014.0,2014-10-01,,Masculino,2023.0,Pública,,,,,,,Ametista,7.448841667,,,,,,,3.0,7.4,7.7,3.77,6.2,8.503333333,10.0,8.59375,4.8,7.5,,,,Fase 1 (3° e 4° ano),0.0,,,,,1,0.5764774017257975,57.65
RA-615,2023,FASE 1,1M,Aluno-615,2013.0,2013-02-04,,Feminino,2020.0,Pública,,,Topázio,Topázio,Topázio,,Ametista,7.815658333,8.086,,,,,,3.0,10.0,9.7,3.14,7.6,8.616666667,5.0,8.28125,6.8,8.3,,,,Fase 2 (5° e 6° ano),-1.0,,,,,0,0.33365092407239094,33.37
RA-833,2023,FASE 1,1M,Aluno-833,2013.0,2013-01-10,,Masculino,2022.0,Pública,,,,,Ametista,,Ametista,7.81295,7.791,,,,,,3.0,10.0,9.5,3.77,7.4,8.56,5.0,8.4375,7.3,7.5,,,,Fase 2 (5° e 6° ano),-1.0,,,,,1,0.6407899062270249,64.08
RA-630,2023,FASE 1,1M,Aluno-630,2013.0,2013-04-22,10.0,Masculino,2022.0,Pública,,,,,Topázio,,Ametista,7.199991667,8.064,,,,,,3.0,9.0,8.6,3.77,5.7,8.673333333,5.0,8.28125,4.2,7.2,,,,Fase 2 (5° e 6° ano),-1.0,,,,,0,0.4728751660856122,47.29
RA-752,2023,FASE 1,1N,Aluno-752,2011.0,2011-11-28,11.0,Feminino,2022.0,Pública,,,,,Topázio,,Topázio,8.073825,8.197,,,,,,3.0,9.5,9.9,7.52,6.4,9.23,5.0,7.65625,4.8,8.0,,,,Fase 2 (5° e 6° ano),-1.0,,,,,1,0.5643545026431471,56.44
RA-777,2023,FASE 1,1N,Aluno-777,2014.0,2014-07-05,,Feminino,2022.0,Pública,,,,,Ametista,,Ametista,7.468125,7.096,,,,,,3.0,0.0,9.3,7.52,6.3,8.84,10.0,8.28125,5.3,7.3,,,,Fase 1 (3° e 4° ano),0.0,,,,,1,0.6567587791471865,65.68
RA-1063,2023,FASE 1,1N,Aluno-1063,2012.0,2012-04-02,,Masculino,2023.0,Privada - Programa de Apadrinhamento,,,,,,,Ametista,7.490825,,,,,,,3.0,9.5,9.5,7.52,5.9,7.89,5.0,6.40625,4.7,7.0,,,,Fase 2 (5° e 6° ano),-1.0,,,,,1,0.7659932241143487,76.6
RA-764,2023,FASE 1,1N,Aluno-764,2014.0,2014-04-01,,Masculino,2022.0,Pública,,,,,Ametista,,Ametista,7.682125,8.004,,,,,,3.0,0.0,9.2,7.52,7.8,8.56,10.0,8.28125,6.0,9.5,,,,Fase 1 (3° e 4° ano),0.0,,,,,0,0.38656930757992647,38.66
RA-1064,2023,FASE 1,1N,Aluno-1064,2013.0,2013-08-31,10.0,Masculino,2023.0,Pública,,,,,,,Topázio,8.4777,,,,,,,3.0,8.5,9.8,7.52,8.6,8.84,5.0,9.375,8.3,8.8,,,,Fase 2 (5° e 6° ano),-1.0,,,,,1,0.70297873764504,70.3
RA-1065,2023,FASE 1,1N,Aluno-1065,2013.0,2013-02-07,,Feminino,2023.0,Pública,,,,,,,Topázio,8.03395,,,,,,,3.0,8.5,9.6,7.52,7.0,8.84,5.0,8.4375,7.7,6.3,,,,Fase 2 (5° e 6° ano),-1.0,,,,,1,0.6448210686751714,64.48
RA-772,2023,FASE 1,1N,Aluno-772,2011.0,2011-07-22,12.0,Masculino,2021.0,Pública,,,,Quartzo,Ágata,,Quartzo,5.930166667,6.994,,,,,,3.0,0.0,7.2,7.52,4.8,8.003333333,5.0,6.875,5.2,4.3,,,,Fase 3 (7° e 8° ano),-2.0,,,,,1,0.7900097314377831,79.0
RA-781,2023,FASE 1,1N,Aluno-781,2013.0,2013-09-19,10.0,Feminino,2021.0,Pública,,,,Topázio,Ametista,,Topázio,8.209283333,7.786,,,,,,3.0,7.5,9.8,7.52,7.9,9.116666667,5.0,8.4375,7.0,8.8,,,,Fase 2 (5° e 6° ano),-1.0,,,,,1,0.5882324393273924,58.82
RA-1066,2023,FASE 1,1N,Aluno-1066,2013.0,2013-09-16,10.0,Feminino,2023.0,Pública,,,,,,,Ametista,7.262616667,,,,,,,3.0,8.5,6.6,7.52,6.2,8.783333333,5.0,8.4375,4.2,8.2,,,,Fase 2 (5° e 6° ano),-1.0,,,,,1,0.5999842108772176,60.0
RA-1067,2023,FASE 1,1N,Aluno-1067,2013.0,2013-08-21,10.0,Masculino,2023.0,Pública,,,,,,,Agata,6.541458333,,,,,,,3.0,0.0,7.9,7.52,5.4,9.006666667,5.0,8.28125,4.5,6.3,,,,Fase 2 (5° e 6° ano),-1.0,,,,,1,0.5794336242577295,57.94
RA-834,2023,FASE 1,1N,Aluno-834,2013.0,2013-10-01,,Masculino,2022.0,Pública,,,,,Topázio,,Topázio,8.662616667,8.136,,,,,,3.0,9.0,9.9,6.27,9.2,9.283333333,5.0,9.6875,9.0,9.3,,,,Fase 2 (5° e 6° ano),-1.0,,,,,1,0.6191300224039665,61.91
RA-722,2023,FASE 1,1N,Aluno-722,2013.0,2013-05-10,,Feminino,2021.0,Pública,,,,Topázio,Ametista,,Ametista,7.3387,7.41,,,,,,3.0,8.5,9.6,2.52,6.4,8.67,5.0,8.125,4.5,8.2,,,,Fase 2 (5° e 6° ano),-1.0,,,,,1,0.6233514289586578,62.34
RA-1068,2023,FASE 1,1P,Aluno-1068,2013.0,2013-03-01,,Masculino,2023.0,Pública,,,,,,,Topázio,8.472533333,,,,,,,3.0,8.5,9.3,6.89,9.0,9.283333333,5.0,9.166666667,8.3,9.7,,,,Fase 2 (5° e 6° ano),-1.0,,,,,1,0.5792927555699066,57.93
RA-796,2023,FASE 1,1P,Aluno-796,2012.0,2012-06-25,11.0,Feminino,2022.0,Pública,,,,,Ametista,,Ametista,7.462866667,7.232,,,,,,3.0,9.0,9.8,6.27,5.5,8.336666667,5.0,7.083333333,5.0,6.0,,,,Fase 2 (5° e 6° ano),-1.0,,,,,1,0.7231168880695286,72.31
RA-1069,2023,FASE 1,1P,Aluno-1069,2012.0,2012-09-18,11.0,Masculino,2023.0,Pública,,,,,,,Ametista,7.590033333,,,,,,,3.0,9.0,7.8,7.52,7.1,8.226666667,5.0,8.125,7.5,6.7,,,,Fase 2 (5° e 6° ano),-1.0,,,,,1,0.7009340698400883,70.09
RA-797,2023,FASE 1,1P,Aluno-797,2012.0,2012-01-24,11.0,Masculino,2021.0,Pública,,,,Ágata,Ametista,,Ametista,7.373033333,7.217,,,,,,3.0,8.5,8.6,7.52,7.5,7.233333333,5.0,6.041666667,7.0,8.0,,,,Fase 2 (5° e 6° ano),-1.0,,,,,1,0.8084229056591821,80.84
RA-647,2023,FASE 1,1P,Aluno-647,2012.0,2012-02-11,,Feminino,2022.0,Privada - Programa de Apadrinhamento,,,,,Ágata,,Ametista,7.100566667,6.606,,,,,,3.0,7.3,8.7,6.27,5.2,8.446666667,5.0,7.708333333,4.7,5.7,,,,Fase 2 (5° e 6° ano),-1.0,,,,,1,0.727448472502005,72.74
RA-814,2023,FASE 1,1P,Aluno-814,2013.0,2013-05-29,10.0,Masculino,2022.0,Pública,,,,,Ametista,,Topázio,8.367866667,7.592,,,,,,3.0,9.5,9.6,6.89,8.2,9.226666667,5.0,8.333333333,7.8,8.5,,,,Fase 2 (5° e 6° ano),-1.0,,,,,1,0.7268898196566169,72.69
RA-652,2023,FASE 1,1P,Aluno-652,2013.0,2013-02-06,,Feminino,2022.0,Pública,,,,,Topázio,,Ametista,7.871033333,8.151,,,,,,3.0,9.0,9.4,6.89,7.0,8.446666667,5.0,8.125,6.2,7.8,,,,Fase 2 (5° e 6° ano),-1.0,,,,,0,0.43247286317872136,43.25
RA-816,2023,FASE 1,1P,Aluno-816,2013.0,2013-04-05,,Feminino,2022.0,Pública,,,,,Topázio,,Topázio,8.5572,8.513,,,,,,3.0,7.5,9.8,7.52,8.9,9.283333333,5.0,9.583333333,7.8,10.0,,,,Fase 2 (5° e 6° ano),-1.0,,,,,1,0.5762003848202429,57.62
RA-640,2023,FASE 1,1P,Aluno-640,2011.0,2011-10-18,12.0,Feminino,2022.0,Pública,,,,,Ágata,,Agata,6.1105,6.73,,,,,,3.0,0.0,7.3,7.52,4.9,8.446666667,5.0,7.291666667,4.0,5.8,,,,Fase 3 (7° e 8° ano),-2.0,,,,,1,0.7955969380242801,79.56
RA-810,2023,FASE 1,1P,Aluno-810,2014.0,2014-05-31,9.0,Masculino,2021.0,Pública,,,,Ametista,Ametista,,Ametista,7.782866667,7.887,,,,,,3.0,8.0,8.5,7.52,6.9,7.836666667,10.0,5.833333333,6.3,7.5,,,,Fase 1 (3° e 4° ano),0.0,,,,,0,0.3961426366128613,39.61
RA-643,2023,FASE 1,1P,Aluno-643,2012.0,2012-04-04,,Masculino,2022.0,Pública,,,,,Ágata,,Ametista,7.389033333,6.763,,,,,,3.0,9.5,8.2,7.52,7.1,7.613333333,5.0,6.041666667,7.0,7.2,,,,Fase 2 (5° e 6° ano),-1.0,,,,,1,0.8215014495212759,82.15
RA-819,2023,FASE 1,1P,Aluno-819,2014.0,2014-05-24,9.0,Masculino,2022.0,Pública,,,,,Ametista,,Ametista,7.944833333,7.741,,,,,,3.0,0.0,8.3,7.52,9.5,8.893333333,10.0,8.541666667,9.7,9.3,,,,Fase 1 (3° e 4° ano),0.0,,,,,0,0.47720667888788204,47.72
RA-1070,2023,FASE 1,1P,Aluno-1070,2012.0,2012-08-28,11.0,Masculino,2023.0,Pública,,,,,,,Agata,6.939033333,,,,,,,3.0,9.0,7.8,3.14,5.8,8.67,5.0,7.708333333,5.3,6.3,,,,Fase 2 (5° e 6° ano),-1.0,,,,,1,0.6368346096098826,63.68
RA-813,2023,FASE 1,1R,Aluno-813,2014.0,2014-03-10,,Masculino,2022.0,Pública,,,,,Ametista,,Ametista,7.5867,7.093,,,,,,3.0,9.5,8.4,7.52,3.9,8.06,10.0,8.125,2.3,5.5,,,,Fase 1 (3° e 4° ano),0.0,,,,,0,0.4882139623677023,48.82
RA-636,2023,FASE 1,1R,Aluno-636,2012.0,2012-09-28,11.0,Masculino,2022.0,Pública,,,,,Ametista,,Agata,6.836666667,7.189,,,,,,3.0,0.0,8.3,5.64,9.0,7.446666667,5.0,8.333333333,9.2,8.7,,,,Fase 2 (5° e 6° ano),-1.0,,,,,1,0.7355436562336941,73.55
RA-798,2023,FASE 1,1R,Aluno-798,2012.0,2012-03-01,,Masculino,2022.0,Privada - Programa de Apadrinhamento,,,,,Ametista,,Ametista,7.018033333,7.049,,,,,,3.0,9.0,8.1,7.52,6.1,6.95,5.0,6.458333333,4.3,7.8,,,,Fase 2 (5° e 6° ano),-1.0,,,,,1,0.7935348684791225,79.35
RA-799,2023,FASE 1,1R,Aluno-799,2012.0,2012-06-12,,Feminino,2022.0,Pública,,,,,Ametista,,Topázio,8.061533333,7.676,,,,,,3.0,9.5,9.6,5.64,8.3,8.17,5.0,8.333333333,7.8,8.8,,,,Fase 2 (5° e 6° ano),-1.0,,,,,1,0.7133493587540048,71.33
RA-815,2023,FASE 1,1R,Aluno-815,2013.0,2013-01-10,,Masculino,2022.0,Pública,,,,,Ágata,,Agata,6.122166667,6.81,,,,,,3.0,0.0,8.6,5.02,6.5,7.063333333,5.0,6.875,7.0,6.0,,,,Fase 2 (5° e 6° ano),-1.0,,,,,1,0.8549733367710926,85.5
RA-637,2023,FASE 1,1R,Aluno-637,2012.0,2012-09-22,11.0,Feminino,2021.0,Pública,,,,Topázio,Ametista,,Topázio,8.109533333,7.039,,,,,,3.0,8.0,9.5,7.52,8.5,8.17,5.0,8.333333333,8.7,8.2,,,,Fase 2 (5° e 6° ano),-1.0,,,,,1,0.7580487733465125,75.8
RA-638,2023,FASE 1,1R,Aluno-638,2013.0,2013-05-01,,Feminino,2020.0,Pública,,,Topázio,Ametista,Ametista,,Ametista,7.754866667,7.059,,,,,,3.0,9.0,9.4,7.52,6.5,7.946666667,5.0,8.333333333,6.8,6.2,,,,Fase 2 (5° e 6° ano),-1.0,,,,,1,0.6693212222899841,66.93
RA-801,2023,FASE 1,1R,Aluno-801,2013.0,2013-11-12,,Masculino,2022.0,Pública,,,,,Ágata,,Agata,6.8735,6.644,,,,,,3.0,0.0,7.5,7.52,7.6,7.12,10.0,6.875,6.8,8.3,,,,Fase 1 (3° e 4° ano),0.0,,,,,1,0.606318733986511,60.63
RA-802,2023,FASE 1,1R,Aluno-802,2013.0,2013-03-30,10.0,Masculino,2021.0,Pública,,,,Ametista,Ametista,,Topázio,8.126866667,7.831,,,,,,3.0,8.0,9.3,7.52,9.4,7.506666667,5.0,8.333333333,9.3,9.5,,,,Fase 2 (5° e 6° ano),-1.0,,,,,1,0.7182934295433777,71.83
RA-1071,2023,FASE 1,1R,Aluno-1071,2012.0,2012-04-25,11.0,Masculino,2023.0,Pública,,,,,,,Agata,6.414033333,,,,,,,3.0,9.0,8.6,7.52,3.5,6.396666667,5.0,5.625,1.7,5.3,,,,Fase 2 (5° e 6° ano),-1.0,,,,,1,0.6582551357783554,65.83
RA-817,2023,FASE 1,1R,Aluno-817,2014.0,2014-03-06,,Feminino,2022.0,Pública,,,,,Ametista,,Ametista,7.8597,7.819,,,,,,3.0,9.5,8.8,6.89,5.4,7.89,10.0,8.125,5.0,5.7,,,,Fase 1 (3° e 4° ano),0.0,,,,,0,0.28695398589958204,28.7
RA-818,2023,FASE 1,1R,Aluno-818,2015.0,2015-04-03,,Masculino,2022.0,Pública,,,,,Ametista,,Ametista,7.997366667,7.483,,,,,,3.0,10.0,8.4,7.52,6.2,7.613333333,10.0,8.125,5.5,6.8,,,,ALFA (1° e 2° ano),1.0,,,,,0,0.4556471679895242,45.56
RA-804,2023,FASE 1,1R,Aluno-804,2012.0,2012-06-18,11.0,Masculino,2022.0,Pública,,,,,Ágata,,Ametista,7.2352,6.848,,,,,,3.0,10.0,8.6,6.27,6.9,7.173333333,5.0,5.833333333,6.2,7.5,,,,Fase 2 (5° e 6° ano),-1.0,,,,,1,0.8191800063428569,81.92
RA-645,2023,FASE 1,1R,Aluno-645,2012.0,2012-10-25,11.0,Feminino,2022.0,Pública,,,,,Ágata,,Ametista,7.613033333,6.086,,,,,,3.0,9.0,8.5,6.27,7.3,8.116666667,5.0,8.125,6.5,8.0,,,,Fase 2 (5° e 6° ano),-1.0,,,,,1,0.6599641322200369,66.0
RA-479,2023,FASE 2,2A,Aluno-479,2012.0,2012-10-08,,Masculino,2020.0,Privada - Programa de Apadrinhamento,,,Topázio,Topázio,Topázio,,Topázio,8.988866667,8.465,,,,,,3.0,9.0,10.0,2.52,9.7,9.6375,10.0,9.791666667,9.3,10.0,,,,Fase 2 (5° e 6° ano),0.0,,,,,0,0.2465583619324973,24.66
RA-493,2023,FASE 2,2A,Aluno-493,2013.0,2013-04-19,10.0,Feminino,2020.0,Pública,,,Topázio,Topázio,Topázio,,Ametista,7.934366667,8.306,,,,,,3.0,9.5,9.6,2.52,6.0,8.84,10.0,8.541666667,4.7,7.2,,,,Fase 2 (5° e 6° ano),0.0,,,,,0,0.1633413107881113,16.33
RA-1072,2023,FASE 2,2A,Aluno-1072,2011.0,2011-12-28,11.0,Masculino,2023.0,Pública,,,,,,,Topázio,8.0152,,,,,,,3.0,9.0,8.6,5.0,6.7,8.7125,10.0,8.125,5.2,8.2,,,,Fase 2 (5° e 6° ano),0.0,,,,,0,0.45707042933091185,45.71
RA-536,2023,FASE 2,2A,Aluno-536,2012.0,2012-11-27,10.0,Feminino,2020.0,Pública,,,Topázio,Ametista,Ametista,,Ametista,7.759533333,7.106,,,,,,3.0,8.0,9.3,2.52,5.9,9.17,10.0,8.333333333,5.0,6.8,,,,Fase 2 (5° e 6° ano),0.0,,,,,0,0.3559142652479841,35.59
RA-1073,2023,FASE 2,2A,Aluno-1073,2011.0,2011-02-06,,Feminino,2023.0,Pública,,,,,,,Agata,6.384333333,,,,,,,3.0,0.0,8.8,2.52,6.2,9.045,5.0,8.333333333,4.8,7.5,,,,Fase 3 (7° e 8° ano),-1.0,,,,,1,0.6764601040976007,67.65
RA-494,2023,FASE 2,2A,Aluno-494,2011.0,2011-04-20,12.0,Feminino,2022.0,Privada,,,,,Ágata,,Ametista,7.116633333,6.407,,,,,,3.0,6.9,9.0,2.52,6.8,8.71,5.0,7.708333333,6.3,7.3,,,,Fase 3 (7° e 8° ano),-1.0,,,,,1,0.7540301637308084,75.4
RA-496,2023,FASE 2,2A,Aluno-496,2011.0,2011-02-04,,Masculino,2018.0,Privada,,,Quartzo,Quartzo,Ágata,,Agata,6.603666667,6.683,,,,,,3.0,0.0,7.1,5.0,8.3,8.71,5.0,7.916666667,7.5,9.0,,,,Fase 3 (7° e 8° ano),-1.0,,,,,1,0.8090091417539602,80.9
RA-497,2023,FASE 2,2A,Aluno-497,2009.0,2009-01-07,,Feminino,2016.0,Privada - Programa de apadrinhamento,,,Quartzo,Quartzo,Ágata,,Quartzo,5.7191,6.323,,,,,,3.0,5.3,8.7,2.52,3.5,6.885,5.0,6.25,1.7,5.3,,,,Fase 4 (9° ano),-2.0,,,,,1,0.8330018107150896,83.3
RA-1074,2023,FASE 2,2A,Aluno-1074,2010.0,2010-12-23,12.0,Feminino,2023.0,Pública,,,,,,,Agata,6.195833333,,,,,,,3.0,0.0,9.8,2.52,6.0,7.8775,5.0,7.083333333,8.0,4.0,,,,Fase 3 (7° e 8° ano),-1.0,,,,,1,0.7445095494893421,74.45
RA-486,2023,FASE 2,2A,Aluno-486,2012.0,2012-01-31,11.0,Feminino,2020.0,Privada,,,Topázio,Topázio,Ametista,,Ametista,7.1043,7.621,,,,,,3.0,8.4,6.4,2.52,6.2,8.7525,10.0,7.5,3.3,9.0,,,,Fase 2 (5° e 6° ano),0.0,,,,,1,0.557009462026251,55.7
RA-1075,2023,FASE 2,2A,Aluno-1075,2010.0,2010-12-19,12.0,Feminino,2023.0,Pública,,,,,,,Agata,6.591333333,,,,,,,3.0,0.0,9.6,5.0,5.5,9.0025,5.0,7.708333333,5.0,6.0,,,,Fase 3 (7° e 8° ano),-1.0,,,,,1,0.6144813877868182,61.45
RA-578,2023,FASE 2,2A,Aluno-578,2012.0,2012-08-13,11.0,Masculino,2019.0,Privada - Programa de Apadrinhamento,,,Ametista,Topázio,Topázio,,Topázio,9.013866667,8.814,,,,,,3.0,9.0,10.0,2.52,9.7,9.7625,10.0,9.791666667,9.8,9.5,,,,Fase 2 (5° e 6° ano),0.0,,,,,0,0.22048313093718785,22.05
RA-513,2023,FASE 2,2A,Aluno-513,2013.0,2013-01-17,10.0,Masculino,2021.0,Privada,,,,Topázio,Topázio,,Topázio,8.297866667,8.229,,,,,,3.0,9.5,9.7,2.52,7.5,9.0075,10.0,8.541666667,7.2,7.8,,,,Fase 2 (5° e 6° ano),0.0,,,,,0,0.1858036433447929,18.58
RA-487,2023,FASE 2,2A,Aluno-487,2012.0,2012-01-13,11.0,Feminino,2019.0,Privada - Programa de Apadrinhamento,,,Topázio,Topázio,Topázio,,Topázio,8.988866667,8.417,,,,,,3.0,8.5,9.9,5.0,9.5,9.26,10.0,9.166666667,9.2,9.7,,,,Fase 2 (5° e 6° ano),0.0,,,,,0,0.28943941102709303,28.94
RA-1076,2023,FASE 2,2A,Aluno-1076,2011.0,2011-11-08,,Feminino,2023.0,Pública,,,,,,,Ametista,7.901033333,,,,,,,3.0,9.0,9.7,2.52,8.5,8.8775,5.0,8.333333333,9.0,8.0,,,,Fase 3 (7° e 8° ano),-1.0,,,,,1,0.6100500652565656,61.01
RA-490,2023,FASE 2,2A,Aluno-490,2012.0,2012-08-04,,Feminino,2022.0,Privada,,,,,Ametista,,Ametista,7.429466667,7.576,,,,,,3.0,7.9,7.9,2.52,5.8,9.0075,10.0,8.541666667,2.8,8.7,,,,Fase 2 (5° e 6° ano),0.0,,,,,1,0.5249321787345618,52.49
RA-491,2023,FASE 2,2A,Aluno-491,2011.0,2011-05-12,,Masculino,2022.0,Pública,,,,,Ametista,,Ametista,7.560533333,7.461,,,,,,3.0,9.5,9.6,2.52,5.0,8.3375,10.0,7.708333333,3.3,6.7,,,,Fase 2 (5° e 6° ano),0.0,,,,,0,0.459249379884434,45.92
RA-1077,2023,FASE 2,2B,Aluno-1077,2012.0,2012-03-04,,Masculino,2023.0,Pública,,,,,,,Ametista,7.2115,,,,,,,3.0,0.0,9.7,2.52,7.3,8.4225,10.0,8.75,6.8,7.8,,,,Fase 2 (5° e 6° ano),0.0,,,,,0,0.4967130246367449,49.67
RA-484,2023,FASE 2,2B,Aluno-484,2011.0,2011-07-13,12.0,Masculino,2022.0,Pública,,,,,Ágata,,Quartzo,5.515466667,6.71,,,,,,3.0,6.4,7.5,2.52,3.6,6.8,5.0,5.416666667,3.2,4.0,,,,Fase 3 (7° e 8° ano),-1.0,,,,,1,0.8334559247928361,83.35
RA-508,2023,FASE 2,2B,Aluno-508,2012.0,2012-10-27,10.0,Masculino,2022.0,Pública,,,,,Ágata,,Ametista,7.671633333,6.575,,,,,,3.0,6.4,8.6,2.52,7.5,8.6725,10.0,8.333333333,6.2,8.7,,,,Fase 2 (5° e 6° ano),0.0,,,,,0,0.473461164339156,47.35
RA-495,2023,FASE 2,2B,Aluno-495,2011.0,2011-03-09,,Masculino,2022.0,Privada,,,,,Ametista,,Ametista,7.417366667,7.857,,,,,,3.0,9.0,8.4,2.52,7.4,8.755,5.0,8.541666667,6.0,8.8,,,,Fase 3 (7° e 8° ano),-1.0,,,,,1,0.6065538827654521,60.66
RA-1078,2023,FASE 2,2B,Aluno-1078,2009.0,2009-04-16,14.0,Masculino,2023.0,Pública,,,,,,,Agata,6.472333333,,,,,,,3.0,5.3,6.8,2.52,6.4,8.2975,5.0,8.958333333,4.3,8.5,,,,Fase 4 (9° ano),-2.0,,,,,1,0.7132302710357017,71.32
RA-340,2023,FASE 2,2B,Aluno-340,2011.0,2011-12-02,,Masculino,2017.0,Pública,,,Ametista,Ágata,Ametista,,Ametista,7.059666667,7.721,,,,,,3.0,0.0,9.6,2.52,8.9,8.505,5.0,9.166666667,9.0,8.7,,,,Fase 3 (7° e 8° ano),-1.0,,,,,1,0.7532243010908511,75.32
RA-1079,2023,FASE 2,2B,Aluno-1079,2010.0,2010-02-12,,Masculino,2023.0,Pública,,,,,,,Agata,6.916533333,,,,,,,3.0,9.0,8.1,2.52,7.6,7.13,5.0,7.083333333,7.3,7.8,,,,Fase 3 (7° e 8° ano),-1.0,,,,,1,0.7367843261171504,73.68
RA-1080,2023,FASE 2,2B,Aluno-1080,2011.0,2011-06-15,12.0,Masculino,2023.0,Pública,,,,,,,Agata,6.571966667,,,,,,,3.0,7.9,10.0,5.0,1.5,8.13,5.0,8.541666667,0.0,3.0,,,,Fase 3 (7° e 8° ano),-1.0,,,,,1,0.6173873595209303,61.74
RA-1081,2023,FASE 2,2B,Aluno-1081,2009.0,2009-07-29,14.0,Feminino,2023.0,Pública,,,,,,,Ametista,7.666033333,,,,,,,3.0,10.0,10.0,2.52,6.5,8.59,5.0,8.958333333,8.0,5.0,,,,Fase 4 (9° ano),-2.0,,,,,1,0.6534896140257997,65.35
RA-1082,2023,FASE 2,2B,Aluno-1082,2011.0,2011-07-04,,Feminino,2023.0,Pública,,,,,,,Ametista,7.1617,,,,,,,3.0,9.5,9.5,2.52,5.0,8.4225,5.0,8.75,3.5,6.5,,,,Fase 3 (7° e 8° ano),-1.0,,,,,1,0.6163997658062745,61.64
RA-1083,2023,FASE 2,2B,Aluno-1083,2013.0,2013-06-28,10.0,Feminino,2023.0,Pública,,,,,,,Topázio,8.2345,,,,,,,3.0,6.8,10.0,5.0,7.5,8.38,10.0,8.75,7.0,8.0,,,,Fase 2 (5° e 6° ano),0.0,,,,,0,0.3710872685450499,37.11
RA-531,2023,FASE 2,2B,Aluno-531,2012.0,2012-06-19,11.0,Masculino,2022.0,Pública,,,,,Ametista,,Topázio,8.3252,8.057,,,,,,3.0,9.5,10.0,2.52,7.7,8.59,10.0,8.75,6.3,9.0,,,,Fase 2 (5° e 6° ano),0.0,,,,,0,0.2243872705497186,22.44
RA-1084,2023,FASE 2,2B,Aluno-1084,2012.0,2012-06-13,11.0,Feminino,2023.0,Pública,,,,,,,Ametista,7.9948,,,,,,,3.0,8.4,10.0,2.52,6.8,8.38,10.0,8.75,5.0,8.5,,,,Fase 2 (5° e 6° ano),0.0,,,,,0,0.37952278108617327,37.95
RA-516,2023,FASE 2,2B,Aluno-516,2013.0,2013-06-27,10.0,Masculino,2019.0,Privada - Programa de Apadrinhamento,,,Topázio,Topázio,Topázio,,Topázio,8.6807,8.903,,,,,,3.0,10.0,9.8,2.52,9.3,8.7175,10.0,8.75,9.0,9.5,,,,Fase 2 (5° e 6° ano),0.0,,,,,0,0.28072830844695024,28.07
RA-348,2023,FASE 2,2B,Aluno-348,2010.0,2010-06-05,,Masculino,2022.0,Pública,,,,,Quartzo,,Agata,6.817866667,5.864,,,,,,3.0,10.0,8.7,2.52,4.4,8.0075,5.0,8.541666667,2.0,6.7,,,,Fase 3 (7° e 8° ano),-1.0,,,,,1,0.6539894665256963,65.4
RA-1085,2023,FASE 2,2C,Aluno-1085,2011.0,2011-04-29,12.0,Feminino,2023.0,Pública,,,,,,,Agata,6.563833333,,,,,,,3.0,0.0,9.8,2.52,6.7,8.13,5.0,8.958333333,6.0,7.3,,,,Fase 3 (7° e 8° ano),-1.0,,,,,1,0.6505733524682453,65.06
RA-1086,2023,FASE 2,2C,Aluno-1086,2011.0,2011-06-21,12.0,Feminino,2023.0,Pública,,,,,,,Ametista,7.2382,,,,,,,3.0,8.5,9.4,2.52,5.7,8.755,5.0,8.75,6.0,5.3,,,,Fase 3 (7° e 8° ano),-1.0,,,,,1,0.6621591509607595,66.22
RA-1087,2023,FASE 2,2C,Aluno-1087,2011.0,2011-03-15,12.0,Feminino,2023.0,Pública,,,,,,,Ametista,7.2067,,,,,,,3.0,10.0,9.5,2.52,5.4,8.0475,5.0,8.75,3.7,7.0,,,,Fase 3 (7° e 8° ano),-1.0,,,,,1,0.628837567413315,62.88
RA-509,2023,FASE 2,2C,Aluno-509,2010.0,2010-11-28,12.0,Feminino,2018.0,Pública,,,Ametista,Ágata,Ametista,,Ametista,7.606033333,7.808,,,,,,3.0,8.5,8.1,2.52,8.6,8.84,5.0,8.958333333,8.2,9.0,,,,Fase 3 (7° e 8° ano),-1.0,,,,,1,0.7478396723517694,74.78
RA-499,2023,FASE 2,2C,Aluno-499,2012.0,2012-07-24,11.0,Masculino,2020.0,Pública,,,Ágata,Ametista,Ametista,,Ametista,7.8883,7.826,,,,,,3.0,7.9,10.0,2.52,6.6,8.2975,10.0,8.75,5.3,7.8,,,,Fase 2 (5° e 6° ano),0.0,,,,,0,0.3161204536404461,31.61
RA-500,2023,FASE 2,2C,Aluno-500,2012.0,2012-06-29,11.0,Feminino,2020.0,Pública,,,Topázio,Topázio,Topázio,,Topázio,8.427533333,8.232,,,,,,3.0,9.5,10.0,2.52,7.9,8.7975,10.0,8.958333333,8.5,7.2,,,,Fase 2 (5° e 6° ano),0.0,,,,,0,0.20268950919491602,20.27
RA-1088,2023,FASE 2,2C,Aluno-1088,2010.0,2010-09-15,13.0,Masculino,2023.0,Pública,,,,,,,Ametista,7.4717,,,,,,,3.0,9.5,9.8,2.52,6.8,7.9225,5.0,8.75,6.0,7.5,,,,Fase 3 (7° e 8° ano),-1.0,,,,,1,0.5944178336565776,59.44
RA-1089,2023,FASE 2,2C,Aluno-1089,2012.0,2012-08-03,,Feminino,2023.0,Pública,,,,,,,Ametista,7.9947,,,,,,,3.0,9.0,9.5,2.52,7.0,8.3375,10.0,8.75,6.0,8.0,,,,Fase 2 (5° e 6° ano),0.0,,,,,1,0.5195605798268977,51.96
RA-1090,2023,FASE 2,2C,Aluno-1090,2010.0,2010-07-22,13.0,Masculino,2023.0,Pública,,,,,,,Ametista,7.844033333,,,,,,,3.0,9.0,9.6,2.52,9.0,7.88,5.0,8.958333333,8.7,9.3,,,,Fase 3 (7° e 8° ano),-1.0,,,,,1,0.6043579798076425,60.44
RA-503,2023,FASE 2,2C,Aluno-503,2012.0,2012-08-09,,Masculino,2020.0,Pública,,,Topázio,Topázio,Ametista,,Topázio,8.4682,7.95,,,,,,3.0,9.5,10.0,2.52,8.7,8.255,10.0,8.75,8.7,8.7,,,,Fase 2 (5° e 6° ano),0.0,,,,,0,0.3443182164561947,34.43
RA-1091,2023,FASE 2,2C,Aluno-1091,2011.0,2011-10-15,12.0,Masculino,2023.0,Pública,,,,,,,Topázio,8.032533333,,,,,,,3.0,8.5,9.0,2.52,9.5,9.1725,5.0,8.958333333,9.3,9.7,,,,Fase 3 (7° e 8° ano),-1.0,,,,,1,0.5456756611486212,54.57
RA-1092,2023,FASE 2,2C,Aluno-1092,2011.0,2011-01-24,12.0,Masculino,2023.0,Pública,,,,,,,Ametista,7.41,,,,,,,3.0,7.8,9.8,2.52,6.9,8.2975,5.0,8.75,6.0,7.8,,,,Fase 3 (7° e 8° ano),-1.0,,,,,1,0.572690150976927,57.27
RA-1093,2023,FASE 2,2C,Aluno-1093,2012.0,2012-03-22,11.0,Masculino,2023.0,Pública,,,,,,,Topázio,8.197533333,,,,,,,3.0,7.0,9.3,2.52,9.2,8.2975,10.0,8.958333333,9.3,9.0,,,,Fase 2 (5° e 6° ano),0.0,,,,,0,0.42555413558580585,42.56
RA-1094,2023,FASE 2,2C,Aluno-1094,2011.0,2011-12-25,11.0,Feminino,2023.0,Pública,,,,,,,Topázio,8.1779,,,,,,,3.0,7.8,9.5,2.52,8.5,8.3375,10.0,8.75,7.8,9.2,,,,Fase 2 (5° e 6° ano),0.0,,,,,0,0.40770370702689496,40.77
RA-1095,2023,FASE 2,2C,Aluno-1095,2010.0,2010-11-07,,Masculino,2023.0,Pública,,,,,,,Agata,6.238,,,,,,,3.0,0.0,9.8,2.52,5.3,8.005,5.0,8.75,5.8,4.7,,,,Fase 3 (7° e 8° ano),-1.0,,,,,1,0.6729683069132162,67.3
RA-324,2023,FASE 2,2D,Aluno-324,2012.0,2012-10-04,,Feminino,2022.0,Pública,,,,,Topázio,,Ametista,7.6354,8.27,,,,,,3.0,5.8,9.0,2.52,8.4,7.5875,10.0,8.125,8.0,8.7,,,,Fase 2 (5° e 6° ano),0.0,,,,,0,0.2551681134000856,25.52
RA-350,2023,FASE 2,2D,Aluno-350,2011.0,2011-09-04,,Feminino,2022.0,Pública,,,,,Topázio,,Ametista,7.972033333,8.206,,,,,,3.0,10.0,9.7,2.52,9.0,7.92,5.0,8.958333333,8.8,9.2,,,,Fase 3 (7° e 8° ano),-1.0,,,,,1,0.5751274644123674,57.51
RA-517,2023,FASE 2,2D,Aluno-517,2010.0,2010-07-25,13.0,Feminino,2017.0,Pública,,,Ametista,Ágata,Ametista,,Agata,6.3104,7.604,,,,,,3.0,4.1,9.0,2.52,6.6,6.7125,5.0,6.875,4.5,8.7,,,,Fase 3 (7° e 8° ano),-1.0,,,,,1,0.7398342481600304,73.98
RA-325,2023,FASE 2,2D,Aluno-325,2012.0,2012-02-20,11.0,Masculino,2022.0,Pública,,,,,Ametista,,Agata,6.243,7.619,,,,,,3.0,0.0,7.1,5.0,5.6,7.0025,10.0,8.125,3.8,7.3,,,,Fase 2 (5° e 6° ano),0.0,,,,,0,0.493136833232687,49.31
RA-518,2023,FASE 2,2D,Aluno-518,2012.0,2012-03-19,11.0,Masculino,2022.0,Pública,,,,,Ametista,,Ametista,7.5762,7.661,,,,,,3.0,8.5,8.5,5.0,6.7,6.9175,10.0,8.125,5.5,7.8,,,,Fase 2 (5° e 6° ano),0.0,,,,,0,0.38978185285554207,38.98
RA-530,2023,FASE 2,2D,Aluno-530,2012.0,2012-02-25,11.0,Masculino,2019.0,Pública,,,Topázio,Topázio,Topázio,,Ametista,7.653033333,8.338,,,,,,3.0,10.0,8.8,5.0,5.7,7.46,10.0,7.708333333,5.8,5.5,,,,Fase 2 (5° e 6° ano),0.0,,,,,0,0.19616406146344964,19.62
RA-524,2023,FASE 2,2D,Aluno-524,2011.0,2011-05-09,,Masculino,2019.0,Pública,,,Ametista,Ametista,Ágata,,Ametista,7.331133333,6.947,,,,,,3.0,6.4,9.2,2.52,8.9,7.42,5.0,8.333333333,9.0,8.8,,,,Fase 3 (7° e 8° ano),-1.0,,,,,1,0.7627441687766294,76.27
RA-1096,2023,FASE 2,2D,Aluno-1096,2012.0,2012-05-12,,Feminino,2023.0,Pública,,,,,,,Topázio,8.615533333,,,,,,,3.0,9.5,9.9,2.52,9.6,8.0875,10.0,8.958333333,9.5,9.7,,,,Fase 2 (5° e 6° ano),0.0,,,,,0,0.38308029305515334,38.31
RA-526,2023,FASE 2,2D,Aluno-526,2010.0,2010-05-03,,Masculino,2022.0,Pública,,,,,Topázio,,Topázio,8.0957,8.079,,,,,,3.0,9.5,9.8,5.0,8.8,7.7525,5.0,8.75,8.3,9.3,,,,Fase 3 (7° e 8° ano),-1.0,,,,,1,0.5324623315713725,53.25
RA-528,2023,FASE 2,2D,Aluno-528,2011.0,2011-03-08,,Masculino,2021.0,Pública,,,,Ametista,Quartzo,,Ametista,7.6892,5.335,,,,,,3.0,9.0,8.5,5.0,8.2,7.92,5.0,8.75,7.5,8.8,,,,Fase 3 (7° e 8° ano),-1.0,,,,,1,0.7980711934865862,79.81
RA-534,2023,FASE 2,2D,Aluno-534,2010.0,2010-04-25,13.0,Masculino,2021.0,Pública,,,,Ametista,Ametista,,Quartzo,5.8385,7.131,,,,,,3.0,0.0,8.1,2.52,5.4,7.92,5.0,8.125,3.7,7.0,,,,Fase 3 (7° e 8° ano),-1.0,,,,,1,0.7239663827481954,72.4
RA-1097,2023,FASE 2,2D,Aluno-1097,2009.0,2009-06-07,,Masculino,2023.0,Pública,,,,,,,Agata,6.9547,,,,,,,3.0,9.5,8.6,5.0,5.4,6.96,5.0,8.125,4.3,6.5,,,,Fase 4 (9° ano),-2.0,,,,,1,0.6181316557050208,61.81
RA-1098,2023,FASE 2,2D,Aluno-1098,2010.0,2010-10-22,13.0,Feminino,2023.0,Pública,,,,,,,Ametista,7.2787,,,,,,,3.0,9.5,9.5,2.52,6.4,7.92,5.0,8.125,6.3,6.5,,,,Fase 3 (7° e 8° ano),-1.0,,,,,1,0.5848867026332359,58.49
RA-506,2023,FASE 2,2D,Aluno-506,2010.0,2010-10-20,13.0,Masculino,2020.0,Pública,,,Ametista,Ágata,Ametista,,Ametista,7.750033333,7.132,,,,,,3.0,9.5,8.1,5.0,8.5,7.92,5.0,8.958333333,7.3,9.7,,,,Fase 3 (7° e 8° ano),-1.0,,,,,1,0.7513513393650288,75.14
RA-1099,2023,FASE 2,2F,Aluno-1099,2010.0,2010-07-18,13.0,Feminino,2023.0,Pública,,,,,,,Ametista,7.113533333,,,,,,,3.0,9.0,9.6,2.52,5.2,8.34,5.0,8.333333333,5.7,4.7,,,,Fase 3 (7° e 8° ano),-1.0,,,,,1,0.5967248677983759,59.67
RA-1100,2023,FASE 2,2F,Aluno-1100,2012.0,2012-10-08,,Masculino,2023.0,Pública,,,,,,,Topázio,8.261033333,,,,,,,3.0,10.0,9.2,5.0,7.1,8.283333333,10.0,8.541666667,6.3,7.8,,,,Fase 2 (5° e 6° ano),0.0,,,,,1,0.5516518674462434,55.17
RA-1101,2023,FASE 2,2F,Aluno-1101,2013.0,2013-09-02,,Masculino,2023.0,Pública,,,,,,,Agata,6.446666667,,,,,,,3.0,0.0,7.2,5.0,5.3,8.116666667,10.0,8.333333333,4.2,6.3,,,,Fase 2 (5° e 6° ano),0.0,,,,,1,0.5389276344681008,53.89
RA-1102,2023,FASE 2,2F,Aluno-1102,2012.0,2012-06-10,,Masculino,2023.0,Pública,,,,,,,Topázio,8.123033333,,,,,,,3.0,9.5,9.5,5.0,7.5,7.56,10.0,7.708333333,5.7,9.2,,,,Fase 2 (5° e 6° ano),0.0,,,,,1,0.5308760510628703,53.09
RA-363,2023,FASE 2,2F,Aluno-363,2010.0,2010-06-27,13.0,Masculino,2022.0,Pública,,,,,Ágata,,Agata,6.680833333,6.644,,,,,,3.0,0.0,9.9,2.52,6.8,8.673333333,5.0,8.541666667,6.8,6.8,,,,Fase 3 (7° e 8° ano),-1.0,,,,,1,0.6336008834584547,63.36
RA-1103,2023,FASE 2,2F,Aluno-1103,2012.0,2012-11-30,10.0,Masculino,2023.0,Pública,,,,,,,Ametista,7.574866667,,,,,,,3.0,9.0,8.7,5.0,5.0,8.006666667,10.0,8.333333333,4.5,5.5,,,,Fase 2 (5° e 6° ano),0.0,,,,,0,0.44982853232314135,44.98
RA-539,2023,FASE 2,2F,Aluno-539,2011.0,2011-08-09,,Feminino,2022.0,Pública,,,,,Ametista,,Ametista,7.796866667,7.665,,,,,,3.0,9.5,8.6,2.52,8.5,8.84,5.0,9.166666667,7.2,9.7,,,,Fase 3 (7° e 8° ano),-1.0,,,,,1,0.6089827638314967,60.9
RA-540,2023,FASE 2,2F,Aluno-540,2012.0,2012-03-06,,Feminino,2019.0,Pública,,,Topázio,Topázio,Ametista,,Topázio,8.216033333,7.303,,,,,,3.0,8.5,8.8,5.0,7.1,8.95,10.0,8.958333333,6.5,7.7,,,,Fase 2 (5° e 6° ano),0.0,,,,,1,0.5415431443943955,54.15
RA-574,2023,FASE 2,2F,Aluno-574,2012.0,2012-10-02,,Masculino,2022.0,Pública,,,,,Ágata,,Ametista,7.878133333,6.86,,,,,,3.0,6.9,8.2,5.0,8.1,8.173333333,10.0,7.916666667,7.7,8.5,,,,Fase 2 (5° e 6° ano),0.0,,,,,1,0.595284057308637,59.53
RA-369,2023,FASE 2,2F,Aluno-369,2011.0,2011-10-03,,Masculino,2022.0,Pública,,,,,Ágata,,Agata,6.0197,6.973,,,,,,3.0,10.0,4.1,5.0,4.0,7.726666667,5.0,8.541666667,5.0,3.0,,,,Fase 3 (7° e 8° ano),-1.0,,,,,1,0.7380302856159642,73.8
RA-375,2023,FASE 2,2F,Aluno-375,2011.0,2011-06-21,12.0,Masculino,2019.0,Pública,,,Topázio,Topázio,Ametista,,Ametista,7.070833333,7.831,,,,,,3.0,0.0,9.9,5.0,7.9,8.283333333,5.0,8.541666667,6.8,9.0,,,,Fase 3 (7° e 8° ano),-1.0,,,,,1,0.5927483676770023,59.27
RA-376,2023,FASE 2,2F,Aluno-376,2010.0,2010-08-01,,Feminino,2019.0,Pública,,,Ametista,Ágata,Ágata,,Ametista,7.1392,6.957,,,,,,3.0,8.5,9.6,2.52,5.9,8.226666667,5.0,7.916666667,4.3,7.5,,,,Fase 3 (7° e 8° ano),-1.0,,,,,1,0.7112955194350553,71.13
RA-535,2023,FASE 2,2G,Aluno-535,2012.0,2012-09-02,,Feminino,2019.0,Pública,,,Topázio,Ametista,Ágata,,Topázio,8.0027,6.953,,,,,,3.0,9.0,9.4,5.0,5.6,8.95,10.0,8.125,4.7,6.5,,,,Fase 2 (5° e 6° ano),0.0,,,,,1,0.501086265217857,50.11
RA-547,2023,FASE 2,2G,Aluno-547,2011.0,2011-06-24,12.0,Feminino,2019.0,Pública,,,Ágata,Ágata,Ametista,,Agata,6.467,7.745,,,,,,3.0,0.0,9.1,2.52,6.2,8.95,5.0,8.75,5.0,7.3,,,,Fase 3 (7° e 8° ano),-1.0,,,,,1,0.5637459428491876,56.37
RA-548,2023,FASE 2,2G,Aluno-548,2010.0,2010-11-15,12.0,Masculino,2019.0,Pública,,,Ametista,Ametista,Ametista,,Ametista,7.4322,7.292,,,,,,3.0,9.0,9.1,2.52,7.4,8.283333333,5.0,8.333333333,6.2,8.5,,,,Fase 3 (7° e 8° ano),-1.0,,,,,1,0.6822487170919956,68.22
RA-538,2023,FASE 2,2G,Aluno-538,2009.0,2009-11-23,13.0,Masculino,2022.0,Pública,,,,,Ágata,,Agata,6.413466667,6.309,,,,,,3.0,7.4,8.6,2.52,4.7,7.39,5.0,7.916666667,3.5,5.8,,,,Fase 3 (7° e 8° ano),-1.0,,,,,1,0.7184804176598588,71.85
RA-365,2023,FASE 2,2G,Aluno-365,2012.0,2012-11-19,10.0,Feminino,2022.0,Pública,,,,,Topázio,,Topázio,8.6587,8.063,,,,,,3.0,10.0,9.9,2.52,8.7,8.953333333,10.0,8.958333333,8.2,9.2,,,,Fase 2 (5° e 6° ano),0.0,,,,,0,0.35258634191412214,35.26
RA-559,2023,FASE 2,2G,Aluno-559,2011.0,2011-08-04,,Masculino,2021.0,Pública,,,,Ametista,Ametista,,Ametista,7.947366667,7.634,,,,,,3.0,10.0,9.4,5.0,7.4,8.506666667,5.0,8.958333333,6.5,8.2,,,,Fase 3 (7° e 8° ano),-1.0,,,,,1,0.6434775268323364,64.35
RA-1104,2023,FASE 2,2G,Aluno-1104,2010.0,2010-10-23,13.0,Feminino,2023.0,Pública,,,,,,,Ametista,7.265533333,,,,,,,3.0,5.7,10.0,2.52,6.4,9.063333333,5.0,8.541666667,5.5,7.3,,,,Fase 3 (7° e 8° ano),-1.0,,,,,1,0.6751967696534268,67.52
RA-563,2023,FASE 2,2G,Aluno-563,2011.0,2011-11-29,11.0,Feminino,2020.0,Pública,,,Topázio,Ametista,Topázio,,Ametista,7.684133333,8.22,,,,,,3.0,6.4,9.7,2.52,6.2,8.726666667,10.0,8.75,6.0,6.3,,,,Fase 2 (5° e 6° ano),0.0,,,,,0,0.14327126160220727,14.33
RA-573,2023,FASE 2,2G,Aluno-573,2011.0,2011-04-08,,Masculino,2020.0,Pública,,,Ametista,Topázio,Topázio,,Ametista,7.774366667,8.261,,,,,,3.0,9.5,9.8,5.0,6.6,8.45,5.0,8.541666667,5.7,7.5,,,,Fase 3 (7° e 8° ano),-1.0,,,,,0,0.4018086497694309,40.18
RA-551,2023,FASE 2,2G,Aluno-551,2010.0,2010-05-12,,Feminino,2018.0,Pública,,,Ametista,Ametista,Ágata,,Ametista,7.075033333,6.853,,,,,,3.0,10.0,8.6,2.52,5.4,8.393333333,5.0,8.541666667,4.5,6.2,,,,Fase 3 (7° e 8° ano),-1.0,,,,,1,0.6557024976970404,65.57
RA-566,2023,FASE 2,2G,Aluno-566,2010.0,2010-11-25,12.0,Feminino,2022.0,Pública,,,,,Ametista,,Ametista,7.7227,7.729,,,,,,3.0,9.0,8.8,2.52,8.4,8.673333333,5.0,8.958333333,8.8,8.0,,,,Fase 3 (7° e 8° ano),-1.0,,,,,1,0.7226660024600049,72.27
RA-555,2023,FASE 2,2G,Aluno-555,2010.0,2010-11-05,,Masculino,2019.0,Pública,,,Ametista,Ametista,Quartzo,,Quartzo,5.898133333,5.949,,,,,,3.0,7.4,8.1,2.52,3.9,6.946666667,5.0,6.25,1.5,6.2,,,,Fase 3 (7° e 8° ano),-1.0,,,,,1,0.9113624373634459,91.14
RA-373,2023,FASE 2,2G,Aluno-373,2011.0,2011-10-10,,Masculino,2022.0,Pública,,,,,Ametista,,Agata,6.805,7.503,,,,,,3.0,0.0,9.7,2.52,8.4,7.84,5.0,8.75,7.7,9.0,,,,Fase 3 (7° e 8° ano),-1.0,,,,,1,0.6650883865321399,66.51
RA-1105,2023,FASE 2,2G,Aluno-1105,2010.0,2010-08-26,13.0,Feminino,2023.0,Pública,,,,,,,Agata,6.299166667,,,,,,,3.0,0.0,9.0,2.52,6.0,8.673333333,5.0,8.125,5.0,7.0,,,,Fase 3 (7° e 8° ano),-1.0,,,,,1,0.6823215496628535,68.23
RA-546,2023,FASE 2,2H,Aluno-546,2011.0,2011-04-06,,Feminino,2021.0,Pública,,,,Quartzo,Ágata,,Agata,6.031666667,6.77,,,,,,3.0,0.0,7.2,2.52,5.7,9.173333333,5.0,8.75,3.5,7.8,,,,Fase 3 (7° e 8° ano),-1.0,,,,,1,0.7802588752207475,78.03
RA-557,2023,FASE 2,2H,Aluno-557,2012.0,2012-12-01,,Masculino,2019.0,Pública,,,Ametista,Topázio,Topázio,,Topázio,8.7717,8.334,,,,,,3.0,10.0,8.2,5.0,8.9,9.62,10.0,9.375,8.0,9.7,,,,Fase 2 (5° e 6° ano),0.0,,,,,0,0.3592175914357889,35.92
RA-1106,2023,FASE 2,2H,Aluno-1106,2011.0,2011-05-19,12.0,Masculino,2023.0,Pública,,,,,,,Ametista,7.1642,,,,,,,3.0,8.5,9.3,5.0,5.1,8.003333333,5.0,8.333333333,5.2,5.0,,,,Fase 3 (7° e 8° ano),-1.0,,,,,1,0.6201067478744344,62.01
RA-558,2023,FASE 2,2H,Aluno-558,2008.0,2008-02-09,,Masculino,2022.0,Pública,,,,,Quartzo,,Agata,6.615333333,5.539,,,,,,3.0,7.8,9.4,5.0,6.0,6.78,2.5,6.458333333,5.7,6.3,,,,Fase 5 (1° EM),-3.0,,,,,1,0.9046844753898924,90.47
RA-560,2023,FASE 2,2H,Aluno-560,2011.0,2011-06-06,,Masculino,2020.0,Pública,,,Ágata,Quartzo,Quartzo,,Quartzo,4.932,4.949,,,,,,3.0,0.0,8.4,2.52,4.0,6.0,5.0,5.0,2.3,5.7,,,,Fase 3 (7° e 8° ano),-1.0,,,,,1,0.9165888448920982,91.66
RA-1107,2023,FASE 2,2H,Aluno-1107,2010.0,2010-12-20,12.0,Feminino,2023.0,Pública,,,,,,,Ametista,7.9327,,,,,,,3.0,9.0,9.4,5.0,7.5,8.783333333,5.0,8.958333333,8.0,7.0,,,,Fase 3 (7° e 8° ano),-1.0,,,,,1,0.6443977203413713,64.44
RA-1108,2023,FASE 2,2H,Aluno-1108,2010.0,2010-12-16,12.0,Masculino,2023.0,Pública,,,,,,,Agata,6.310833333,,,,,,,3.0,0.0,9.3,5.0,4.7,8.283333333,5.0,8.541666667,3.7,5.7,,,,Fase 3 (7° e 8° ano),-1.0,,,,,1,0.5773608961711039,57.74
RA-542,2023,FASE 2,2H,Aluno-542,2011.0,2011-09-20,12.0,Feminino,2019.0,Pública,,,Ametista,Ágata,Ametista,,Ametista,7.816533333,7.221,,,,,,3.0,9.5,9.7,5.0,6.3,9.006666667,5.0,8.75,5.2,7.3,,,,Fase 3 (7° e 8° ano),-1.0,,,,,1,0.6721568680991516,67.22
RA-543,2023,FASE 2,2H,Aluno-543,2012.0,2012-08-31,11.0,Feminino,2022.0,Pública,,,,,Ametista,,Ametista,7.971833333,7.05,,,,,,3.0,7.8,9.8,2.52,6.5,9.006666667,10.0,8.75,5.5,7.5,,,,Fase 2 (5° e 6° ano),0.0,,,,,0,0.41652270444977835,41.65
RA-556,2023,FASE 2,2H,Aluno-556,2011.0,2011-02-05,,Feminino,2018.0,Pública,,,Topázio,Ametista,Ametista,,Ametista,7.7482,7.181,,,,,,3.0,8.5,9.6,2.52,7.2,9.396666667,5.0,9.166666667,6.5,7.8,,,,Fase 3 (7° e 8° ano),-1.0,,,,,1,0.6939445337094903,69.39
RA-1109,2023,FASE 2,2H,Aluno-1109,2009.0,2009-03-18,14.0,Masculino,2023.0,Pública,,,,,,,Agata,6.277533333,,,,,,,3.0,10.0,6.4,5.0,3.4,7.836666667,5.0,7.5,3.5,3.3,,,,Fase 4 (9° ano),-2.0,,,,,1,0.7441581887014468,74.42
RA-389,2023,FASE 2,2H,Aluno-389,2011.0,2011-12-01,,Masculino,2019.0,Pública,,,Ametista,Ágata,Ametista,,Agata,6.687,7.184,,,,,,3.0,0.0,8.2,2.52,8.2,8.95,5.0,8.75,6.8,9.5,,,,Fase 3 (7° e 8° ano),-1.0,,,,,1,0.7342398305662176,73.42
RA-1110,2023,FASE 2,2H,Aluno-1110,2011.0,2011-05-30,12.0,Feminino,2023.0,Pública,,,,,,,Ametista,7.248566667,,,,,,,3.0,4.6,9.2,5.0,6.8,8.73,5.0,8.541666667,6.5,7.0,,,,Fase 3 (7° e 8° ano),-1.0,,,,,1,0.6266347872421815,62.66
RA-568,2023,FASE 2,2I,Aluno-568,2008.0,2008-08-05,,Masculino,2018.0,Pública,,,Ametista,Ametista,Ametista,,Agata,6.9647,7.306,,,,,,3.0,7.0,7.9,5.0,7.6,8.01,2.5,8.125,8.5,6.7,,,,Fase 5 (1° EM),-3.0,,,,,1,0.7006280700798232,70.06
RA-562,2023,FASE 2,2I,Aluno-562,2011.0,2011-07-27,12.0,Feminino,2021.0,Pública,,,,Ametista,Ametista,,Agata,6.824833333,7.855,,,,,,3.0,0.0,8.5,2.52,8.7,8.893333333,5.0,8.541666667,7.7,9.7,,,,Fase 3 (7° e 8° ano),-1.0,,,,,1,0.5883933235892315,58.84
RA-1111,2023,FASE 2,2I,Aluno-1111,2012.0,2012-09-07,,Feminino,2023.0,Pública,,,,,,,Agata,6.559166667,,,,,,,3.0,0.0,8.9,2.52,5.4,8.173333333,10.0,8.125,4.8,6.0,,,,Fase 2 (5° e 6° ano),0.0,,,,,1,0.6077699908044941,60.78
RA-1112,2023,FASE 2,2I,Aluno-1112,2011.0,2011-06-28,12.0,Masculino,2023.0,Pública,,,,,,,Ametista,7.088866667,,,,,,,3.0,9.5,7.9,2.52,6.3,8.616666667,5.0,8.333333333,5.2,7.3,,,,Fase 3 (7° e 8° ano),-1.0,,,,,1,0.6618320987553545,66.18
RA-525,2023,FASE 2,2I,Aluno-525,2011.0,2011-09-05,,Feminino,2021.0,Pública,,,,Ágata,Ametista,,Ametista,7.911366667,8.013,,,,,,3.0,8.0,8.6,2.52,9.2,9.566666667,5.0,8.958333333,8.8,9.5,,,,Fase 3 (7° e 8° ano),-1.0,,,,,0,0.4134785310375172,41.35
RA-357,2023,FASE 2,2I,Aluno-357,2010.0,2010-05-30,13.0,Masculino,2022.0,Pública,,,,,Ametista,,Topázio,8.2832,7.836,,,,,,3.0,8.5,9.6,7.52,8.7,8.23,5.0,8.75,8.7,8.7,,,,Fase 3 (7° e 8° ano),-1.0,,,,,1,0.7504110098975865,75.04
RA-583,2023,FASE 2,2I,Aluno-583,2010.0,2010-12-10,,Feminino,2019.0,Pública,,,Ametista,Ametista,Ametista,,Ametista,7.838866667,7.456,,,,,,3.0,9.0,9.4,7.52,6.3,8.616666667,5.0,8.333333333,5.5,7.0,,,,Fase 3 (7° e 8° ano),-1.0,,,,,1,0.5071098570916125,50.71
RA-584,2023,FASE 2,2I,Aluno-584,2012.0,2012-03-13,11.0,Feminino,2019.0,Pública,,,Topázio,Ametista,Ágata,,Ametista,7.697533333,6.714,,,,,,3.0,9.5,9.0,2.52,5.8,8.56,10.0,8.333333333,5.0,6.5,,,,Fase 2 (5° e 6° ano),0.0,,,,,0,0.45114301787775807,45.11
RA-586,2023,FASE 2,2K,Aluno-586,2012.0,2012-11-18,10.0,Feminino,2021.0,Privada - Programa de Apadrinhamento,,,,Topázio,Ametista,,Topázio,8.4242,7.988,,,,,,3.0,8.0,10.0,2.52,8.4,9.343333333,10.0,8.333333333,7.5,9.2,,,,Fase 2 (5° e 6° ano),0.0,,,,,0,0.20539929650267158,20.54
RA-1113,2023,FASE 2,2K,Aluno-1113,2011.0,2011-10-06,,Masculino,2023.0,Pública,,,,,,,Quartzo,5.636666667,,,,,,,3.0,0.0,6.0,7.52,5.0,7.173333333,5.0,7.5,5.0,5.0,,,,Fase 3 (7° e 8° ano),-1.0,,,,,1,0.6374566153499358,63.75
RA-413,2023,FASE 2,2K,Aluno-413,2010.0,2010-08-13,13.0,Feminino,2022.0,Pública,,,,,Ágata,,Agata,6.803633333,6.408,,,,,,3.0,7.9,8.9,2.52,6.3,7.503333333,5.0,7.291666667,5.8,6.7,,,,Fase 3 (7° e 8° ano),-1.0,,,,,1,0.76726788232395,76.73
RA-599,2023,FASE 2,2K,Aluno-599,2012.0,2012-10-31,10.0,Masculino,2022.0,Pública,,,,,Topázio,,Topázio,8.532866667,8.2,,,,,,3.0,10.0,9.5,2.52,8.5,9.286666667,10.0,8.333333333,8.2,8.7,,,,Fase 2 (5° e 6° ano),0.0,,,,,1,0.5211547768961821,52.12
RA-1114,2023,FASE 2,2K,Aluno-1114,2011.0,2011-11-14,11.0,Feminino,2023.0,Pública,,,,,,,Ametista,7.5667,,,,,,,3.0,8.5,9.8,2.52,4.9,8.56,10.0,8.125,4.3,5.5,,,,Fase 2 (5° e 6° ano),0.0,,,,,0,0.4414152399471003,44.14
RA-401,2023,FASE 2,2K,Aluno-401,2010.0,2010-10-28,12.0,Feminino,2021.0,Pública,,,,Quartzo,Ágata,,Agata,6.363666667,6.645,,,,,,3.0,4.0,8.1,2.52,7.3,7.116666667,5.0,7.083333333,6.3,8.3,,,,Fase 3 (7° e 8° ano),-1.0,,,,,1,0.7742325007829777,77.42
RA-1115,2023,FASE 2,2K,Aluno-1115,2012.0,2012-10-10,,Feminino,2023.0,Pública,,,,,,,Agata,6.474,,,,,,,3.0,0.0,8.3,7.52,4.0,7.56,10.0,7.5,6.0,2.0,,,,Fase 2 (5° e 6° ano),0.0,,,,,0,0.44623688729057,44.62
RA-1116,2023,FASE 2,2K,Aluno-1116,2009.0,2009-10-27,13.0,Masculino,2023.0,Pública,,,,,,,Agata,6.956533333,,,,,,,3.0,9.5,9.2,5.0,4.9,7.39,5.0,7.083333333,3.8,6.0,,,,Fase 3 (7° e 8° ano),-1.0,,,,,1,0.6962414251267718,69.62
RA-604,2023,FASE 2,2K,Aluno-604,2012.0,2012-05-10,,Feminino,2021.0,Pública,,,,Ametista,Ametista,,Topázio,8.548033333,8.018,,,,,,3.0,9.0,9.3,7.52,7.5,8.616666667,10.0,8.125,6.0,9.0,,,,Fase 2 (5° e 6° ano),0.0,,,,,0,0.2843057753636652,28.43
RA-605,2023,FASE 2,2K,Aluno-605,2010.0,2010-11-29,12.0,Feminino,2021.0,Pública,,,,Ametista,Ametista,,Ametista,7.709366667,7.276,,,,,,3.0,9.0,9.5,7.52,6.8,7.84,5.0,7.291666667,4.8,8.8,,,,Fase 3 (7° e 8° ano),-1.0,,,,,1,0.7736742957123645,77.37
RA-668,2023,FASE 2,2K,Aluno-668,2011.0,2011-03-18,12.0,Masculino,2022.0,Pública,,,,,Quartzo,,Agata,6.017933333,4.365,,,,,,3.0,6.3,6.3,7.52,3.4,7.616666667,5.0,6.875,2.7,4.0,,,,Fase 3 (7° e 8° ano),-1.0,,,,,1,0.8845858063440147,88.46
RA-1117,2023,FASE 2,2K,Aluno-1117,2012.0,2012-04-10,,Feminino,2023.0,Pública,,,,,,,Topázio,8.382366667,,,,,,,3.0,9.0,9.6,7.52,7.3,7.946666667,10.0,7.708333333,6.0,8.5,,,,Fase 2 (5° e 6° ano),0.0,,,,,1,0.5782747393092471,57.83
RA-1118,2023,FASE 2,2K,Aluno-1118,2010.0,2010-04-11,,Feminino,2023.0,Pública,,,,,,,Ametista,7.163833333,,,,,,,3.0,5.3,8.8,7.52,6.0,8.28,5.0,7.708333333,4.8,7.2,,,,Fase 3 (7° e 8° ano),-1.0,,,,,1,0.7128286151548417,71.28
RA-610,2023,FASE 2,2K,Aluno-610,2013.0,2013-05-01,,Feminino,2022.0,Pública,,,,,Topázio,,Topázio,8.2857,8.18,,,,,,3.0,10.0,10.0,2.52,7.0,8.896666667,10.0,8.541666667,6.3,7.7,,,,Fase 2 (5° e 6° ano),0.0,,,,,0,0.2584564658948959,25.85
RA-409,2023,FASE 2,2K,Aluno-409,2011.0,2011-04-07,,Feminino,2022.0,Pública,,,,,Topázio,,Ametista,7.621466667,8.15,,,,,,3.0,8.4,9.5,2.52,8.0,8.73,5.0,7.916666667,6.2,9.7,,,,Fase 3 (7° e 8° ano),-1.0,,,,,0,0.3296232827650039,32.96
RA-466,2023,FASE 2,2L,Aluno-466,2009.0,2009-10-22,14.0,Masculino,2022.0,Pública,,,,,Ágata,,Agata,6.595533333,6.826,,,,,,3.0,9.5,7.6,6.89,4.5,7.056666667,5.0,6.25,2.5,6.5,,,,Fase 4 (9° ano),-2.0,,,,,1,0.7912244923012891,79.12
RA-760,2023,FASE 2,2L,Aluno-760,2011.0,2011-11-01,,Masculino,2021.0,Pública,,,,Ametista,Topázio,,Agata,6.548333333,8.172,,,,,,3.0,0.0,8.8,7.52,6.3,7.84,5.0,7.083333333,5.8,6.8,,,,Fase 3 (7° e 8° ano),-1.0,,,,,0,0.4983299482091563,49.83
RA-404,2023,FASE 2,2L,Aluno-404,2010.0,2010-10-09,,Feminino,2020.0,Pública,,,Ametista,Ágata,Ágata,,Agata,6.7093,6.658,,,,,,3.0,7.9,8.3,5.02,6.0,6.89,5.0,6.875,4.7,7.2,,,,Fase 3 (7° e 8° ano),-1.0,,,,,1,0.8550477407437631,85.5
RA-590,2023,FASE 2,2L,Aluno-590,2012.0,2012-05-29,11.0,Feminino,2020.0,Privada,,,Ametista,Ágata,Ametista,,Ametista,7.647666667,7.435,,,,,,3.0,6.3,9.7,3.77,6.5,8.34,10.0,7.291666667,5.7,7.3,,,,Fase 2 (5° e 6° ano),0.0,,,,,0,0.44578092047825635,44.58
RA-469,2023,FASE 2,2L,Aluno-469,2011.0,2011-07-10,,Feminino,2022.0,Pública,,,,,Ametista,,Ametista,7.482533333,7.624,,,,,,3.0,7.5,9.3,2.52,7.8,8.843333333,5.0,7.916666667,6.8,8.8,,,,Fase 3 (7° e 8° ano),-1.0,,,,,1,0.6573563634127685,65.74
RA-1119,2023,FASE 2,2L,Aluno-1119,2010.0,2010-04-29,13.0,Feminino,2023.0,Pública,,,,,,,Ametista,7.192,,,,,,,3.0,7.3,9.7,3.77,5.9,8.453333333,5.0,7.708333333,3.0,8.8,,,,Fase 3 (7° e 8° ano),-1.0,,,,,1,0.67263321363684,67.26
RA-1120,2023,FASE 2,2L,Aluno-1120,2012.0,2012-03-30,11.0,Feminino,2023.0,Pública,,,,,,,Topázio,9.103366667,,,,,,,3.0,9.5,9.6,7.52,8.3,9.676666667,10.0,8.958333333,7.3,9.2,,,,Fase 2 (5° e 6° ano),0.0,,,,,0,0.3897601318792072,38.98
RA-472,2023,FASE 2,2L,Aluno-472,2010.0,2010-08-09,,Feminino,2022.0,Pública,,,,,Quartzo,,Agata,6.6858,5.93,,,,,,3.0,5.1,7.1,7.52,5.5,8.223333333,5.0,7.708333333,3.7,7.2,,,,Fase 3 (7° e 8° ano),-1.0,,,,,1,0.8463008790870771,84.63
RA-1121,2023,FASE 2,2L,Aluno-1121,2012.0,2012-08-01,,Masculino,2023.0,Pública,,,,,,,Topázio,8.049,,,,,,,3.0,0.0,9.9,6.26,8.0,9.84,10.0,8.75,6.5,9.5,,,,Fase 2 (5° e 6° ano),0.0,,,,,1,0.5052254361791211,50.52
RA-1122,2023,FASE 2,2L,Aluno-1122,2012.0,2012-09-30,11.0,Masculino,2023.0,Pública,,,,,,,Ametista,7.3715,,,,,,,3.0,0.0,9.3,6.89,6.9,8.616666667,10.0,7.291666667,5.2,8.5,,,,Fase 2 (5° e 6° ano),0.0,,,,,0,0.44017101339958775,44.02
RA-438,2023,FASE 2,2L,Aluno-438,2012.0,2012-11-03,,Masculino,2022.0,Pública,,,,,Ametista,,Agata,6.9883,7.764,,,,,,3.0,6.9,7.5,6.26,5.4,7.223333333,10.0,6.458333333,3.5,7.3,,,,Fase 2 (5° e 6° ano),0.0,,,,,0,0.47721719384309075,47.72
RA-408,2023,FASE 2,2L,Aluno-408,2010.0,2010-08-29,13.0,Feminino,2022.0,Pública,,,,,Ágata,,Ametista,7.242133333,6.725,,,,,,3.0,7.9,8.5,3.77,6.8,8.45,5.0,8.333333333,6.0,7.5,,,,Fase 3 (7° e 8° ano),-1.0,,,,,1,0.7056728298482003,70.57
RA-1123,2023,FASE 2,2L,Aluno-1123,2010.0,2010-05-12,,Masculino,2023.0,Pública,,,,,,,Agata,6.9565,,,,,,,3.0,7.3,8.9,7.52,5.3,7.113333333,5.0,7.083333333,3.8,6.8,,,,Fase 3 (7° e 8° ano),-1.0,,,,,1,0.7102277222582747,71.02
RA-1124,2023,FASE 2,2M,Aluno-1124,2009.0,2009-10-20,14.0,Feminino,2023.0,Pública,,,,,,,Agata,6.667866667,,,,,,,3.0,9.5,8.0,7.52,3.0,7.786666667,5.0,7.083333333,1.0,5.0,,,,Fase 4 (9° ano),-2.0,,,,,1,0.6426168656516702,64.26
RA-623,2023,FASE 2,2M,Aluno-623,2009.0,2009-09-25,14.0,Masculino,2022.0,Pública,,,,,Ametista,,Ametista,7.8307,7.524,,,,,,3.0,10.0,9.5,7.52,7.3,7.446666667,5.0,7.291666667,5.8,8.8,,,,Fase 4 (9° ano),-2.0,,,,,1,0.6668493023739905,66.68
RA-661,2023,FASE 2,2M,Aluno-661,2011.0,2011-02-11,,Masculino,2022.0,Pública,,,,,Ametista,,Agata,6.846333333,7.593,,,,,,3.0,0.0,7.7,6.89,6.5,7.836666667,10.0,7.5,4.3,8.7,,,,Fase 2 (5° e 6° ano),0.0,,,,,1,0.6164634014706728,61.65
RA-626,2023,FASE 2,2M,Aluno-626,2011.0,2011-06-27,12.0,Masculino,2021.0,Pública,,,,Ágata,Quartzo,,Ametista,7.231033333,5.818,,,,,,3.0,9.0,9.2,4.39,6.5,7.613333333,5.0,7.291666667,4.7,8.3,,,,Fase 3 (7° e 8° ano),-1.0,,,,,1,0.7899640707296601,79.0
RA-433,2023,FASE 2,2M,Aluno-433,2010.0,2010-10-10,,Masculino,2022.0,Pública,,,,,Quartzo,,Agata,6.5982,5.557,,,,,,3.0,8.5,7.2,7.52,4.8,7.613333333,5.0,5.833333333,1.8,7.7,,,,Fase 3 (7° e 8° ano),-1.0,,,,,1,0.865617860790205,86.56
RA-614,2023,FASE 2,2M,Aluno-614,2010.0,2010-06-13,13.0,Masculino,2021.0,Pública,,,,Topázio,Topázio,,Topázio,8.2282,8.339,,,,,,3.0,9.0,9.1,7.52,8.6,8.563333333,5.0,8.333333333,8.8,8.3,,,,Fase 3 (7° e 8° ano),-1.0,,,,,1,0.5286264320551135,52.86
RA-434,2023,FASE 2,2M,Aluno-434,2011.0,2011-01-19,12.0,Masculino,2022.0,Pública,,,,,Ametista,,Ametista,7.069766667,7.403,,,,,,3.0,6.3,8.0,7.52,6.6,7.613333333,5.0,7.5,5.2,8.0,,,,Fase 3 (7° e 8° ano),-1.0,,,,,1,0.6277927112356748,62.78
RA-603,2023,FASE 2,2M,Aluno-603,2011.0,2011-11-25,11.0,Masculino,2022.0,Pública,,,,,Ametista,,Agata,6.748833333,7.78,,,,,,3.0,0.0,8.9,2.52,7.0,7.78,10.0,7.708333333,5.7,8.2,,,,Fase 2 (5° e 6° ano),0.0,,,,,0,0.374424261807216,37.44
RA-436,2023,FASE 2,2M,Aluno-436,2011.0,2011-01-15,12.0,Masculino,2022.0,Pública,,,,,Ágata,,Quartzo,5.322366667,6.687,,,,,,3.0,7.5,4.7,2.52,3.4,7.613333333,5.0,6.875,3.7,3.0,,,,Fase 3 (7° e 8° ano),-1.0,,,,,1,0.8121545063353366,81.22
RA-616,2023,FASE 2,2M,Aluno-616,2010.0,2010-09-08,,Masculino,2019.0,Pública,,,Ágata,Ametista,Ametista,,Quartzo,5.612,7.303,,,,,,3.0,0.0,6.6,5.02,6.8,6.783333333,5.0,5.833333333,5.5,8.0,,,,Fase 3 (7° e 8° ano),-1.0,,,,,1,0.8099444282409363,80.99
RA-437,2023,FASE 2,2M,Aluno-437,2009.0,2009-02-10,,Masculino,2022.0,Pública,,,,,Ágata,,Agata,6.947366667,6.875,,,,,,3.0,8.0,8.4,7.52,4.7,7.78,5.0,7.291666667,2.5,6.8,,,,Fase 4 (9° ano),-2.0,,,,,1,0.7677911635932243,76.78
RA-1125,2023,FASE 2,2M,Aluno-1125,2012.0,2012-03-03,,Feminino,2023.0,Pública,,,,,,,Agata,6.655366667,,,,,,,3.0,4.7,7.9,7.52,4.0,6.95,10.0,6.666666667,1.0,7.0,,,,Fase 2 (5° e 6° ano),0.0,,,,,1,0.5497876761525086,54.98
RA-619,2023,FASE 2,2M,Aluno-619,2011.0,2011-12-22,11.0,Feminino,2021.0,Pública,,,,Ametista,Ametista,,Ametista,7.891366667,7.693,,,,,,3.0,9.0,7.1,3.77,9.0,8.116666667,10.0,7.708333333,8.5,9.5,,,,Fase 2 (5° e 6° ano),0.0,,,,,1,0.6981512618946936,69.82
RA-620,2023,FASE 2,2M,Aluno-620,2010.0,2010-07-22,13.0,Masculino,2021.0,Pública,,,,Ametista,Ágata,,Ametista,7.043666667,6.018,,,,,,3.0,6.8,8.4,7.52,6.2,7.503333333,5.0,6.875,5.2,7.2,,,,Fase 3 (7° e 8° ano),-1.0,,,,,1,0.8713769788470703,87.14
RA-1126,2023,FASE 2,2M,Aluno-1126,2011.0,2011-05-18,12.0,Feminino,2023.0,Pública,,,,,,,#DIV/0!,,,,,,,,3.0,0.0,5.2,3.77,,7.06,5.0,7.291666667,,,,,,Fase 3 (7° e 8° ano),-1.0,,,,,1,0.7081343274125811,70.81
RA-1127,2023,FASE 2,2N,Aluno-1127,2012.0,2012-07-03,,Feminino,2023.0,Pública,,,,,,,Topázio,8.3167,,,,,,,3.0,8.5,9.9,5.02,6.9,9.01,10.0,8.125,5.0,8.7,,,,Fase 2 (5° e 6° ano),0.0,,,,,1,0.5380434721206264,53.8
RA-1128,2023,FASE 2,2N,Aluno-1128,2011.0,2011-02-15,12.0,Masculino,2023.0,Pública,,,,,,,Agata,6.404533333,,,,,,,3.0,9.5,7.3,5.02,3.5,7.503333333,5.0,7.916666667,3.0,4.0,,,,Fase 3 (7° e 8° ano),-1.0,,,,,1,0.6450002357273682,64.5
RA-1129,2023,FASE 2,2N,Aluno-1129,2012.0,2012-01-31,11.0,Masculino,2023.0,Pública,,,,,,,Ametista,7.309333333,,,,,,,3.0,0.0,9.2,6.27,7.8,7.503333333,10.0,7.916666667,6.8,8.7,,,,Fase 2 (5° e 6° ano),0.0,,,,,0,0.41100662871288973,41.1
RA-1130,2023,FASE 2,2N,Aluno-1130,2012.0,2012-03-21,11.0,Masculino,2023.0,Pública,,,,,,,Topázio,8.0037,,,,,,,3.0,8.5,8.4,7.52,7.3,7.503333333,10.0,7.708333333,6.3,8.2,,,,Fase 2 (5° e 6° ano),0.0,,,,,1,0.5182318057158609,51.82
RA-1131,2023,FASE 2,2N,Aluno-1131,2011.0,2011-04-19,12.0,Feminino,2023.0,Pública,,,,,,,Topázio,8.316133333,,,,,,,3.0,7.9,9.9,5.02,9.1,9.286666667,5.0,8.75,8.3,9.8,,,,Fase 3 (7° e 8° ano),-1.0,,,,,0,0.44360383967634065,44.36
RA-1132,2023,FASE 2,2N,Aluno-1132,2011.0,2011-01-28,12.0,Masculino,2023.0,Pública,,,,,,,Agata,6.829533333,,,,,,,3.0,10.0,6.3,6.27,5.8,7.503333333,5.0,7.916666667,5.2,6.3,,,,Fase 3 (7° e 8° ano),-1.0,,,,,1,0.6174459040439121,61.74
RA-1133,2023,FASE 2,2N,Aluno-1133,2013.0,2013-02-19,10.0,Feminino,2023.0,Pública,,,,,,,Topázio,8.600033333,,,,,,,3.0,9.5,10.0,6.27,6.5,9.343333333,10.0,8.541666667,5.0,8.0,,,,Fase 2 (5° e 6° ano),0.0,,,,,0,0.3429762342401365,34.3
RA-1134,2023,FASE 2,2N,Aluno-1134,2011.0,2011-11-28,11.0,Masculino,2023.0,Pública,,,,,,,Ametista,7.769866667,,,,,,,3.0,8.0,9.7,3.76,6.8,7.56,10.0,7.916666667,5.5,8.0,,,,Fase 2 (5° e 6° ano),0.0,,,,,0,0.4651690855457082,46.52
RA-618,2023,FASE 2,2N,Aluno-618,2009.0,2009-06-02,,Masculino,2020.0,Pública,,,Ametista,Ametista,Ametista,,Agata,6.4745,7.18,,,,,,3.0,0.0,9.2,5.02,6.2,7.95,5.0,8.125,4.5,7.8,,,,Fase 4 (9° ano),-2.0,,,,,1,0.6785644371420929,67.86
RA-631,2023,FASE 2,2N,Aluno-631,2010.0,2010-08-28,13.0,Masculino,2022.0,Pública,,,,,Ágata,,Quartzo,5.954666667,6.928,,,,,,3.0,0.0,6.4,6.27,7.0,6.78,5.0,7.916666667,6.0,8.0,,,,Fase 3 (7° e 8° ano),-1.0,,,,,1,0.7677447561781361,76.77
RA-646,2023,FASE 2,2P,Aluno-646,2009.0,2009-12-19,13.0,Masculino,2019.0,Pública,,,Ametista,Ametista,Topázio,,Topázio,8.3547,8.181,,,,,,3.0,10.0,8.9,7.52,8.4,8.783333333,5.0,8.958333333,8.2,8.5,,,,Fase 3 (7° e 8° ano),-1.0,,,,,1,0.6960443071520769,69.6
RA-451,2023,FASE 2,2P,Aluno-451,2009.0,2009-07-27,14.0,Feminino,2019.0,Pública,,,Ametista,Quartzo,Ágata,,Topázio,8.386033333,6.434,,,,,,3.0,8.5,9.5,4.39,8.9,9.896666667,5.0,9.375,7.8,10.0,,,,Fase 4 (9° ano),-2.0,,,,,1,0.6977381657756154,69.77
RA-1135,2023,FASE 2,2P,Aluno-1135,2011.0,2011-11-18,11.0,Masculino,2023.0,Pública,,,,,,,Ametista,7.453833333,,,,,,,3.0,0.0,9.4,7.52,7.2,7.896666667,10.0,8.125,4.8,9.5,,,,Fase 2 (5° e 6° ano),0.0,,,,,0,0.3789867467739855,37.9
RA-649,2023,FASE 2,2P,Aluno-649,2010.0,2010-08-07,,Feminino,2019.0,Pública,,,Ágata,Ametista,Ametista,,Ametista,7.579533333,7.302,,,,,,3.0,9.0,9.3,3.77,6.5,8.836666667,5.0,8.75,3.8,9.2,,,,Fase 3 (7° e 8° ano),-1.0,,,,,1,0.6500773056917791,65.01
RA-651,2023,FASE 2,2P,Aluno-651,2012.0,2012-08-10,,Feminino,2022.0,Pública,,,,,Ametista,,Ametista,7.332,7.866,,,,,,3.0,0.0,8.2,3.77,9.3,7.95,10.0,8.75,9.8,8.7,,,,Fase 2 (5° e 6° ano),0.0,,,,,1,0.5415830809085516,54.16
RA-1136,2023,FASE 2,2P,Aluno-1136,2009.0,2009-11-23,13.0,Feminino,2023.0,Pública,,,,,,,Agata,6.7351,,,,,,,3.0,6.8,8.1,2.52,6.6,7.723333333,5.0,8.333333333,4.8,8.3,,,,Fase 3 (7° e 8° ano),-1.0,,,,,1,0.6770545470519687,67.71
RA-653,2023,FASE 2,2P,Aluno-653,2011.0,2011-03-29,12.0,Feminino,2022.0,Pública,,,,,Topázio,,Ametista,7.385666667,8.101,,,,,,3.0,0.0,9.8,6.27,7.9,9.06,5.0,9.166666667,7.7,8.0,,,,Fase 3 (7° e 8° ano),-1.0,,,,,0,0.4506584630752466,45.07
RA-456,2023,FASE 2,2P,Aluno-456,2010.0,2010-11-20,12.0,Feminino,2022.0,Pública,,,,,Ametista,,Ametista,7.518,7.193,,,,,,3.0,0.0,8.3,4.39,9.9,9.953333333,5.0,9.583333333,9.7,10.0,,,,Fase 3 (7° e 8° ano),-1.0,,,,,1,0.596112875572545,59.61
RA-655,2023,FASE 2,2P,Aluno-655,2010.0,2010-09-23,13.0,Feminino,2019.0,Pública,,,Ametista,Ametista,Ametista,,Topázio,8.3198,7.785,,,,,,3.0,7.4,9.9,7.52,8.3,8.896666667,5.0,9.166666667,7.2,9.3,,,,Fase 3 (7° e 8° ano),-1.0,,,,,1,0.6997282747398882,69.97
RA-656,2023,FASE 2,2P,Aluno-656,2011.0,2011-06-22,12.0,Feminino,2020.0,Pública,,,Topázio,Ametista,Ágata,,Agata,6.780833333,6.652,,,,,,3.0,0.0,8.9,7.52,7.3,7.173333333,5.0,8.541666667,5.8,8.8,,,,Fase 3 (7° e 8° ano),-1.0,,,,,1,0.6705821173135464,67.06
RA-657,2023,FASE 2,2P,Aluno-657,2010.0,2010-09-11,,Feminino,2021.0,Pública,,,,Ametista,Topázio,,Topázio,8.3532,8.093,,,,,,3.0,8.5,10.0,7.52,8.2,8.73,5.0,8.75,7.0,9.3,,,,Fase 3 (7° e 8° ano),-1.0,,,,,1,0.5153835426740335,51.54
RA-644,2023,FASE 2,2P,Aluno-644,2011.0,2011-04-10,,Feminino,2021.0,Pública,,,,Ametista,Ametista,,Agata,6.897033333,7.83,,,,,,3.0,10.0,5.6,7.52,5.9,7.503333333,5.0,8.541666667,4.0,7.7,,,,Fase 3 (7° e 8° ano),-1.0,,,,,0,0.4661963065842234,46.62
RA-461,2023,FASE 2,2P,Aluno-461,2010.0,2010-12-30,12.0,Feminino,2018.0,Pública,,,Ametista,Ametista,Quartzo,,Ametista,7.2379,5.451,,,,,,3.0,7.3,7.9,3.77,7.4,8.616666667,5.0,8.541666667,5.7,9.0,,,,Fase 3 (7° e 8° ano),-1.0,,,,,1,0.839936663393313,83.99
RA-632,2023,FASE 2,2R,Aluno-632,2012.0,2012-04-21,11.0,Feminino,2022.0,Pública,,,,,Ágata,,Ametista,7.8768,6.996,,,,,,3.0,4.7,9.1,5.64,7.4,8.563333333,10.0,8.333333333,6.8,8.0,,,,Fase 2 (5° e 6° ano),0.0,,,,,0,0.45967202598788787,45.97
RA-633,2023,FASE 2,2R,Aluno-633,2011.0,2011-03-06,,Feminino,2020.0,Pública,,,Ametista,Ágata,Ametista,,Agata,6.6552,7.476,,,,,,3.0,1.7,8.1,6.27,7.2,7.286666667,5.0,8.541666667,5.3,9.0,,,,Fase 3 (7° e 8° ano),-1.0,,,,,1,0.7189030414385533,71.89
RA-1137,2023,FASE 2,2R,Aluno-1137,2013.0,2013-02-27,10.0,Feminino,2023.0,Pública,,,,,,,Topázio,8.743366667,,,,,,,3.0,9.5,9.8,6.27,6.5,9.843333333,10.0,9.375,6.0,7.0,,,,Fase 2 (5° e 6° ano),0.0,,,,,0,0.41063862584829713,41.06
RA-1138,2023,FASE 2,2R,Aluno-1138,2011.0,2011-09-16,12.0,Feminino,2023.0,Pública,,,,,,,Topázio,8.3472,,,,,,,3.0,9.0,9.2,6.27,9.3,8.566666667,5.0,9.166666667,9.0,9.5,,,,Fase 3 (7° e 8° ano),-1.0,,,,,1,0.5557250740542509,55.57
RA-1139,2023,FASE 2,2R,Aluno-1139,2012.0,2012-09-16,11.0,Masculino,2023.0,Pública,,,,,,,Ametista,7.6647,,,,,,,3.0,8.5,9.1,5.64,5.3,7.79,10.0,8.125,6.3,4.3,,,,Fase 2 (5° e 6° ano),0.0,,,,,0,0.4450805370607614,44.51
RA-1140,2023,FASE 2,2R,Aluno-1140,2012.0,2012-08-28,11.0,Feminino,2023.0,Pública,,,,,,,Ametista,7.703533333,,,,,,,3.0,4.7,8.7,7.52,7.3,7.62,10.0,7.708333333,8.5,6.0,,,,Fase 2 (5° e 6° ano),0.0,,,,,0,0.4384621498898532,43.85
RA-445,2023,FASE 2,2R,Aluno-445,2010.0,2010-07-30,13.0,Masculino,2022.0,Pública,,,,,Ágata,,Ametista,7.9087,6.924,,,,,,3.0,8.0,8.8,6.89,8.4,8.176666667,5.0,8.541666667,7.7,9.0,,,,Fase 3 (7° e 8° ano),-1.0,,,,,1,0.6448122165972727,64.48
RA-1141,2023,FASE 2,2R,Aluno-1141,2011.0,2011-06-27,12.0,Feminino,2023.0,Pública,,,,,,,Ametista,7.2757,,,,,,,3.0,9.0,8.8,7.52,5.9,7.113333333,5.0,7.708333333,5.5,6.2,,,,Fase 3 (7° e 8° ano),-1.0,,,,,1,0.6567253772572395,65.67
RA-639,2023,FASE 2,2R,Aluno-639,2012.0,2012-02-24,11.0,Feminino,2021.0,Pública,,,,Ametista,Ágata,,Ametista,7.5853,6.613,,,,,,3.0,7.4,8.1,6.27,6.3,7.62,10.0,8.125,4.8,7.8,,,,Fase 2 (5° e 6° ano),0.0,,,,,1,0.5769108389465977,57.69
RA-1142,2023,FASE 2,2R,Aluno-1142,2012.0,2012-05-28,11.0,Feminino,2023.0,Pública,,,,,,,Topázio,9.175033333,,,,,,,3.0,9.0,10.0,7.52,10.0,8.343333333,10.0,8.541666667,10.0,10.0,,,,Fase 2 (5° e 6° ano),0.0,,,,,0,0.31681879852005457,31.68
RA-642,2023,FASE 2,2R,Aluno-642,2012.0,2012-02-01,,Feminino,2021.0,Pública,,,,Topázio,Ametista,,Topázio,8.416866667,7.75,,,,,,3.0,9.5,9.2,6.27,6.5,9.173333333,10.0,8.75,5.7,7.2,,,,Fase 2 (5° e 6° ano),0.0,,,,,0,0.39049213745638617,39.05
RA-658,2023,FASE 2,2U,Aluno-658,2012.0,2012-10-27,10.0,Feminino,2022.0,Pública,,,,,Ametista,,Topázio,8.438533333,7.407,,,,,,3.0,9.5,9.5,7.52,6.1,9.173333333,10.0,7.916666667,5.3,6.8,,,,Fase 2 (5° e 6° ano),0.0,,,,,1,0.522322342771475,52.23
RA-588,2023,FASE 2,2U,Aluno-588,2013.0,2013-05-16,10.0,Feminino,2021.0,Privada - Programa de Apadrinhamento,,,,Topázio,Topázio,,Topázio,8.3527,8.622,,,,,,3.0,8.0,9.6,2.52,7.8,9.673333333,10.0,8.958333333,7.5,8.0,,,,Fase 2 (5° e 6° ano),0.0,,,,,0,0.20776490083131965,20.78
RA-662,2023,FASE 2,2U,Aluno-662,2011.0,2011-09-30,12.0,Feminino,2022.0,Pública,,,,,Ametista,,Agata,6.733566667,7.044,,,,,,3.0,6.8,7.6,6.27,6.7,6.72,5.0,7.291666667,4.3,9.0,,,,Fase 3 (7° e 8° ano),-1.0,,,,,1,0.8007053652046691,80.07
RA-403,2023,FASE 2,2U,Aluno-403,2010.0,2010-02-07,,Masculino,2020.0,Pública,,,Ametista,Ametista,Ametista,,Ametista,7.716366667,7.455,,,,,,3.0,8.5,8.8,6.27,7.8,8.45,5.0,7.291666667,6.8,8.8,,,,Fase 3 (7° e 8° ano),-1.0,,,,,1,0.7606526573328357,76.07
RA-591,2023,FASE 2,2U,Aluno-591,2011.0,2011-03-09,,Masculino,2021.0,Pública,,,,Ametista,Ametista,,Ametista,7.1472,7.507,,,,,,3.0,9.0,8.5,6.27,6.9,7.333333333,5.0,5.833333333,6.2,7.5,,,,Fase 3 (7° e 8° ano),-1.0,,,,,1,0.7833864729916045,78.34
RA-592,2023,FASE 2,2U,Aluno-592,2012.0,2012-09-21,11.0,Feminino,2020.0,Privada,,,Ametista,Ametista,Ametista,,Ametista,7.935466667,7.381,,,,,,3.0,6.2,9.2,3.77,7.6,8.95,10.0,7.916666667,5.5,9.7,,,,Fase 2 (5° e 6° ano),0.0,,,,,0,0.39279746728542364,39.28
RA-602,2023,FASE 2,2U,Aluno-602,2011.0,2011-02-25,12.0,Masculino,2019.0,Pública,,,Ametista,Ametista,Ametista,,Topázio,8.5592,8.041,,,,,,3.0,10.0,9.6,7.52,8.1,9.51,5.0,8.75,7.3,8.8,,,,Fase 3 (7° e 8° ano),-1.0,,,,,1,0.6347389184531845,63.47
RA-666,2023,FASE 2,2U,Aluno-666,2012.0,2012-09-05,,Masculino,2022.0,Pública,,,,,Ametista,,Topázio,8.720366667,7.929,,,,,,3.0,9.5,9.1,7.52,7.1,9.62,10.0,8.541666667,6.7,7.5,,,,Fase 2 (5° e 6° ano),0.0,,,,,0,0.3692217116873073,36.92
RA-667,2023,FASE 2,2U,Aluno-667,2011.0,2011-04-22,12.0,Masculino,2021.0,Pública,,,,Ametista,Quartzo,,Agata,6.774866667,5.844,,,,,,3.0,9.0,6.9,6.89,5.2,7.836666667,5.0,7.083333333,3.0,7.3,,,,Fase 3 (7° e 8° ano),-1.0,,,,,1,0.8674709233993835,86.75
RA-422,2023,FASE 2,2U,Aluno-422,2010.0,2010-10-01,,Masculino,2022.0,Pública,,,,,Ágata,,Quartzo,5.57,6.746,,,,,,3.0,0.0,7.8,7.52,4.4,6.106666667,5.0,6.666666667,3.0,5.7,,,,Fase 3 (7° e 8° ano),-1.0,,,,,1,0.8060635577328793,80.61
RA-595,2023,FASE 2,2U,Aluno-595,2010.0,2010-04-04,,Masculino,2018.0,Pública,,,Ágata,Ametista,Quartzo,,Quartzo,5.078666667,5.18,,,,,,3.0,0.0,7.0,7.52,3.3,5.55,5.0,6.666666667,3.2,3.3,,,,Fase 3 (7° e 8° ano),-1.0,,,,,1,0.8801964630882709,88.02
RA-423,2023,FASE 2,2U,Aluno-423,2010.0,2010-09-22,13.0,Feminino,2022.0,Pública,,,,,Ágata,,Agata,6.607533333,6.647,,,,,,3.0,8.0,8.7,6.89,3.4,7.45,5.0,7.083333333,2.3,4.5,,,,Fase 3 (7° e 8° ano),-1.0,,,,,1,0.6461014978975961,64.61
RA-669,2023,FASE 2,2U,Aluno-669,2011.0,2011-11-20,11.0,Masculino,2022.0,Pública,,,,,Ametista,,Ametista,7.345033333,7.475,,,,,,3.0,8.5,7.8,7.52,5.0,7.06,10.0,7.708333333,3.3,6.7,,,,Fase 2 (5° e 6° ano),0.0,,,,,1,0.5137756539451286,51.38
RA-670,2023,FASE 2,2U,Aluno-670,2012.0,2012-05-09,,Feminino,2022.0,Pública,,,,,Ametista,,Topázio,8.6067,7.451,,,,,,3.0,9.5,8.7,7.52,7.0,9.343333333,10.0,8.958333333,5.8,8.2,,,,Fase 2 (5° e 6° ano),0.0,,,,,1,0.5083684623433805,50.84
RA-609,2023,FASE 2,2U,Aluno-609,2011.0,2011-03-01,,Masculino,2019.0,Pública,,,Ametista,Ágata,Ágata,,Agata,6.463033333,6.794,,,,,,3.0,9.5,6.4,7.52,5.3,6.216666667,5.0,6.875,3.2,7.3,,,,Fase 3 (7° e 8° ano),-1.0,,,,,1,0.6930280642118738,69.3
RA-326,2023,FASE 3,3A,Aluno-326,2010.0,2010-07-21,13.0,Feminino,2022.0,Privada,,,,,Topázio,,Topázio,8.65075,8.22,,,,,,4.0,9.6,9.4,3.14,8.2,9.76,10.0,9.0625,8.3,7.5,8.8,,,Fase 3 (7° e 8° ano),0.0,,,,,0,0.18799950393110854,18.8
RA-179,2023,FASE 3,3A,Aluno-179,2010.0,2010-11-24,12.0,Masculino,2022.0,Pública,,,,,Ametista,,Topázio,8.437641667,7.993,,,,,,4.0,8.8,9.4,7.52,6.4,8.9225,10.0,8.59375,8.7,6.3,4.3,,,Fase 3 (7° e 8° ano),0.0,,,,,0,0.22625467704120097,22.63
RA-1143,2023,FASE 3,3A,Aluno-1143,2008.0,2008-04-30,15.0,Feminino,2023.0,Pública,,,,,,,Agata,6.445933333,,,,,,,4.0,8.8,7.0,6.26,5.3,6.2075,5.0,7.5,6.0,6.3,3.5,,,Fase 5 (1° EM),-2.0,,,,,1,0.6499784993544828,65.0
RA-330,2023,FASE 3,3A,Aluno-330,2008.0,2008-05-03,,Feminino,2018.0,Pública,,,Ágata,Ágata,Ágata,,Agata,6.084875,6.446,,,,,,4.0,9.6,7.2,6.89,3.3,5.8275,5.0,6.71875,3.8,3.8,2.3,,,Fase 5 (1° EM),-2.0,,,,,1,0.7404423136776218,74.04
RA-332,2023,FASE 3,3A,Aluno-332,2009.0,2009-06-05,,Masculino,2017.0,Privada - Programa de Apadrinhamento,,,Ametista,Ametista,Ametista,,Topázio,8.002591667,7.883,,,,,,4.0,9.2,8.4,8.76,6.8,9.175,5.0,8.28125,6.3,7.7,6.5,,,Fase 4 (9° ano),-1.0,,,,,1,0.5482374125647469,54.82
RA-199,2023,FASE 3,3A,Aluno-199,2009.0,2009-11-01,,Masculino,2022.0,Privada,,,,,Ametista,,Ametista,7.892341667,7.564,,,,,,4.0,9.2,7.6,7.51,8.5,8.505,5.0,7.96875,8.2,8.2,9.2,,,Fase 4 (9° ano),-1.0,,,,,1,0.6385865828855121,63.86
RA-1144,2023,FASE 3,3B,Aluno-1144,2010.0,2010-10-25,13.0,Feminino,2023.0,Pública,,,,,,,Ametista,7.410625,,,,,,,4.0,0.0,9.4,5.02,8.0,8.0025,10.0,8.28125,7.0,8.2,8.8,,,Fase 3 (7° e 8° ano),0.0,,,,,0,0.4035239162685271,40.35
RA-352,2023,FASE 3,3B,Aluno-352,2011.0,2011-03-26,12.0,Masculino,2019.0,Pública,,,Ametista,Ametista,Ametista,,Ametista,7.840341667,7.834,,,,,,4.0,9.2,8.1,6.26,7.2,7.17,10.0,7.96875,8.2,6.0,7.5,,,Fase 3 (7° e 8° ano),0.0,,,,,0,0.3249780893849275,32.5
RA-1145,2023,FASE 3,3B,Aluno-1145,2012.0,2012-01-31,11.0,Feminino,2023.0,Pública,,,,,,,Ametista,7.484375,,,,,,,4.0,0.0,9.5,4.39,7.8,8.63,10.0,8.59375,7.7,7.7,8.0,,,Fase 2 (5° e 6° ano),1.0,,,,,0,0.3169982928360185,31.7
RA-1146,2023,FASE 3,3B,Aluno-1146,2008.0,2008-11-20,14.0,Feminino,2023.0,Pública,,,,,,,Agata,6.689583333,,,,,,,4.0,9.6,8.8,6.26,3.7,6.965,5.0,7.1875,5.0,3.3,2.7,,,Fase 4 (9° ano),-1.0,,,,,1,0.5792146875239732,57.92
RA-331,2023,FASE 3,3B,Aluno-331,2010.0,2010-04-22,13.0,Feminino,2019.0,Pública,,,Ametista,Ametista,Ágata,,Ametista,7.039791667,6.636,,,,,,4.0,9.6,8.6,2.52,5.2,6.7975,10.0,7.03125,5.7,4.8,5.2,,,Fase 3 (7° e 8° ano),0.0,,,,,0,0.33886255481882477,33.89
RA-227,2023,FASE 3,3B,Aluno-227,2010.0,2010-10-12,,Masculino,2022.0,Pública,,,,,Ágata,,Ametista,7.722125,6.471,,,,,,4.0,9.6,7.5,5.63,6.9,7.4625,10.0,8.28125,7.2,6.5,7.0,,,Fase 3 (7° e 8° ano),0.0,,,,,1,0.7044314339978724,70.44
RA-247,2023,FASE 3,3B,Aluno-247,2009.0,2009-11-25,13.0,Feminino,2021.0,Pública,,,,Ágata,Ametista,,Ametista,7.221958333,7.72,,,,,,4.0,0.0,8.5,7.52,7.2,7.5425,10.0,8.28125,6.5,6.7,8.3,,,Fase 3 (7° e 8° ano),0.0,,,,,0,0.20508235971264624,20.51
RA-343,2023,FASE 3,3B,Aluno-343,2008.0,2008-03-07,,Masculino,2020.0,Pública,,,Ametista,Quartzo,Ágata,,Agata,6.779591667,6.9,,,,,,4.0,9.2,7.2,6.26,5.7,6.9225,5.0,7.65625,4.5,6.7,6.0,,,Fase 5 (1° EM),-2.0,,,,,1,0.6544255315821692,65.44
RA-1147,2023,FASE 3,3B,Aluno-1147,2009.0,2009-04-07,,Feminino,2023.0,Pública,,,,,,,Ametista,7.072983333,,,,,,,4.0,8.3,8.3,6.26,6.7,7.0075,5.0,7.1875,5.0,7.5,7.5,,,Fase 4 (9° ano),-1.0,,,,,1,0.5776256769687272,57.76
RA-345,2023,FASE 3,3B,Aluno-345,2009.0,2009-03-04,,Masculino,2021.0,Pública,,,,Ametista,Quartzo,,Agata,6.534766667,5.75,,,,,,4.0,8.8,6.8,6.26,4.6,7.1725,5.0,8.125,5.7,5.7,2.5,,,Fase 4 (9° ano),-1.0,,,,,1,0.7146120698271605,71.46
RA-336,2023,FASE 3,3B,Aluno-336,2009.0,2009-08-28,14.0,Masculino,2016.0,Pública,,,Ametista,Ágata,Ágata,,Quartzo,5.887708333,6.787,,,,,,4.0,0.0,7.5,6.89,5.1,7.255,5.0,7.34375,6.7,5.2,3.3,,,Fase 4 (9° ano),-1.0,,,,,1,0.5243489121849878,52.43
RA-346,2023,FASE 3,3B,Aluno-346,2012.0,2012-12-03,,Masculino,2022.0,Pública,,,,,Topázio,,Ametista,7.305541667,8.143,,,,,,4.0,0.0,9.4,8.14,6.2,7.84,10.0,7.96875,6.7,5.5,6.5,,,Fase 2 (5° e 6° ano),1.0,,,,,0,0.22201807759353007,22.2
RA-1148,2023,FASE 3,3B,Aluno-1148,2011.0,2011-11-26,11.0,Feminino,2023.0,Pública,,,,,,,Ametista,7.227866667,,,,,,,4.0,7.9,8.6,3.77,5.7,7.2125,10.0,7.5,5.7,5.3,6.2,,,Fase 2 (5° e 6° ano),1.0,,,,,0,0.3980611398690582,39.81
RA-1149,2023,FASE 3,3C,Aluno-1149,2009.0,2009-09-06,,Feminino,2023.0,Pública,,,,,,,Ametista,7.410108333,,,,,,,4.0,8.3,9.8,2.52,7.2,8.1725,5.0,7.96875,6.0,6.8,8.7,,,Fase 4 (9° ano),-1.0,,,,,0,0.45868750451267104,45.87
RA-1150,2023,FASE 3,3C,Aluno-1150,2007.0,2007-10-15,16.0,Masculino,2023.0,Pública,,,,,,,Ametista,7.076008333,,,,,,,4.0,9.2,9.8,2.52,6.7,7.835,2.5,7.96875,7.0,6.5,6.5,,,Fase 6 (2° EM),-3.0,,,,,1,0.5825435538776583,58.25
RA-1151,2023,FASE 3,3C,Aluno-1151,2011.0,2011-04-03,,Feminino,2023.0,Pública,,,,,,,Ametista,7.829958333,,,,,,,4.0,7.5,9.5,2.52,8.3,7.545,10.0,7.65625,7.3,8.8,8.7,,,Fase 3 (7° e 8° ano),0.0,,,,,0,0.3347183037730014,33.47
RA-356,2023,FASE 3,3C,Aluno-356,2010.0,2010-08-07,,Masculino,2019.0,Pública,,,Topázio,Topázio,Ágata,,Agata,6.452008333,6.69,,,,,,4.0,9.2,8.5,2.52,3.4,6.5025,10.0,6.09375,4.3,4.5,1.3,,,Fase 3 (7° e 8° ano),0.0,,,,,0,0.39257935976296443,39.26
RA-1152,2023,FASE 3,3C,Aluno-1152,2009.0,2009-03-08,,Masculino,2023.0,Pública,,,,,,,Agata,6.544916667,,,,,,,4.0,0.0,9.4,5.0,6.8,7.585,5.0,7.8125,6.7,6.0,7.8,,,Fase 4 (9° ano),-1.0,,,,,0,0.4739204184573952,47.39
RA-221,2023,FASE 3,3C,Aluno-221,2008.0,2008-06-15,15.0,Masculino,2022.0,Pública,,,,,Ágata,,Agata,6.959916667,6.892,,,,,,4.0,9.6,9.0,5.0,5.0,7.38,5.0,7.1875,5.5,4.8,4.8,,,Fase 5 (1° EM),-2.0,,,,,1,0.7929471056315281,79.29
RA-359,2023,FASE 3,3C,Aluno-359,2010.0,2010-08-21,13.0,Feminino,2019.0,Pública,,,Ametista,Ágata,Ágata,,Ametista,7.627125,6.606,,,,,,4.0,9.6,9.2,2.52,5.8,8.255,10.0,7.65625,6.0,6.7,4.7,,,Fase 3 (7° e 8° ano),0.0,,,,,1,0.5081818166413974,50.82
RA-360,2023,FASE 3,3C,Aluno-360,2010.0,2010-04-17,13.0,Feminino,2019.0,Pública,,,Ametista,Ágata,Ametista,,Quartzo,5.790875,7.075,,,,,,4.0,0.0,7.3,2.52,4.3,7.4225,10.0,7.34375,5.3,4.8,2.8,,,Fase 3 (7° e 8° ano),0.0,,,,,0,0.2699162584635314,26.99
RA-338,2023,FASE 3,3D,Aluno-338,2010.0,2010-04-08,,Masculino,2019.0,Pública,,,Ametista,Ametista,Ágata,,Topázio,8.287441667,6.837,,,,,,4.0,8.3,9.1,7.52,6.7,8.38,10.0,8.59375,8.7,7.0,4.5,,,Fase 3 (7° e 8° ano),0.0,,,,,0,0.36673573815038263,36.67
RA-339,2023,FASE 3,3D,Aluno-339,2011.0,2011-01-06,,Feminino,2019.0,Pública,,,Topázio,Ametista,Topázio,,Ametista,7.377583333,8.488,,,,,,4.0,0.0,8.9,7.52,7.1,8.255,10.0,7.8125,7.7,5.7,7.8,,,Fase 3 (7° e 8° ano),0.0,,,,,0,0.15196962661707822,15.2
RA-353,2023,FASE 3,3D,Aluno-353,2011.0,2011-09-27,12.0,Feminino,2022.0,Pública,,,,,Topázio,,Topázio,8.309016667,8.264,,,,,,4.0,8.8,9.9,2.52,8.4,8.67,10.0,7.8125,8.5,7.3,9.5,,,Fase 3 (7° e 8° ano),0.0,,,,,0,0.1590523843610794,15.91
RA-1153,2023,FASE 3,3D,Aluno-1153,2009.0,2009-06-24,14.0,Feminino,2023.0,Pública,,,,,,,Ametista,7.968658333,,,,,,,4.0,7.9,10.0,7.52,7.2,8.63,5.0,7.65625,6.7,7.8,7.0,,,Fase 4 (9° ano),-1.0,,,,,1,0.5552028078327234,55.52
RA-183,2023,FASE 3,3D,Aluno-183,2009.0,2009-08-15,14.0,Feminino,2022.0,Pública,,,,,Ametista,,Ametista,7.586241667,7.3,,,,,,4.0,7.9,9.7,2.52,7.7,8.795,5.0,7.96875,7.0,8.0,8.2,,,Fase 4 (9° ano),-1.0,,,,,0,0.4880600826401061,48.81
RA-342,2023,FASE 3,3D,Aluno-342,2008.0,2008-07-21,15.0,Feminino,2021.0,Pública,,,,Quartzo,Ágata,,Ametista,7.539875,6.941,,,,,,4.0,7.5,8.6,7.52,6.6,8.505,5.0,7.96875,6.3,7.8,5.7,,,Fase 5 (1° EM),-2.0,,,,,1,0.5558404738062809,55.58
RA-187,2023,FASE 3,3D,Aluno-187,2010.0,2010-06-28,13.0,Feminino,2019.0,Privada - Programa de Apadrinhamento,,,Ametista,Topázio,Ametista,,Ametista,7.809875,7.928,,,,,,4.0,7.5,9.9,2.52,6.9,8.255,10.0,7.96875,7.3,8.7,4.7,,,Fase 3 (7° e 8° ano),0.0,,,,,0,0.16701722511297806,16.7
RA-190,2023,FASE 3,3D,Aluno-190,2009.0,2009-03-22,14.0,Feminino,2022.0,Pública,,,,,Ametista,,Agata,6.934158333,7.335,,,,,,4.0,7.9,9.5,2.52,5.7,7.9575,5.0,7.65625,5.8,5.2,6.0,,,Fase 4 (9° ano),-1.0,,,,,1,0.5608283637845555,56.08
RA-347,2023,FASE 3,3D,Aluno-347,2010.0,2010-07-13,13.0,Feminino,2019.0,Pública,,,Topázio,Ametista,Ametista,,Ametista,7.61835,7.908,,,,,,4.0,6.7,9.5,2.52,7.3,7.7925,10.0,7.8125,6.7,6.2,9.0,,,Fase 3 (7° e 8° ano),0.0,,,,,0,0.15898501350225558,15.9
RA-234,2023,FASE 3,3D,Aluno-234,2009.0,2009-12-23,13.0,Masculino,2022.0,Pública,,,,,Ágata,,Agata,6.248741667,6.719,,,,,,4.0,6.7,8.0,2.52,5.6,5.595,10.0,4.84375,6.3,5.3,5.3,,,Fase 3 (7° e 8° ano),0.0,,,,,1,0.5551398673669822,55.51
RA-1154,2023,FASE 3,3F,Aluno-1154,2010.0,2010-05-23,13.0,Masculino,2023.0,Pública,,,,,,,Ametista,7.701125,,,,,,,4.0,9.6,9.3,5.63,5.1,7.67,10.0,7.65625,5.3,5.0,5.0,,,Fase 3 (7° e 8° ano),0.0,,,,,0,0.4733626769933384,47.34
RA-249,2023,FASE 3,3F,Aluno-249,2008.0,2008-08-05,,Masculino,2017.0,Pública,,,Ágata,Ágata,Quartzo,,Quartzo,5.444625,5.097,,,,,,4.0,0.0,8.2,5.0,4.9,6.545,5.0,5.15625,6.2,5.3,3.2,,,Fase 5 (1° EM),-2.0,,,,,1,0.8634076554241672,86.34
RA-380,2023,FASE 3,3F,Aluno-380,2009.0,2009-04-24,14.0,Masculino,2017.0,Pública,,,Ametista,Quartzo,Quartzo,,Quartzo,4.912375,4.556,,,,,,4.0,0.0,6.4,2.52,4.5,6.5425,5.0,6.71875,7.0,4.0,2.5,,,Fase 4 (9° ano),-1.0,,,,,1,0.8077938500675549,80.78
RA-250,2023,FASE 3,3F,Aluno-250,2010.0,2010-05-30,13.0,Feminino,2022.0,Pública,,,,,Ametista,,Ametista,7.598208333,7.958,,,,,,4.0,0.0,9.3,5.63,8.3,8.625,10.0,7.96875,7.7,8.8,8.3,,,Fase 3 (7° e 8° ano),0.0,,,,,0,0.29867132508158084,29.87
RA-367,2023,FASE 3,3F,Aluno-367,2010.0,2010-12-27,12.0,Feminino,2018.0,Pública,,,Topázio,Ametista,Ágata,,Ametista,7.38685,6.95,,,,,,4.0,8.8,8.7,2.52,5.9,7.7925,10.0,7.8125,7.0,5.5,5.2,,,Fase 3 (7° e 8° ano),0.0,,,,,0,0.3628746946335113,36.29
RA-1155,2023,FASE 3,3F,Aluno-1155,2009.0,2009-02-18,14.0,Feminino,2023.0,Pública,,,,,,,Ametista,7.821633333,,,,,,,4.0,9.2,9.2,5.63,8.0,8.2925,5.0,7.5,6.7,8.2,9.0,,,Fase 4 (9° ano),-1.0,,,,,1,0.5585734289813075,55.86
RA-1156,2023,FASE 3,3F,Aluno-1156,2011.0,2011-05-19,12.0,Feminino,2023.0,Pública,,,,,,,Ametista,7.340775,,,,,,,4.0,8.3,9.2,2.52,5.3,7.7925,10.0,7.96875,6.2,6.0,3.7,,,Fase 3 (7° e 8° ano),0.0,,,,,0,0.34144335407489435,34.14
RA-368,2023,FASE 3,3F,Aluno-368,2009.0,2009-12-10,,Masculino,2018.0,Pública,,,Ametista,Ametista,Ágata,,Quartzo,5.796458333,6.969,,,,,,4.0,0.0,7.7,2.52,6.7,7.34,5.0,7.03125,5.0,7.2,7.8,,,Fase 4 (9° ano),-1.0,,,,,1,0.6753109301819679,67.53
RA-387,2023,FASE 3,3F,Aluno-387,2009.0,2009-07-20,14.0,Masculino,2019.0,Pública,,,Ágata,Ágata,Ágata,,Quartzo,4.794333333,6.323,,,,,,4.0,0.0,6.8,2.52,3.0,7.0075,5.0,6.875,4.3,2.8,1.8,,,Fase 4 (9° ano),-1.0,,,,,1,0.8731913947962391,87.32
RA-388,2023,FASE 3,3F,Aluno-388,2008.0,2008-07-14,15.0,Feminino,2019.0,Pública,,,Ágata,Ágata,Ágata,,Quartzo,5.630833333,6.654,,,,,,4.0,0.0,7.4,5.63,4.2,7.835,5.0,6.875,6.0,4.3,2.2,,,Fase 5 (1° EM),-2.0,,,,,1,0.7833708680385146,78.34
RA-374,2023,FASE 3,3F,Aluno-374,2010.0,2010-09-30,13.0,Feminino,2021.0,Privada,,,,Ágata,Ametista,,Ametista,7.533891667,7.747,,,,,,4.0,8.8,8.3,5.63,5.4,7.9175,10.0,7.65625,6.3,6.3,3.7,,,Fase 3 (7° e 8° ano),0.0,,,,,0,0.22420935066084552,22.42
RA-377,2023,FASE 3,3F,Aluno-377,2010.0,2010-02-25,13.0,Feminino,2021.0,Pública,,,,Quartzo,Ágata,,Ametista,7.205041667,6.743,,,,,,4.0,9.6,7.6,5.0,4.8,7.6275,10.0,7.34375,6.0,5.7,2.8,,,Fase 3 (7° e 8° ano),0.0,,,,,0,0.364790238284874,36.48
RA-223,2023,FASE 3,3G,Aluno-223,2009.0,2009-09-15,14.0,Feminino,2022.0,Pública,,,,,Quartzo,,Quartzo,5.089833333,4.966,,,,,,4.0,0.0,4.5,7.52,3.8,7.1725,5.0,7.5,5.5,4.0,1.8,,,Fase 4 (9° ano),-1.0,,,,,1,0.7644470119960615,76.44
RA-236,2023,FASE 3,3G,Aluno-236,2010.0,2010-06-21,13.0,Feminino,2022.0,Pública,,,,,Ametista,,Ametista,7.337116667,7.11,,,,,,4.0,10.0,7.5,7.52,4.5,7.2975,10.0,7.1875,6.3,4.0,3.3,,,Fase 3 (7° e 8° ano),0.0,,,,,0,0.2729505424404024,27.3
RA-362,2023,FASE 3,3G,Aluno-362,2010.0,2010-03-25,13.0,Feminino,2018.0,Pública,,,Ágata,Quartzo,Ametista,,Agata,6.392625,7.413,,,,,,4.0,0.0,7.5,7.52,5.1,7.0875,10.0,7.03125,5.7,6.8,2.8,,,Fase 3 (7° e 8° ano),0.0,,,,,0,0.3626159005630472,36.26
RA-381,2023,FASE 3,3G,Aluno-381,2009.0,2009-02-03,,Masculino,2018.0,Pública,,,Ágata,Ágata,Ágata,,Quartzo,5.758041667,6.454,,,,,,4.0,0.0,8.4,6.89,3.9,6.84,5.0,7.34375,5.3,5.3,1.2,,,Fase 4 (9° ano),-1.0,,,,,1,0.7997966006549494,79.98
RA-364,2023,FASE 3,3G,Aluno-364,2011.0,2011-02-10,,Masculino,2019.0,Pública,,,Ametista,Topázio,Topázio,,Ametista,7.734891667,8.75,,,,,,4.0,8.8,9.0,6.89,5.8,7.505,10.0,7.03125,8.0,5.2,4.3,,,Fase 3 (7° e 8° ano),0.0,,,,,0,0.17943668135754146,17.94
RA-382,2023,FASE 3,3G,Aluno-382,2008.0,2008-08-19,15.0,Masculino,2017.0,Pública,,,Ametista,Ágata,Ágata,,Agata,6.223833333,6.777,,,,,,4.0,0.0,9.4,6.26,5.2,7.1725,5.0,7.5,5.0,5.8,4.7,,,Fase 5 (1° EM),-2.0,,,,,1,0.784657640645669,78.47
RA-383,2023,FASE 3,3G,Aluno-383,2011.0,2011-01-20,12.0,Masculino,2019.0,Pública,,,Topázio,Ametista,Topázio,,Ametista,7.5408,8.4,,,,,,4.0,9.2,8.8,3.14,6.5,7.5,10.0,7.5,6.3,6.2,7.0,,,Fase 3 (7° e 8° ano),0.0,,,,,0,0.10346629937526933,10.35
RA-384,2023,FASE 3,3G,Aluno-384,2010.0,2010-09-02,,Feminino,2017.0,Pública,,,Ametista,Ametista,Ametista,,Agata,6.757958333,7.558,,,,,,4.0,0.0,9.1,2.52,7.3,7.335,10.0,7.65625,6.3,7.2,8.3,,,Fase 3 (7° e 8° ano),0.0,,,,,0,0.440514316279877,44.05
RA-1157,2023,FASE 3,3G,Aluno-1157,2009.0,2009-08-24,14.0,Masculino,2023.0,Pública,,,,,,,Ametista,7.086633333,,,,,,,4.0,9.2,8.8,6.26,5.7,7.0025,5.0,7.5,5.0,6.3,5.7,,,Fase 4 (9° ano),-1.0,,,,,1,0.6419311028522084,64.19
RA-386,2023,FASE 3,3G,Aluno-386,2009.0,2009-02-09,,Masculino,2019.0,Pública,,,Ágata,Ágata,Ágata,,Quartzo,5.758425,6.104,,,,,,4.0,9.2,7.0,2.52,3.3,6.6325,5.0,7.03125,5.0,3.7,1.2,,,Fase 4 (9° ano),-1.0,,,,,1,0.8239234088739109,82.39
RA-260,2023,FASE 3,3G,Aluno-260,2009.0,2009-05-11,,Feminino,2019.0,Pública,,,Topázio,Ametista,Ametista,,Topázio,8.080008333,7.44,,,,,,4.0,9.2,9.9,7.52,6.1,7.4175,10.0,7.34375,6.3,5.2,6.7,,,Fase 3 (7° e 8° ano),0.0,,,,,0,0.3548639705738166,35.49
RA-390,2023,FASE 3,3G,Aluno-390,2010.0,2010-10-11,,Feminino,2022.0,Pública,,,,,Ágata,,Agata,6.905741667,6.776,,,,,,4.0,7.9,8.8,2.52,4.8,7.005,10.0,7.34375,5.7,5.8,3.0,,,Fase 3 (7° e 8° ano),0.0,,,,,0,0.3629286625154776,36.29
RA-1158,2023,FASE 3,3G,Aluno-1158,2009.0,2009-01-23,14.0,Feminino,2023.0,Pública,,,,,,,Agata,6.306666667,,,,,,,4.0,7.5,8.6,2.52,4.3,7.34,5.0,7.5,5.3,5.0,2.7,,,Fase 4 (9° ano),-1.0,,,,,1,0.510287937815558,51.03
RA-391,2023,FASE 3,3I,Aluno-391,2010.0,2010-05-02,,Feminino,2022.0,Pública,,,,,Ametista,,Agata,6.5107,7.117,,,,,,4.0,7.9,7.5,2.52,3.5,7.585,10.0,7.5,4.2,5.0,1.3,,,Fase 3 (7° e 8° ano),0.0,,,,,0,0.26234898397597795,26.23
RA-1159,2023,FASE 3,3I,Aluno-1159,2010.0,2010-03-12,,Feminino,2023.0,Pública,,,,,,,Quartzo,5.913883333,,,,,,,4.0,5.8,6.6,2.52,3.1,7.1325,10.0,7.1875,5.2,1.5,2.5,,,Fase 3 (7° e 8° ano),0.0,,,,,0,0.44907363263486455,44.91
RA-392,2023,FASE 3,3I,Aluno-392,2008.0,2008-03-16,15.0,Masculino,2022.0,Pública,,,,,Ágata,,Agata,6.567208333,6.418,,,,,,4.0,9.6,9.5,2.52,4.6,7.17,5.0,6.09375,6.2,4.7,2.8,,,Fase 5 (1° EM),-2.0,,,,,1,0.8678557637343668,86.79
RA-1160,2023,FASE 3,3I,Aluno-1160,2010.0,2010-01-04,,Masculino,2023.0,Pública,,,,,,,Agata,6.636166667,,,,,,,4.0,9.6,8.7,2.52,2.7,7.2575,10.0,6.875,4.8,2.7,0.7,,,Fase 3 (7° e 8° ano),0.0,,,,,0,0.38545943562862656,38.55
RA-1161,2023,FASE 3,3I,Aluno-1161,2010.0,2010-04-07,,Feminino,2023.0,Pública,,,,,,,Ametista,7.317791667,,,,,,,4.0,6.3,8.1,2.52,6.3,8.63,10.0,8.28125,7.3,6.5,5.2,,,Fase 3 (7° e 8° ano),0.0,,,,,0,0.4262953349012756,42.63
RA-395,2023,FASE 3,3I,Aluno-395,2011.0,2011-03-19,12.0,Feminino,2018.0,Pública,,,Ametista,Topázio,Ametista,,Ametista,7.469175,7.683,,,,,,4.0,9.2,8.6,2.52,6.0,7.9175,10.0,7.96875,6.7,5.3,6.0,,,Fase 3 (7° e 8° ano),0.0,,,,,0,0.289034982650865,28.9
RA-450,2023,FASE 3,3K,Aluno-450,2009.0,2009-03-14,14.0,Masculino,2021.0,Pública,,,,Ágata,Ametista,,Agata,6.819625,7.843,,,,,,4.0,9.6,8.4,2.52,5.4,7.9175,5.0,7.65625,7.0,6.5,2.7,,,Fase 4 (9° ano),-1.0,,,,,0,0.48942869565212777,48.94
RA-463,2023,FASE 3,3K,Aluno-463,2010.0,2010-05-26,13.0,Feminino,2020.0,Pública,,,Quartzo,Quartzo,Ágata,,Agata,6.382383333,6.41,,,,,,4.0,9.2,5.4,2.52,4.0,7.795,10.0,7.8125,6.3,4.3,1.3,,,Fase 3 (7° e 8° ano),0.0,,,,,0,0.4081511530273479,40.82
RA-298,2023,FASE 3,3K,Aluno-298,2009.0,2009-05-29,14.0,Masculino,2019.0,Pública,,,Ametista,Ágata,Ágata,,Agata,6.824333333,6.409,,,,,,4.0,9.6,8.6,2.52,5.5,7.7525,5.0,7.5,7.7,4.5,4.2,,,Fase 4 (9° ano),-1.0,,,,,1,0.7099638077743711,71.0
RA-464,2023,FASE 3,3K,Aluno-464,2009.0,2009-12-09,,Feminino,2022.0,Pública,,,,,Ágata,,Agata,6.081675,6.745,,,,,,4.0,9.2,7.7,2.52,3.0,7.38,5.0,7.96875,4.8,3.7,0.5,,,Fase 4 (9° ano),-1.0,,,,,1,0.5945363644390834,59.45
RA-465,2023,FASE 3,3K,Aluno-465,2011.0,2011-07-06,,Masculino,2019.0,Pública,,,Topázio,Ametista,Ametista,,Topázio,8.012875,8.012,,,,,,4.0,7.5,9.4,2.52,8.5,8.17,10.0,7.96875,8.3,8.2,9.0,,,Fase 3 (7° e 8° ano),0.0,,,,,0,0.16093422640701488,16.09
RA-442,2023,FASE 3,3K,Aluno-442,2011.0,2011-02-01,,Feminino,2022.0,Pública,,,,,Topázio,,Agata,6.814166667,8.226,,,,,,4.0,0.0,7.6,7.52,5.8,8.1275,10.0,7.5,6.7,6.5,4.3,,,Fase 3 (7° e 8° ano),0.0,,,,,0,0.16080094868545372,16.08
RA-300,2023,FASE 3,3K,Aluno-300,2008.0,2008-03-19,15.0,Masculino,2022.0,Pública,,,,,Quartzo,,Quartzo,5.616691667,5.557,,,,,,4.0,5.0,7.5,2.52,4.5,6.5875,5.0,6.40625,4.5,5.3,3.8,,,Fase 5 (1° EM),-2.0,,,,,1,0.8971954997595762,89.72
RA-467,2023,FASE 3,3K,Aluno-467,2009.0,2009-09-06,,Feminino,2022.0,Pública,,,,,Ágata,,Agata,6.552916667,6.38,,,,,,4.0,6.3,9.2,3.14,5.2,7.5425,5.0,7.1875,6.0,6.0,3.7,,,Fase 4 (9° ano),-1.0,,,,,1,0.6950572797865964,69.51
RA-468,2023,FASE 3,3K,Aluno-468,2009.0,2009-02-05,,Masculino,2022.0,Pública,,,,,Ágata,,Quartzo,5.911108333,6.313,,,,,,4.0,8.3,6.0,6.27,3.4,6.715,5.0,7.34375,4.8,3.0,2.3,,,Fase 4 (9° ano),-1.0,,,,,1,0.8502562819031643,85.03
RA-1162,2023,FASE 3,3K,Aluno-1162,2009.0,2009-11-27,13.0,Feminino,2023.0,Pública,,,,,,,Ametista,7.44215,,,,,,,4.0,8.3,8.5,3.77,6.0,7.7525,10.0,7.8125,7.3,5.5,5.2,,,Fase 3 (7° e 8° ano),0.0,,,,,0,0.3435553744593183,34.36
RA-470,2023,FASE 3,3K,Aluno-470,2009.0,2009-08-19,14.0,Feminino,2019.0,Pública,,,Ametista,Ametista,Ametista,,Agata,6.993766667,7.378,,,,,,4.0,8.8,9.2,5.0,4.9,7.71,5.0,7.5,6.0,4.3,4.5,,,Fase 4 (9° ano),-1.0,,,,,1,0.5130023949805472,51.3
RA-474,2023,FASE 3,3K,Aluno-474,2009.0,2009-08-19,14.0,Masculino,2019.0,Pública,,,Ametista,Ametista,Ágata,,Quartzo,5.283583333,6.446,,,,,,4.0,0.0,7.8,5.0,3.3,6.7575,5.0,7.1875,4.8,3.8,1.2,,,Fase 4 (9° ano),-1.0,,,,,1,0.8545893604033988,85.46
RA-476,2023,FASE 3,3K,Aluno-476,2010.0,2010-07-23,13.0,Feminino,2019.0,Pública,,,Ágata,Ametista,Ágata,,Agata,6.492408333,6.931,,,,,,4.0,7.9,7.0,2.52,4.1,7.505,10.0,7.34375,5.0,4.5,2.7,,,Fase 3 (7° e 8° ano),0.0,,,,,0,0.23264796760696282,23.26
RA-478,2023,FASE 3,3K,Aluno-478,2010.0,2010-11-26,12.0,Feminino,2019.0,Pública,,,Ametista,Ametista,Ágata,,Agata,6.443616667,6.709,,,,,,4.0,6.7,7.3,2.52,4.4,7.2975,10.0,7.1875,4.3,4.7,4.3,,,Fase 3 (7° e 8° ano),0.0,,,,,0,0.3483126299333239,34.83
RA-410,2023,FASE 3,3K,Aluno-410,2008.0,2008-06-12,,Masculino,2018.0,Pública,,,Quartzo,Quartzo,Quartzo,,Agata,6.140808333,5.675,,,,,,4.0,8.8,5.8,7.52,4.9,6.0425,5.0,6.71875,5.0,4.8,4.8,,,Fase 4 (9° ano),-1.0,,,,,1,0.7821441578064825,78.21
RA-411,2023,FASE 3,3L,Aluno-411,2010.0,2010-05-13,13.0,Feminino,2019.0,Privada,,,Ametista,Ametista,Ametista,,Ametista,7.779983333,7.232,,,,,,4.0,6.2,9.0,7.52,6.6,7.5425,10.0,7.8125,5.7,6.7,7.3,,,Fase 3 (7° e 8° ano),0.0,,,,,0,0.2921579224063435,29.22
RA-412,2023,FASE 3,3L,Aluno-412,2010.0,2010-04-26,13.0,Feminino,2018.0,Pública,,,Ágata,Ágata,Ametista,,Ametista,7.373891667,7.556,,,,,,4.0,8.8,8.9,2.52,6.2,7.585,10.0,7.03125,5.8,5.2,7.7,,,Fase 3 (7° e 8° ano),0.0,,,,,0,0.2422985581358562,24.23
RA-400,2023,FASE 3,3L,Aluno-400,2008.0,2008-07-11,,Masculino,2018.0,Pública,,,Ágata,Quartzo,Ágata,,Agata,6.529425,6.042,,,,,,4.0,9.2,9.0,2.52,4.1,7.375,5.0,7.65625,4.8,4.7,2.8,,,Fase 4 (9° ano),-1.0,,,,,1,0.622199761830424,62.22
RA-414,2023,FASE 3,3L,Aluno-414,2010.0,2010-10-24,13.0,Feminino,2021.0,Pública,,,,Ágata,Ametista,,Ametista,7.25025,7.284,,,,,,4.0,0.0,9.5,7.52,6.5,7.585,10.0,7.8125,6.0,7.0,6.5,,,Fase 3 (7° e 8° ano),0.0,,,,,0,0.3623808902438989,36.24
RA-415,2023,FASE 3,3L,Aluno-415,2011.0,2011-05-17,12.0,Feminino,2019.0,Pública,,,Topázio,Ametista,Ametista,,Ametista,7.18805,7.695,,,,,,4.0,7.1,8.2,7.52,3.7,7.8325,10.0,7.8125,2.8,4.0,4.3,,,Fase 3 (7° e 8° ano),0.0,,,,,0,0.29109153987536607,29.11
RA-1163,2023,FASE 3,3L,Aluno-1163,2009.0,2009-07-24,14.0,Masculino,2023.0,Pública,,,,,,,Ametista,7.749391667,,,,,,,4.0,8.8,9.3,7.52,7.2,7.75,5.0,7.65625,7.0,6.7,8.0,,,Fase 4 (9° ano),-1.0,,,,,1,0.5853766279650636,58.54
RA-273,2023,FASE 3,3L,Aluno-273,2008.0,2008-10-27,14.0,Feminino,2018.0,Pública,,,Ametista,Ametista,Quartzo,,Agata,6.337116667,5.679,,,,,,4.0,7.9,7.4,2.52,5.0,7.6275,5.0,7.8125,5.3,6.8,3.0,,,Fase 4 (9° ano),-1.0,,,,,1,0.7515294502465428,75.15
RA-471,2023,FASE 3,3L,Aluno-471,2009.0,2009-07-12,,Feminino,2020.0,Pública,,,Ágata,Ágata,Ágata,,Agata,6.855541667,6.535,,,,,,4.0,0.0,9.0,6.27,5.0,8.125,10.0,7.96875,6.3,4.0,4.8,,,Fase 3 (7° e 8° ano),0.0,,,,,0,0.43703776734259747,43.7
RA-416,2023,FASE 3,3L,Aluno-416,2010.0,2010-08-31,13.0,Masculino,2018.0,Privada - Programa de Apadrinhamento,,,Ametista,Ametista,Ametista,,Topázio,8.144425,7.913,,,,,,4.0,9.2,9.8,2.52,7.6,8.3375,10.0,8.28125,7.0,7.0,8.8,,,Fase 3 (7° e 8° ano),0.0,,,,,0,0.11679418500577532,11.68
RA-417,2023,FASE 3,3L,Aluno-417,2009.0,2009-04-12,,Feminino,2022.0,Pública,,,,,Topázio,,Topázio,8.257658333,8.428,,,,,,4.0,5.4,9.7,7.52,7.8,8.2125,10.0,8.28125,6.7,8.3,8.3,,,Fase 3 (7° e 8° ano),0.0,,,,,0,0.21790294609675256,21.79
RA-305,2023,FASE 3,3L,Aluno-305,2008.0,2008-10-19,15.0,Masculino,2019.0,Pública,,,Ametista,Ágata,Ágata,,Agata,6.394291667,6.058,,,,,,4.0,0.0,8.9,7.52,5.2,7.75,5.0,7.65625,5.2,4.8,5.7,,,Fase 5 (1° EM),-2.0,,,,,1,0.7910337310671939,79.1
RA-418,2023,FASE 3,3L,Aluno-418,2012.0,2012-09-03,,Feminino,2020.0,Privada - Programa de Apadrinhamento,,,Topázio,Topázio,Topázio,,Topázio,8.1686,8.175,,,,,,4.0,8.8,10.0,2.52,8.1,8.045,10.0,8.125,6.7,8.3,9.3,,,Fase 2 (5° e 6° ano),1.0,,,,,0,0.09037049931223776,9.04
RA-419,2023,FASE 3,3L,Aluno-419,2010.0,2010-04-10,,Feminino,2019.0,Privada - Programa de Apadrinhamento,,,Ametista,Ametista,Ametista,,Ametista,7.7261,7.359,,,,,,4.0,6.7,9.5,2.52,7.6,7.875,10.0,8.125,7.0,7.3,8.5,,,Fase 3 (7° e 8° ano),0.0,,,,,0,0.3225591309605641,32.26
RA-421,2023,FASE 3,3L,Aluno-421,2011.0,2011-11-02,,Masculino,2021.0,Pública,,,,Topázio,Topázio,,Topázio,8.030716667,8.717,,,,,,4.0,9.2,9.9,2.52,7.3,8.17,10.0,7.8125,8.0,6.2,7.8,,,Fase 3 (7° e 8° ano),0.0,,,,,0,0.0774573032236689,7.75
RA-407,2023,FASE 3,3L,Aluno-407,2009.0,2009-07-16,14.0,Masculino,2022.0,Pública,,,,,Ametista,,Ametista,7.665083333,7.195,,,,,,4.0,9.6,8.6,7.52,7.3,7.5,5.0,7.8125,7.3,7.2,7.3,,,Fase 4 (9° ano),-1.0,,,,,1,0.6893396431265382,68.93
RA-425,2023,FASE 3,3L,Aluno-425,2010.0,2010-01-21,13.0,Masculino,2022.0,Pública,,,,,Topázio,,Topázio,8.10555,8.117,,,,,,4.0,9.2,9.9,2.52,7.5,8.3775,10.0,7.8125,6.7,7.3,8.5,,,Fase 3 (7° e 8° ano),0.0,,,,,0,0.1230528106018167,12.31
RA-426,2023,FASE 3,3M,Aluno-426,2008.0,2008-09-12,,Feminino,2022.0,Pública,,,,,Ágata,,Agata,6.329158333,6.35,,,,,,4.0,5.4,7.6,5.0,5.0,7.5425,5.0,7.65625,4.7,5.2,5.0,,,Fase 4 (9° ano),-1.0,,,,,1,0.8038194041504008,80.38
RA-430,2023,FASE 3,3M,Aluno-430,2009.0,2009-05-14,14.0,Masculino,2022.0,Pública,,,,,Ametista,,Ametista,7.146716667,7.585,,,,,,4.0,9.2,9.3,2.52,6.4,7.75,5.0,7.8125,7.3,5.5,6.5,,,Fase 4 (9° ano),-1.0,,,,,1,0.6081773509963514,60.82
RA-1164,2023,FASE 3,3M,Aluno-1164,2010.0,2010-09-27,13.0,Masculino,2023.0,Pública,,,,,,,Agata,6.910091667,,,,,,,4.0,9.2,7.5,2.52,4.8,7.545,10.0,7.65625,7.0,7.5,0.0,,,Fase 3 (7° e 8° ano),0.0,,,,,0,0.3118376289336627,31.18
RA-1165,2023,FASE 3,3M,Aluno-1165,2011.0,2011-06-17,12.0,Feminino,2023.0,Pública,,,,,,,Ametista,7.880716667,,,,,,,4.0,9.2,9.1,5.0,7.3,7.2925,10.0,7.1875,7.0,6.0,9.0,,,Fase 3 (7° e 8° ano),0.0,,,,,1,0.5296642942383221,52.97
RA-432,2023,FASE 3,3M,Aluno-432,2008.0,2008-05-08,,Feminino,2019.0,Pública,,,Quartzo,Quartzo,Ágata,,Agata,6.850183333,6.34,,,,,,4.0,8.8,9.0,2.52,5.2,8.0425,5.0,7.8125,5.0,6.3,4.2,,,Fase 5 (1° EM),-2.0,,,,,1,0.6934163008859937,69.34
RA-303,2023,FASE 3,3M,Aluno-303,2008.0,2008-03-29,15.0,Masculino,2019.0,Pública,,,Ametista,Ágata,Ágata,,Quartzo,5.914291667,6.03,,,,,,4.0,0.0,7.3,7.52,5.1,7.05,5.0,7.65625,5.7,5.2,4.5,,,Fase 5 (1° EM),-2.0,,,,,1,0.8807179931850071,88.07
RA-420,2023,FASE 3,3M,Aluno-420,2011.0,2011-03-04,,Feminino,2019.0,Privada - Programa de Apadrinhamento,,,Topázio,Ametista,Ametista,,Ametista,7.356358333,7.461,,,,,,4.0,8.3,9.3,2.52,5.3,7.96,10.0,7.65625,5.7,5.8,4.3,,,Fase 3 (7° e 8° ano),0.0,,,,,0,0.28390682929438443,28.39
RA-1166,2023,FASE 3,3M,Aluno-1166,2008.0,2008-10-23,15.0,Feminino,2023.0,Pública,,,,,,,Ametista,7.307858333,,,,,,,4.0,8.3,9.6,7.52,4.8,7.9175,5.0,7.65625,5.3,2.8,6.2,,,Fase 5 (1° EM),-2.0,,,,,1,0.7318285627762429,73.18
RA-1167,2023,FASE 3,3M,Aluno-1167,2007.0,2007-07-19,16.0,Masculino,2023.0,Pública,,,,,,,Agata,6.021891667,,,,,,,4.0,8.8,7.6,2.52,3.8,7.9625,2.5,7.65625,6.0,3.7,1.8,,,Fase 6 (2° EM),-3.0,,,,,1,0.7351794896433336,73.52
RA-424,2023,FASE 3,3M,Aluno-424,2010.0,2010-09-05,,Feminino,2022.0,Pública,,,,,Ametista,,Ametista,7.72685,7.94,,,,,,4.0,8.8,9.9,2.52,6.4,7.7925,10.0,7.8125,5.0,6.7,7.5,,,Fase 3 (7° e 8° ano),0.0,,,,,0,0.17580789314745393,17.58
RA-398,2023,FASE 3,3N,Aluno-398,2012.0,2012-06-01,,Feminino,2022.0,Pública,,,,,Ametista,,Ametista,7.153766667,7.742,,,,,,4.0,6.7,8.1,2.52,6.5,7.7925,10.0,7.5,9.3,5.8,4.5,,,Fase 2 (5° e 6° ano),1.0,,,,,0,0.2764650954037048,27.65
RA-399,2023,FASE 3,3N,Aluno-399,2010.0,2010-03-01,,Feminino,2022.0,Pública,,,,,Ágata,,Ametista,7.000033333,6.58,,,,,,4.0,7.9,8.2,2.52,4.7,8.165,10.0,7.5,5.0,4.2,4.8,,,Fase 3 (7° e 8° ano),0.0,,,,,1,0.6131916488363709,61.32
RA-428,2023,FASE 3,3N,Aluno-428,2009.0,2009-07-12,,Masculino,2022.0,Pública,,,,,Ametista,,Ametista,7.821816667,7.683,,,,,,4.0,8.3,9.5,2.52,7.2,8.0425,10.0,7.8125,9.3,4.7,7.7,,,Fase 3 (7° e 8° ano),0.0,,,,,0,0.38067269482766486,38.07
RA-315,2023,FASE 3,3N,Aluno-315,2009.0,2009-03-04,,Feminino,2022.0,Pública,,,,,Quartzo,,Quartzo,5.977708333,5.672,,,,,,4.0,0.0,6.8,5.0,6.3,7.8375,5.0,7.96875,5.7,6.8,6.3,,,Fase 4 (9° ano),-1.0,,,,,1,0.8551187390389717,85.51
RA-402,2023,FASE 3,3N,Aluno-402,2010.0,2010-01-30,13.0,Feminino,2019.0,Pública,,,Ágata,Ágata,Quartzo,,Agata,6.632716667,5.261,,,,,,4.0,9.2,7.3,2.52,4.2,6.88,10.0,7.8125,4.7,4.0,4.0,,,Fase 3 (7° e 8° ano),0.0,,,,,0,0.44949838374803597,44.95
RA-1168,2023,FASE 3,3N,Aluno-1168,2010.0,2010-03-26,13.0,Feminino,2023.0,Pública,,,,,,,Quartzo,5.886625,,,,,,,4.0,0.0,8.8,2.52,3.5,7.045,10.0,7.65625,5.0,2.0,3.5,,,Fase 3 (7° e 8° ano),0.0,,,,,0,0.3110760236259773,31.11
RA-613,2023,FASE 3,3N,Aluno-613,2009.0,2009-10-25,14.0,Masculino,2020.0,Pública,,,Ametista,Ametista,Topázio,,Agata,6.864508333,8.121,,,,,,4.0,9.2,9.4,5.0,4.8,7.2125,5.0,6.71875,4.3,6.2,3.8,,,Fase 4 (9° ano),-1.0,,,,,0,0.4992656285826948,49.93
RA-304,2023,FASE 3,3N,Aluno-304,2007.0,2007-02-12,,Masculino,2020.0,Pública,,,Ametista,Ágata,Ágata,,Agata,6.241583333,6.355,,,,,,4.0,0.0,8.8,5.0,5.7,7.835,5.0,7.8125,7.0,3.7,6.3,,,Fase 5 (1° EM),-2.0,,,,,1,0.7791983920735259,77.92
RA-457,2023,FASE 3,3N,Aluno-457,2010.0,2010-07-23,13.0,Feminino,2022.0,Pública,,,,,Ametista,,Topázio,8.256833333,7.68,,,,,,4.0,7.5,8.6,7.52,8.1,8.045,10.0,8.125,6.7,8.5,9.0,,,Fase 3 (7° e 8° ano),0.0,,,,,0,0.370434578851754,37.04
RA-307,2023,FASE 3,3N,Aluno-307,2008.0,2008-04-08,,Masculino,2022.0,Pública,,,,,Quartzo,,Agata,6.047333333,4.733,,,,,,4.0,0.0,6.5,7.52,6.3,7.46,5.0,7.5,6.3,7.3,5.2,,,Fase 5 (1° EM),-2.0,,,,,1,0.8098420240978307,80.98
RA-283,2023,FASE 3,3N,Aluno-283,2008.0,2008-06-27,15.0,Masculino,2020.0,Pública,,,Ágata,Ágata,Ametista,,Ametista,7.549025,7.131,,,,,,4.0,8.3,9.5,7.52,6.8,7.5025,5.0,7.03125,6.8,4.8,8.8,,,Fase 5 (1° EM),-2.0,,,,,1,0.6993869304462907,69.94
RA-459,2023,FASE 3,3N,Aluno-459,2010.0,2010-04-20,13.0,Masculino,2019.0,Pública,,,Ametista,Ametista,Ametista,,Topázio,8.240016667,7.28,,,,,,4.0,6.7,9.3,7.52,8.3,7.88,10.0,7.1875,8.3,9.2,7.5,,,Fase 3 (7° e 8° ano),0.0,,,,,0,0.41700289598696894,41.7
RA-440,2023,FASE 3,3P,Aluno-440,2011.0,2011-03-16,12.0,Masculino,2022.0,Pública,,,,,Ametista,,Agata,6.989208333,7.329,,,,,,4.0,0.0,8.2,7.52,6.2,7.835,10.0,7.96875,7.3,7.0,4.2,,,Fase 3 (7° e 8° ano),0.0,,,,,0,0.46991977584183003,46.99
RA-443,2023,FASE 3,3P,Aluno-443,2009.0,2009-03-14,14.0,Feminino,2019.0,Pública,,,Ametista,Ametista,Ametista,,Agata,6.895508333,7.482,,,,,,4.0,7.1,7.5,2.52,7.6,8.125,5.0,7.96875,7.0,8.7,7.0,,,Fase 4 (9° ano),-1.0,,,,,1,0.6362066550617679,63.62
RA-454,2023,FASE 3,3P,Aluno-454,2008.0,2008-09-18,15.0,Masculino,2018.0,Pública,,,Quartzo,Ágata,Quartzo,,Quartzo,4.603416667,5.561,,,,,,4.0,0.0,7.5,5.0,2.6,5.54,5.0,4.6875,4.2,1.2,2.5,,,Fase 5 (1° EM),-2.0,,,,,1,0.8999630192265667,90.0
RA-444,2023,FASE 3,3P,Aluno-444,2011.0,2011-12-15,11.0,Masculino,2018.0,Pública,,,Ágata,Ametista,Ágata,,Quartzo,5.958791667,6.665,,,,,,4.0,0.0,7.9,5.0,4.7,6.4575,10.0,6.40625,4.7,5.8,3.7,,,Fase 2 (5° e 6° ano),1.0,,,,,0,0.3920095144029556,39.2
RA-170,2023,FASE 3,3P,Aluno-170,2008.0,2008-10-23,15.0,Feminino,2018.0,Privada - Programa de Apadrinhamento,,,Ametista,Ametista,Ágata,,Ametista,7.062433333,7.007,,,,,,4.0,8.8,8.9,2.52,7.2,7.6725,5.0,6.875,6.3,8.7,6.5,,,Fase 5 (1° EM),-2.0,,,,,1,0.7984353572225639,79.84
RA-1169,2023,FASE 3,3P,Aluno-1169,2009.0,2009-05-01,,Feminino,2023.0,Pública,,,,,,,Ametista,7.213625,,,,,,,4.0,7.5,9.5,5.0,6.3,8.0025,5.0,7.03125,6.8,7.3,4.8,,,Fase 4 (9° ano),-1.0,,,,,1,0.6713895052207921,67.14
RA-458,2023,FASE 3,3P,Aluno-458,2009.0,2009-12-09,,Masculino,2019.0,Pública,,,Ametista,Quartzo,Ágata,,Agata,6.312083333,6.512,,,,,,4.0,9.6,6.9,7.52,3.8,6.2475,5.0,7.1875,4.3,4.8,2.2,,,Fase 4 (9° ano),-1.0,,,,,1,0.7546580243169276,75.47
RA-1170,2023,FASE 3,3P,Aluno-1170,2009.0,2009-07-04,,Masculino,2023.0,Pública,,,,,,,Agata,6.874683333,,,,,,,4.0,8.8,7.7,7.52,5.9,6.5775,5.0,7.1875,6.0,6.8,4.8,,,Fase 4 (9° ano),-1.0,,,,,1,0.5780368269702084,57.8
RA-1171,2023,FASE 3,3P,Aluno-1171,2009.0,2009-04-24,14.0,Masculino,2023.0,Pública,,,,,,,Ametista,7.856033333,,,,,,,4.0,7.9,8.4,5.0,8.7,8.88,5.0,8.75,7.3,9.0,9.7,,,Fase 4 (9° ano),-1.0,,,,,1,0.6127599832376475,61.28
RA-449,2023,FASE 3,3P,Aluno-449,2010.0,2010-12-18,12.0,Feminino,2022.0,Pública,,,,,Ágata,,Ametista,7.396508333,6.143,,,,,,4.0,7.1,7.2,7.52,7.0,6.8425,10.0,7.34375,5.5,7.7,7.7,,,Fase 3 (7° e 8° ano),0.0,,,,,0,0.4975359014130951,49.75
RA-462,2023,FASE 3,3P,Aluno-462,2008.0,2008-03-05,,Feminino,2022.0,Pública,,,,,Ágata,,Agata,6.2267,6.626,,,,,,4.0,10.0,8.1,5.0,2.7,6.5825,5.0,7.5,4.0,2.8,1.3,,,Fase 5 (1° EM),-2.0,,,,,1,0.7063513647178845,70.64
RA-176,2023,FASE 4,4A,Aluno-176,2009.0,2009-08-28,14.0,Feminino,2018.0,Privada - Programa de Apadrinhamento,,,Topázio,Ametista,Topázio,,Topázio,8.316833333,8.427,,,,,,4.0,9.6,9.5,2.52,8.0,9.0025,10.0,8.125,7.3,7.3,9.3,,,Fase 4 (9° ano),0.0,,,,,0,0.1121946377015673,11.22
RA-178,2023,FASE 4,4A,Aluno-178,2009.0,2009-05-10,,Feminino,2016.0,Privada - Programa de Apadrinhamento,,,Ametista,Ametista,Ágata,,Ametista,7.406658333,7.025,,,,,,4.0,7.9,8.7,2.52,5.9,8.42,10.0,7.65625,6.3,5.8,5.5,,,Fase 4 (9° ano),0.0,,,,,0,0.352185789878047,35.22
RA-193,2023,FASE 4,4A,Aluno-193,2010.0,2010-02-17,13.0,Masculino,2016.0,Privada - Programa de Apadrinhamento,,,Topázio,Topázio,Topázio,,Ametista,7.718566667,8.155,,,,,,4.0,8.3,9.4,2.52,6.5,8.17,10.0,8.125,6.0,6.3,7.3,,,Fase 3 (7° e 8° ano),1.0,,,,,0,0.10892799599269312,10.89
RA-1172,2023,FASE 4,4A,Aluno-1172,2007.0,2007-08-27,16.0,Feminino,2023.0,Pública,,,,,,,Ametista,7.030108333,,,,,,,4.0,8.3,7.8,2.52,6.7,8.46,5.0,8.59375,6.0,5.7,8.3,,,Fase 6 (2° EM),-2.0,,,,,1,0.764591101887023,76.46
RA-180,2023,FASE 4,4A,Aluno-180,2010.0,2010-09-22,13.0,Masculino,2018.0,Privada - Programa de Apadrinhamento,,,Topázio,Topázio,Topázio,,Topázio,8.283216667,8.442,,,,,,4.0,9.2,9.4,2.52,8.0,8.92,10.0,8.4375,8.3,7.3,8.5,,,Fase 3 (7° e 8° ano),1.0,,,,,0,0.10251990787229776,10.25
RA-181,2023,FASE 4,4A,Aluno-181,2009.0,2009-01-03,,Feminino,2019.0,Privada - Programa de Apadrinhamento,,,Topázio,Ametista,Topázio,,Ametista,7.671208333,8.623,,,,,,4.0,9.6,8.3,2.52,6.8,8.2525,10.0,7.96875,8.3,6.5,5.5,,,Fase 4 (9° ano),0.0,,,,,0,0.20691479375641206,20.69
RA-195,2023,FASE 4,4A,Aluno-195,2009.0,2009-12-10,,Feminino,2017.0,Privada - Programa de Apadrinhamento,,,Ametista,Ametista,Ametista,,Ametista,7.60205,8.017,,,,,,4.0,7.1,9.2,2.52,6.0,8.79,10.0,8.4375,6.3,6.2,5.5,,,Fase 4 (9° ano),0.0,,,,,0,0.1679818638650641,16.8
RA-196,2023,FASE 4,4A,Aluno-196,2010.0,2010-01-23,13.0,Masculino,2018.0,Privada - Programa de Apadrinhamento,,,Ametista,Topázio,Topázio,,Ametista,7.560991667,8.124,,,,,,4.0,7.9,9.0,2.52,6.2,8.2125,10.0,8.28125,7.0,6.0,5.7,,,Fase 3 (7° e 8° ano),1.0,,,,,0,0.12869240203170024,12.87
RA-211,2023,FASE 4,4A,Aluno-211,2009.0,2009-06-15,14.0,Masculino,2021.0,Privada - Programa de Apadrinhamento,,,,Topázio,Topázio,,Topázio,8.024791667,8.465,,,,,,4.0,9.6,9.4,2.52,7.1,8.71,10.0,7.65625,7.7,8.0,5.7,,,Fase 4 (9° ano),0.0,,,,,0,0.15148782022980234,15.15
RA-197,2023,FASE 4,4A,Aluno-197,2009.0,2009-12-19,13.0,Feminino,2021.0,Privada - Programa de Apadrinhamento,,,,Topázio,Topázio,,Ametista,7.967608333,8.218,,,,,,4.0,8.3,9.8,2.52,7.2,8.46,10.0,7.96875,7.0,7.3,7.2,,,Fase 3 (7° e 8° ano),1.0,,,,,0,0.07352972186131299,7.35
RA-229,2023,FASE 4,4A,Aluno-229,2010.0,2010-09-04,,Masculino,2022.0,Privada - Programa de Apadrinhamento,,,,,Topázio,,Topázio,8.207591667,8.62,,,,,,4.0,9.2,9.8,2.52,7.8,8.42,10.0,8.28125,8.0,8.2,7.3,,,Fase 3 (7° e 8° ano),1.0,,,,,0,0.12966390159044391,12.97
RA-186,2023,FASE 4,4A,Aluno-186,2009.0,2009-10-07,,Feminino,2019.0,Privada,,,Ametista,Ametista,Ametista,,Ametista,7.817541667,7.832,,,,,,4.0,7.5,9.7,2.52,6.9,8.46,10.0,7.96875,6.8,7.0,7.0,,,Fase 4 (9° ano),0.0,,,,,0,0.3839639492405489,38.4
RA-189,2023,FASE 4,4A,Aluno-189,2008.0,2008-12-23,14.0,Masculino,2018.0,Privada - Programa de Apadrinhamento,,,Ametista,Ametista,Ametista,,Ametista,7.727325,7.629,,,,,,4.0,7.9,9.4,2.52,6.5,8.3775,10.0,8.28125,6.3,6.5,6.7,,,Fase 4 (9° ano),0.0,,,,,0,0.263520343241295,26.35
RA-191,2023,FASE 4,4A,Aluno-191,2009.0,2009-05-21,14.0,Masculino,2019.0,Privada - Programa de Apadrinhamento,,,Topázio,Topázio,Topázio,,Ametista,7.263666667,8.74,,,,,,4.0,0.0,9.7,2.52,7.8,8.4625,10.0,8.125,8.7,7.0,7.8,,,Fase 4 (9° ano),0.0,,,,,0,0.14601400205401083,14.6
RA-1173,2023,FASE 4,4A,Aluno-1173,2009.0,2009-05-31,14.0,Masculino,2023.0,Pública,,,,,,,Ametista,7.67285,,,,,,,4.0,8.8,9.7,2.52,6.0,8.1225,10.0,7.8125,7.0,5.0,6.0,,,Fase 4 (9° ano),0.0,,,,,0,0.4382137618462412,43.82
RA-217,2023,FASE 4,4B,Aluno-217,2007.0,2007-03-11,,Feminino,2021.0,Pública,,,,Ametista,Ametista,,Agata,6.96965,7.397,,,,,,4.0,8.3,8.6,2.52,5.6,8.5025,5.0,8.4375,6.7,5.3,4.8,,,Fase 5 (1° EM),-1.0,,,,,0,0.4962087420932966,49.62
RA-1174,2023,FASE 4,4B,Aluno-1174,2008.0,2008-10-19,15.0,Feminino,2023.0,Pública,,,,,,,Ametista,7.333591667,,,,,,,4.0,9.2,8.7,2.52,6.8,8.3375,5.0,8.90625,6.5,7.2,6.8,,,Fase 5 (1° EM),-1.0,,,,,1,0.6216675075777649,62.17
RA-192,2023,FASE 4,4B,Aluno-192,2007.0,2007-01-16,16.0,Masculino,2021.0,Privada,,,,Quartzo,Quartzo,,Agata,6.616016667,4.932,,,,,,4.0,8.8,6.2,5.0,6.5,7.3775,5.0,7.1875,6.0,5.8,7.8,,,Fase 6 (2° EM),-2.0,,,,,1,0.8386525639422581,83.87
RA-184,2023,FASE 4,4B,Aluno-184,2010.0,2010-03-27,13.0,Masculino,2019.0,Pública,,,Ametista,Ametista,Ametista,,Topázio,8.430241667,7.28,,,,,,4.0,7.9,9.5,7.52,7.1,8.5025,10.0,8.59375,7.3,6.3,7.8,,,Fase 3 (7° e 8° ano),1.0,,,,,0,0.3359490797492126,33.59
RA-200,2023,FASE 4,4B,Aluno-200,2007.0,2007-07-14,16.0,Masculino,2018.0,Privada - Programa de Apadrinhamento,,,Quartzo,Quartzo,Quartzo,,Quartzo,5.661166667,5.705,,,,,,4.0,9.6,4.5,2.52,4.3,7.17,5.0,7.5,4.3,4.2,4.5,,,Fase 6 (2° EM),-2.0,,,,,1,0.908686777838228,90.87
RA-1175,2023,FASE 4,4B,Aluno-1175,2006.0,2006-03-08,,Feminino,2023.0,Pública,,,,,,,Quartzo,5.939858333,,,,,,,4.0,8.3,5.3,2.52,6.3,7.6275,2.5,7.65625,6.3,6.3,6.2,,,Fase 7 (3° EM),-3.0,,,,,1,0.5752035921873448,57.52
RA-204,2023,FASE 4,4B,Aluno-204,2009.0,2009-08-08,,Feminino,2019.0,Pública,,,Ametista,Ametista,Ágata,,Ametista,7.557558333,6.943,,,,,,4.0,8.8,7.9,2.52,7.1,8.045,10.0,8.28125,4.7,8.0,8.5,,,Fase 4 (9° ano),0.0,,,,,1,0.6273761515950542,62.74
RA-1176,2023,FASE 4,4B,Aluno-1176,2010.0,2010-05-23,13.0,Masculino,2023.0,Pública,,,,,,,Topázio,8.881483333,,,,,,,4.0,8.3,9.3,7.52,8.2,9.17,10.0,9.6875,8.0,7.8,8.7,,,Fase 3 (7° e 8° ano),1.0,,,,,0,0.3718156274059876,37.18
RA-1177,2023,FASE 4,4B,Aluno-1177,2008.0,2008-11-15,14.0,Feminino,2023.0,Pública,,,,,,,Topázio,8.345491667,,,,,,,4.0,10.0,9.9,2.52,7.2,8.88,10.0,8.90625,7.0,6.7,8.0,,,Fase 4 (9° ano),0.0,,,,,0,0.3762074257232983,37.62
RA-215,2023,FASE 4,4C,Aluno-215,2009.0,2009-02-21,14.0,Feminino,2021.0,Pública,,,,Ágata,Ametista,,Ametista,7.166475,7.172,,,,,,4.0,8.8,6.6,2.52,6.9,7.7125,10.0,7.96875,5.7,6.7,8.3,,,Fase 4 (9° ano),0.0,,,,,1,0.5559301047526944,55.59
RA-1178,2023,FASE 4,4C,Aluno-1178,2007.0,2007-01-05,,Masculino,2023.0,Pública,,,,,,,Ametista,7.066475,,,,,,,4.0,8.8,9.3,2.52,5.7,8.2125,5.0,7.96875,6.3,4.5,6.3,,,Fase 6 (2° EM),-2.0,,,,,1,0.5019459589133074,50.19
RA-149,2023,FASE 4,4C,Aluno-149,2007.0,2007-05-02,,Feminino,2022.0,Pública,,,,,Ágata,,Quartzo,5.622266667,6.323,,,,,,4.0,8.8,4.2,2.52,4.7,7.2925,5.0,7.5,5.7,3.5,5.0,,,Fase 6 (2° EM),-2.0,,,,,1,0.7155816876230613,71.56
RA-1179,2023,FASE 4,4C,Aluno-1179,2008.0,2008-12-05,,Masculino,2023.0,Pública,,,,,,,Agata,6.631333333,,,,,,,4.0,9.6,8.1,4.38,5.0,7.17,5.0,6.875,6.7,3.7,4.5,,,Fase 5 (1° EM),-1.0,,,,,1,0.5108530692860193,51.09
RA-218,2023,FASE 4,4C,Aluno-218,2008.0,2008-07-17,15.0,Feminino,2022.0,Pública,,,,,Ágata,,Quartzo,5.811541667,6.1,,,,,,4.0,0.0,6.7,2.52,6.7,7.88,5.0,7.96875,5.7,7.0,7.5,,,Fase 5 (1° EM),-1.0,,,,,1,0.8440443351106197,84.4
RA-220,2023,FASE 4,4C,Aluno-220,2009.0,2009-01-30,14.0,Feminino,2022.0,Pública,,,,,Ágata,,Ametista,7.102016667,7.028,,,,,,4.0,8.8,7.6,2.52,6.1,7.5475,10.0,7.1875,6.3,5.8,6.3,,,Fase 4 (9° ano),0.0,,,,,0,0.37883391370125774,37.88
RA-202,2023,FASE 4,4C,Aluno-202,2008.0,2008-02-06,,Feminino,2017.0,Pública,,,Ametista,Ametista,Quartzo,,Agata,6.791641667,5.201,,,,,,4.0,8.8,7.9,2.52,5.9,8.005,5.0,7.96875,6.3,4.8,6.7,,,Fase 5 (1° EM),-1.0,,,,,1,0.7735715623360094,77.36
RA-1180,2023,FASE 4,4C,Aluno-1180,2008.0,2008-08-28,15.0,Masculino,2023.0,Pública,,,,,,,Ametista,7.067983333,,,,,,,4.0,8.3,9.5,5.0,5.4,7.7125,5.0,7.1875,6.0,4.8,5.3,,,Fase 5 (1° EM),-1.0,,,,,1,0.7710284035735819,77.1
RA-1181,2023,FASE 4,4C,Aluno-1181,2009.0,2009-05-01,,Feminino,2023.0,Pública,,,,,,,Agata,6.971266667,,,,,,,4.0,8.8,8.3,2.52,4.8,7.3375,10.0,7.5,5.7,4.3,4.5,,,Fase 4 (9° ano),0.0,,,,,0,0.3391843691129586,33.92
RA-1182,2023,FASE 4,4C,Aluno-1182,2007.0,2007-11-02,,Feminino,2023.0,Pública,,,,,,,Quartzo,5.709808333,,,,,,,4.0,7.5,6.3,2.52,4.2,7.2125,5.0,6.71875,5.3,2.0,5.2,,,Fase 6 (2° EM),-2.0,,,,,1,0.5139185813221784,51.39
RA-205,2023,FASE 4,4C,Aluno-205,2008.0,2008-07-03,,Masculino,2020.0,Pública,,,Ametista,Ametista,Quartzo,,Agata,6.857625,5.372,,,,,,4.0,9.6,7.6,4.38,6.6,7.09,5.0,7.03125,7.0,5.5,7.3,,,Fase 5 (1° EM),-1.0,,,,,1,0.7727295046036137,77.27
RA-1183,2023,FASE 4,4C,Aluno-1183,2007.0,2007-11-24,15.0,Masculino,2023.0,Pública,,,,,,,Agata,6.269541667,,,,,,,4.0,7.5,8.7,2.52,5.3,6.7575,5.0,6.09375,6.0,4.0,6.0,,,Fase 5 (1° EM),-1.0,,,,,1,0.7659166566712905,76.59
RA-237,2023,FASE 4,4F,Aluno-237,2008.0,2008-06-25,15.0,Feminino,2022.0,Privada - Programa de Apadrinhamento,,,,,Topázio,,Ametista,7.436566667,8.084,,,,,,4.0,8.3,9.5,2.52,6.7,8.96,5.0,8.125,7.7,7.0,5.5,,,Fase 5 (1° EM),-1.0,,,,,0,0.4267291024015913,42.67
RA-147,2023,FASE 4,4F,Aluno-147,2008.0,2008-03-19,15.0,Feminino,2022.0,Pública,,,,,Ametista,,Quartzo,5.5425,7.541,,,,,,4.0,0.0,7.0,5.63,4.5,7.46,5.0,6.875,5.0,6.0,2.5,,,Fase 5 (1° EM),-1.0,,,,,1,0.7310436391323646,73.1
RA-240,2023,FASE 4,4F,Aluno-240,2009.0,2009-08-01,,Feminino,2017.0,Privada - Programa de Apadrinhamento,,,Ametista,Ametista,Ágata,,Agata,6.337966667,6.943,,,,,,4.0,7.1,6.7,2.52,4.8,6.9175,10.0,6.875,7.0,3.3,4.2,,,Fase 4 (9° ano),0.0,,,,,0,0.34359775207959453,34.36
RA-1184,2023,FASE 4,4F,Aluno-1184,2007.0,2007-09-08,,Masculino,2023.0,Pública,,,,,,,Ametista,7.381566667,,,,,,,4.0,8.3,8.3,5.0,7.3,8.045,5.0,8.125,8.0,5.5,8.5,,,Fase 6 (2° EM),-2.0,,,,,0,0.4664596020549147,46.65
RA-241,2023,FASE 4,4F,Aluno-241,2008.0,2008-06-10,,Masculino,2016.0,Privada - Programa de Apadrinhamento,,,Ametista,Topázio,Topázio,,Ametista,7.016,8.468,,,,,,4.0,0.0,9.9,2.52,7.5,9.545,5.0,8.75,9.3,7.0,6.2,,,Fase 5 (1° EM),-1.0,,,,,1,0.5178582385832151,51.79
RA-242,2023,FASE 4,4F,Aluno-242,2009.0,2009-02-26,14.0,Masculino,2018.0,Privada - Programa de Apadrinhamento,,,Ametista,Ametista,Topázio,,Topázio,8.221841667,8.673,,,,,,4.0,7.1,9.7,2.52,7.9,9.3775,10.0,8.59375,9.3,7.3,7.2,,,Fase 4 (9° ano),0.0,,,,,0,0.22301852838216063,22.3
RA-138,2023,FASE 4,4F,Aluno-138,2007.0,2007-03-16,16.0,Masculino,2016.0,Pública,,,Ametista,Ágata,Ágata,,Agata,6.784075,6.738,,,,,,4.0,10.0,7.9,6.26,4.3,7.4175,5.0,7.34375,4.0,3.7,5.2,,,Fase 6 (2° EM),-2.0,,,,,1,0.8131591242739306,81.32
RA-244,2023,FASE 4,4F,Aluno-244,2010.0,2010-03-30,13.0,Feminino,2018.0,Privada - Programa de Apadrinhamento,,,Topázio,Topázio,Topázio,,Ametista,7.044333333,8.51,,,,,,4.0,0.0,8.8,2.52,7.3,8.8325,10.0,8.125,7.0,8.0,6.8,,,Fase 3 (7° e 8° ano),1.0,,,,,0,0.13982316994047983,13.98
RA-245,2023,FASE 4,4F,Aluno-245,2008.0,2008-06-10,,Masculino,2016.0,Privada - Programa de Apadrinhamento,,,Ametista,Topázio,Topázio,,Ametista,7.171166667,8.656,,,,,,4.0,0.0,10.0,2.52,8.1,9.5875,5.0,8.75,9.3,7.8,7.3,,,Fase 5 (1° EM),-1.0,,,,,1,0.5081633276663365,50.82
RA-246,2023,FASE 4,4F,Aluno-246,2009.0,2009-08-04,,Masculino,2022.0,Privada,,,,,Topázio,,Topázio,8.256766667,8.639,,,,,,4.0,8.8,9.9,4.39,6.8,8.9175,10.0,8.125,7.7,7.0,5.8,,,Fase 4 (9° ano),0.0,,,,,0,0.16478519219761448,16.48
RA-141,2023,FASE 4,4F,Aluno-141,2008.0,2008-05-28,15.0,Masculino,2017.0,Pública,,,Ágata,Ágata,Ametista,,Agata,6.719791667,7.118,,,,,,4.0,9.6,8.4,5.63,4.5,7.0425,5.0,7.03125,6.0,5.3,2.3,,,Fase 5 (1° EM),-1.0,,,,,1,0.7775822937657775,77.76
RA-239,2023,FASE 4,4G,Aluno-239,2007.0,2007-05-22,16.0,Feminino,2021.0,Pública,,,,Quartzo,Quartzo,,Agata,6.411333333,4.572,,,,,,4.0,0.0,8.4,5.0,7.0,7.6275,5.0,8.125,6.0,7.2,7.7,,,Fase 6 (2° EM),-2.0,,,,,1,0.8454742838818957,84.55
RA-1185,2023,FASE 4,4G,Aluno-1185,2010.0,2010-11-05,,Feminino,2023.0,Pública,,,,,,,Topázio,8.02675,,,,,,,4.0,7.5,9.1,5.0,7.5,8.3775,10.0,7.8125,6.7,6.3,9.5,,,Fase 3 (7° e 8° ano),1.0,,,,,0,0.42299477440104716,42.3
RA-262,2023,FASE 4,4G,Aluno-262,2007.0,2007-06-07,,Masculino,2021.0,Privada,,,,Quartzo,Quartzo,,Quartzo,4.406458333,4.786,,,,,,4.0,0.0,3.7,5.0,3.8,6.05,5.0,7.03125,5.0,3.3,3.0,,,Fase 6 (2° EM),-2.0,,,,,1,0.8382448106092455,83.82
RA-1186,2023,FASE 4,4G,Aluno-1186,2007.0,2007-08-01,,Feminino,2023.0,Pública,,,,,,,Ametista,7.281433333,,,,,,,4.0,8.8,9.8,6.89,5.5,7.3825,5.0,6.875,6.7,5.2,4.5,,,Fase 6 (2° EM),-2.0,,,,,1,0.6259371724545258,62.59
RA-397,2023,FASE 4,4G,Aluno-397,2008.0,2008-05-13,15.0,Feminino,2017.0,Pública,,,Quartzo,Quartzo,Quartzo,,Agata,6.207083333,5.852,,,,,,4.0,7.5,7.9,2.52,4.6,7.465,5.0,7.1875,6.7,5.0,2.0,,,Fase 5 (1° EM),-1.0,,,,,1,0.7895681100922861,78.96
RA-1187,2023,FASE 4,4G,Aluno-1187,2010.0,2010-02-19,13.0,Feminino,2023.0,Pública,,,,,,,Agata,6.644475,,,,,,,4.0,8.8,6.9,2.52,5.3,6.715,10.0,7.34375,4.7,5.0,6.2,,,Fase 3 (7° e 8° ano),1.0,,,,,0,0.35947727335246554,35.95
RA-145,2023,FASE 4,4H,Aluno-145,2006.0,2006-07-27,17.0,Masculino,2017.0,Pública,,,Ágata,Ágata,Quartzo,,#N/A,,5.846,,,,,,4.0,7.9,9.0,,6.2,7.4625,2.5,7.96875,5.3,6.0,7.2,,,Fase 7 (3° EM),-3.0,,,,,1,0.7419708128520536,74.2
RA-1188,2023,FASE 4,4H,Aluno-1188,2008.0,2008-01-13,15.0,Feminino,2023.0,Pública,,,,,,,#N/A,,,,,,,,4.0,9.6,9.4,,6.4,7.5875,5.0,7.8125,6.5,7.5,5.2,,,Fase 5 (1° EM),-1.0,,,,,1,0.6564382166967984,65.64
RA-265,2023,FASE 4,4H,Aluno-265,2009.0,2009-08-26,14.0,Masculino,2019.0,Pública,,,Ametista,Ametista,Ametista,,#N/A,,7.926,,,,,,4.0,8.3,8.7,,7.0,7.88,10.0,7.96875,7.3,6.8,6.8,,,Fase 4 (9° ano),0.0,,,,,0,0.21664766663958576,21.66
RA-254,2023,FASE 4,4H,Aluno-254,2008.0,2008-03-26,15.0,Masculino,2019.0,Pública,,,Ametista,Ametista,Ágata,,#N/A,,6.715,,,,,,4.0,9.6,8.8,,5.9,7.71,5.0,7.8125,5.7,5.7,6.2,,,Fase 5 (1° EM),-1.0,,,,,1,0.7747491756475949,77.47
RA-267,2023,FASE 4,4H,Aluno-267,2007.0,2007-01-19,16.0,Feminino,2016.0,Pública,,,Ágata,Quartzo,Ágata,,#N/A,,6.012,,,,,,4.0,7.9,7.7,,2.7,6.505,5.0,4.6875,2.7,4.0,1.3,,,Fase 6 (2° EM),-2.0,,,,,1,0.9257440665599755,92.57
RA-1189,2023,FASE 4,4H,Aluno-1189,2008.0,2008-05-04,,Feminino,2023.0,Pública,,,,,,,#N/A,,,,,,,,4.0,8.8,9.0,,6.1,7.3775,5.0,7.8125,6.3,5.7,6.2,,,Fase 5 (1° EM),-1.0,,,,,1,0.5374895757333042,53.75
RA-295,2023,FASE 4,4L,Aluno-295,2008.0,2008-02-28,15.0,Feminino,2022.0,Pública,,,,,Ametista,,Ametista,7.641016667,7.305,,,,,,4.0,8.8,8.8,2.52,7.7,9.005,5.0,9.0625,7.3,7.2,8.7,,,Fase 5 (1° EM),-1.0,,,,,1,0.6560076774680084,65.6
RA-269,2023,FASE 4,4L,Aluno-269,2009.0,2009-03-28,14.0,Masculino,2022.0,Pública,,,,,Topázio,,Topázio,8.116041667,8.231,,,,,,4.0,9.6,9.0,2.52,7.4,8.7975,10.0,8.59375,8.0,7.3,7.0,,,Fase 4 (9° ano),0.0,,,,,0,0.13531782464671926,13.53
RA-313,2023,FASE 4,4L,Aluno-313,2008.0,2008-11-18,14.0,Feminino,2022.0,Pública,,,,,Quartzo,,Ametista,7.011091667,5.8,,,,,,4.0,9.2,8.7,2.52,3.9,7.75,10.0,7.65625,4.0,2.8,5.0,,,Fase 4 (9° ano),0.0,,,,,0,0.47040691024258424,47.04
RA-1190,2023,FASE 4,4L,Aluno-1190,2009.0,2009-03-02,,Masculino,2023.0,Pública,,,,,,,Agata,6.330041667,,,,,,,4.0,0.0,9.2,5.0,4.2,7.045,10.0,7.34375,3.0,4.2,5.5,,,Fase 4 (9° ano),0.0,,,,,0,0.38098051115710724,38.1
RA-301,2023,FASE 4,4L,Aluno-301,2009.0,2009-11-07,,Feminino,2019.0,Pública,,,Ametista,Ametista,Ágata,,Agata,6.760341667,6.802,,,,,,4.0,9.2,5.4,7.52,5.2,6.465,10.0,6.71875,4.7,6.5,4.5,,,Fase 4 (9° ano),0.0,,,,,0,0.29700779216453715,29.7
RA-286,2023,FASE 4,4L,Aluno-286,2007.0,2007-11-20,15.0,Feminino,2022.0,Pública,,,,,Quartzo,,Quartzo,5.713333333,5.424,,,,,,4.0,0.0,7.5,5.0,4.7,7.3375,5.0,8.125,3.7,5.0,5.3,,,Fase 5 (1° EM),-1.0,,,,,1,0.8591905884081613,85.92
RA-1191,2023,FASE 4,4L,Aluno-1191,2009.0,2009-07-01,,Masculino,2023.0,Pública,,,,,,,Agata,6.175333333,,,,,,,4.0,7.5,7.2,5.0,3.7,6.26,10.0,5.0,2.3,2.5,6.2,,,Fase 4 (9° ano),0.0,,,,,0,0.3885339095283649,38.85
RA-1192,2023,FASE 4,4L,Aluno-1192,2007.0,2007-11-27,15.0,Feminino,2023.0,Pública,,,,,,,Agata,6.780741667,,,,,,,4.0,7.9,8.7,2.52,5.8,7.6675,5.0,7.96875,4.7,6.0,6.8,,,Fase 5 (1° EM),-1.0,,,,,1,0.6584973455707777,65.85
RA-174,2023,FASE 4,4L,Aluno-174,2007.0,2007-09-15,16.0,Feminino,2019.0,Pública,,,Ágata,Ágata,Ágata,,Agata,6.1242,6.075,,,,,,4.0,7.9,5.6,5.0,5.1,7.2125,5.0,7.5,3.7,7.3,4.3,,,Fase 6 (2° EM),-2.0,,,,,1,0.9174175759733747,91.74
RA-1193,2023,FASE 4,4L,Aluno-1193,2009.0,2009-03-01,,Feminino,2023.0,Pública,,,,,,,Agata,6.018083333,,,,,,,4.0,0.0,7.8,5.0,4.1,7.13,10.0,7.1875,3.7,3.5,5.0,,,Fase 4 (9° ano),0.0,,,,,0,0.42861314911287224,42.86
RA-308,2023,FASE 4,4L,Aluno-308,2009.0,2009-09-22,14.0,Masculino,2019.0,Pública,,,Ametista,Ametista,Ágata,,Agata,6.578558333,6.93,,,,,,4.0,5.4,6.8,5.0,4.9,7.5025,10.0,7.03125,4.7,5.2,4.7,,,Fase 4 (9° ano),0.0,,,,,0,0.33537976800735514,33.54
RA-152,2023,FASE 4,4M,Aluno-152,2006.0,2006-11-30,16.0,Feminino,2022.0,Pública,,,,,Ágata,,Agata,6.30695,6.712,,,,,,4.0,7.9,7.7,2.52,4.5,7.71,5.0,7.8125,4.0,5.0,4.5,,,Fase 6 (2° EM),-2.0,,,,,1,0.8409861189854493,84.1
RA-270,2023,FASE 4,4M,Aluno-270,2009.0,2009-02-28,14.0,Feminino,2019.0,Privada - Programa de Apadrinhamento,,,Ametista,Topázio,Topázio,,Ametista,7.982633333,8.226,,,,,,4.0,9.2,9.0,2.52,6.6,9.1275,10.0,8.75,7.7,6.2,5.8,,,Fase 4 (9° ano),0.0,,,,,0,0.14152980775364318,14.15
RA-271,2023,FASE 4,4M,Aluno-271,2007.0,2007-10-16,16.0,Feminino,2022.0,Pública,,,,,Ametista,,Agata,6.140333333,7.255,,,,,,4.0,0.0,9.3,2.52,5.9,7.7125,5.0,8.125,4.3,7.0,6.3,,,Fase 6 (2° EM),-2.0,,,,,1,0.7454115745359461,74.54
RA-299,2023,FASE 4,4M,Aluno-299,2009.0,2009-07-28,14.0,Feminino,2019.0,Privada - Programa de Apadrinhamento,,,Topázio,Ametista,Ametista,,Agata,6.796541667,7.278,,,,,,4.0,0.0,9.6,2.52,6.1,8.005,10.0,7.96875,5.0,7.2,6.2,,,Fase 4 (9° ano),0.0,,,,,0,0.4263129706032939,42.63
RA-316,2023,FASE 4,4M,Aluno-316,2008.0,2008-11-20,14.0,Feminino,2022.0,Pública,,,,,Ametista,,Topázio,8.436908333,7.889,,,,,,4.0,10.0,9.5,7.52,5.7,8.96,10.0,8.59375,6.3,5.7,5.0,,,Fase 4 (9° ano),0.0,,,,,0,0.21531105335194806,21.53
RA-318,2023,FASE 4,4M,Aluno-318,2008.0,2008-01-30,15.0,Feminino,2019.0,Pública,,,Ágata,Ametista,Ágata,,Agata,6.856575,6.527,,,,,,4.0,7.9,8.1,6.26,4.9,7.71,5.0,7.96875,5.0,5.0,4.7,,,Fase 5 (1° EM),-1.0,,,,,1,0.8685920594014473,86.86
RA-274,2023,FASE 4,4M,Aluno-274,2011.0,2011-02-18,12.0,Feminino,2019.0,Privada - Programa de Apadrinhamento,,,Ametista,Topázio,Ametista,,Topázio,8.137625,7.946,,,,,,4.0,7.5,9.5,5.63,7.5,8.295,10.0,7.65625,7.0,7.7,7.8,,,Fase 3 (7° e 8° ano),1.0,,,,,0,0.17565106382058043,17.57
RA-320,2023,FASE 4,4M,Aluno-320,2008.0,2008-11-20,14.0,Feminino,2022.0,Pública,,,,,Ametista,,Topázio,8.393508333,7.897,,,,,,4.0,9.2,9.9,7.52,5.5,8.96,10.0,8.59375,5.7,6.0,4.7,,,Fase 4 (9° ano),0.0,,,,,0,0.1943729640381655,19.44
RA-277,2023,FASE 4,4M,Aluno-277,2008.0,2008-12-09,,Masculino,2021.0,Pública,,,,Ametista,Ametista,,Ametista,7.7284,7.411,,,,,,4.0,8.3,9.9,7.52,5.5,8.7525,5.0,8.125,5.7,6.0,4.8,,,Fase 5 (1° EM),-1.0,,,,,1,0.5174587926257445,51.75
RA-278,2023,FASE 4,4M,Aluno-278,2010.0,2010-05-17,13.0,Masculino,2018.0,Pública,,,Ametista,Topázio,Ametista,,Ametista,7.1935,7.741,,,,,,4.0,0.0,9.8,5.63,5.6,8.3775,10.0,8.75,6.0,5.3,5.5,,,Fase 3 (7° e 8° ano),1.0,,,,,0,0.2203122595288403,22.03
RA-291,2023,FASE 4,4M,Aluno-291,2009.0,2009-01-17,14.0,Masculino,2022.0,Privada - Programa de Apadrinhamento,,,,,Topázio,,Topázio,8.493058333,8.122,,,,,,4.0,8.8,8.6,7.52,7.1,9.21,10.0,8.90625,8.0,6.5,6.7,,,Fase 4 (9° ano),0.0,,,,,0,0.3491776031557802,34.92
RA-306,2023,FASE 4,4M,Aluno-306,2008.0,2008-06-02,,Feminino,2021.0,Pública,,,,Ametista,Ágata,,Quartzo,5.732375,6.427,,,,,,4.0,0.0,7.9,6.26,4.0,7.46,5.0,7.34375,4.7,4.5,2.8,,,Fase 5 (1° EM),-1.0,,,,,1,0.7678635183195318,76.79
RA-279,2023,FASE 4,4M,Aluno-279,2009.0,2009-08-25,14.0,Masculino,2019.0,Pública,,,Topázio,Topázio,Topázio,,Topázio,9.006266667,8.815,,,,,,4.0,8.8,10.0,6.27,8.9,9.2125,10.0,8.75,9.0,8.5,9.3,,,Fase 4 (9° ano),0.0,,,,,0,0.19323826471973077,19.32
RA-280,2023,FASE 4,4M,Aluno-280,2009.0,2009-04-07,,Feminino,2021.0,Privada - Programa de Apadrinhamento,,,,Topázio,Ametista,,Topázio,8.189225,8.046,,,,,,4.0,6.7,9.5,7.52,6.5,8.7125,10.0,8.28125,6.3,7.7,5.5,,,Fase 4 (9° ano),0.0,,,,,0,0.17267015664233967,17.27
RA-276,2023,FASE 4,4M,Aluno-276,2008.0,2008-12-11,,Feminino,2017.0,Privada - Programa de Apadrinhamento,,,Ágata,Quartzo,Quartzo,,Agata,6.690458333,5.527,,,,,,4.0,6.3,8.5,2.52,5.5,6.585,10.0,7.03125,3.7,4.7,8.0,,,Fase 4 (9° ano),0.0,,,,,0,0.44822315531155815,44.82
RA-285,2023,FASE 4,4N,Aluno-285,2006.0,2006-08-18,17.0,Feminino,2020.0,Pública,,,Ametista,Quartzo,Quartzo,,Quartzo,5.380358333,5.063,,,,,,4.0,8.3,4.6,2.52,4.7,7.13,2.5,7.65625,4.0,6.0,4.0,,,Fase 7 (3° EM),-3.0,,,,,1,0.9129165243525871,91.29
RA-1194,2023,FASE 4,4N,Aluno-1194,2010.0,2010-08-21,13.0,Masculino,2023.0,Pública,,,,,,,Ametista,7.671933333,,,,,,,4.0,8.8,9.0,5.0,6.1,7.6675,10.0,7.5,6.0,4.2,8.0,,,Fase 3 (7° e 8° ano),1.0,,,,,0,0.42409999577724883,42.41
RA-287,2023,FASE 4,4N,Aluno-287,2005.0,2005-07-13,18.0,Feminino,2022.0,Pública,,,,,Quartzo,,Quartzo,3.745541667,3.7,,,,,,4.0,0.0,4.8,2.52,3.9,5.375,2.5,4.21875,3.0,2.3,6.5,,,Fase 8 (Universitários),-4.0,,,,,1,0.8877647426533932,88.78
RA-319,2023,FASE 4,4N,Aluno-319,2009.0,2009-07-07,,Masculino,2022.0,Concluiu o 3º EM,,,,,Ametista,,Topázio,8.367208333,7.448,,,,,,4.0,9.6,9.2,5.0,7.2,8.88,10.0,8.59375,5.7,5.8,10.0,,,Fase 4 (9° ano),0.0,,,,,0,0.3091555072188166,30.92
RA-321,2023,FASE 4,4N,Aluno-321,2010.0,2010-04-24,13.0,Feminino,2022.0,Pública,,,,,Ametista,,Ametista,7.695233333,7.792,,,,,,4.0,8.3,9.4,2.52,6.2,8.42,10.0,8.125,6.0,5.8,6.7,,,Fase 3 (7° e 8° ano),1.0,,,,,0,0.33737951704083463,33.74
RA-1195,2023,FASE 4,4N,Aluno-1195,2006.0,2006-02-10,,Feminino,2022.0,Pública,,,,,,,Quartzo,5.677291667,,,,,,,4.0,0.0,8.3,2.52,5.4,8.0025,2.5,8.28125,4.3,4.7,7.3,,,Fase 7 (3° EM),-3.0,,,,,1,0.6231335768280697,62.31
RA-159,2023,FASE 4,4N,Aluno-159,2007.0,2007-08-28,16.0,Feminino,2021.0,Pública,,,,Ametista,Ágata,,Agata,6.805033333,6.49,,,,,,4.0,7.9,8.1,2.52,6.3,7.8775,5.0,8.125,5.0,6.0,7.8,,,Fase 6 (2° EM),-2.0,,,,,1,0.8572072932816829,85.72
RA-322,2023,FASE 4,4N,Aluno-322,2009.0,2009-02-28,14.0,Feminino,2022.0,Pública,,,,,Ágata,,Ametista,7.037808333,6.859,,,,,,4.0,6.7,8.3,2.52,5.3,8.045,10.0,7.96875,4.0,5.5,6.3,,,Fase 4 (9° ano),0.0,,,,,0,0.4381635916471292,43.82
RA-251,2023,FASE 4,4N,Aluno-251,2007.0,2007-08-12,,Masculino,2018.0,Pública,,,Ametista,Ametista,Ágata,,Agata,6.665208333,7.022,,,,,,4.0,9.6,8.0,2.52,5.3,7.835,5.0,7.34375,5.0,5.5,5.3,,,Fase 5 (1° EM),-1.0,,,,,1,0.5734659619890285,57.35
RA-116,2023,FASE 5,5A,Aluno-116,2006.0,2006-08-31,17.0,Feminino,2019.0,Pública,,,Ametista,Ágata,Ágata,,Agata,6.433075,6.854,,,,,,4.0,6.7,7.6,5.0,4.7,7.5475,5.0,7.96875,2.3,5.0,6.8,,,Fase 7 (3° EM),-2.0,,,,,1,0.7765431832587999,77.65
RA-103,2023,FASE 5,5A,Aluno-103,2009.0,2009-05-17,14.0,Feminino,2020.0,Privada - Programa de Apadrinhamento,,,Ágata,Ametista,Topázio,,Topázio,8.0239,8.107,,,,,,4.0,8.3,9.2,5.0,7.1,8.09,10.0,8.125,7.3,6.3,7.7,,,Fase 4 (9° ano),1.0,,,,,0,0.13734899387469754,13.73
RA-42,2023,FASE 5,5A,Aluno-42,2007.0,2007-11-03,,Masculino,2019.0,Privada - Programa de Apadrinhamento,,,Topázio,Ametista,Ágata,,Agata,6.794516667,6.72,,,,,,4.0,8.8,8.6,5.63,5.7,6.6675,5.0,6.5625,6.3,4.2,6.7,,,Fase 6 (2° EM),-1.0,,,,,1,0.656374111221837,65.64
RA-121,2023,FASE 5,5A,Aluno-121,2006.0,2006-12-11,,Feminino,2021.0,Pública,,,,Ágata,Ametista,,Agata,6.811875,7.245,,,,,,4.0,6.3,8.8,5.0,6.0,7.4625,5.0,7.34375,5.0,5.7,7.3,,,Fase 6 (2° EM),-1.0,,,,,1,0.6130840706730337,61.31
RA-106,2023,FASE 5,5A,Aluno-106,2007.0,2007-12-23,15.0,Feminino,2016.0,Privada - Programa de Apadrinhamento,,,Topázio,Ametista,Ametista,,Ametista,7.769658333,7.973,,,,,,4.0,7.9,9.1,5.0,7.3,7.5075,10.0,7.03125,6.7,6.8,8.3,,,Fase 5 (1° EM),0.0,,,,,0,0.22446089411766298,22.45
RA-123,2023,FASE 5,5A,Aluno-123,2006.0,2006-07-22,17.0,Masculino,2017.0,Privada - Programa de Apadrinhamento,,,Ametista,Ametista,Ametista,,Agata,6.068333333,7.084,,,,,,4.0,0.0,9.4,5.0,5.7,6.8375,5.0,6.875,5.0,5.3,6.7,,,Fase 7 (3° EM),-2.0,,,,,1,0.7888521908476552,78.89
RA-46,2023,FASE 5,5A,Aluno-46,2005.0,2005-04-16,18.0,Feminino,2022.0,Pública,,,,,Ágata,,Quartzo,5.545383333,6.048,,,,,,4.0,7.1,7.4,2.52,4.4,6.6275,2.5,6.5625,2.8,3.0,7.3,,,Fase 8 (Universitários),-3.0,,,,,1,0.8519411607027003,85.19
RA-125,2023,FASE 5,5A,Aluno-125,2007.0,2007-01-21,16.0,Feminino,2022.0,Privada,,,,,Ametista,,Agata,6.989633333,7.619,,,,,,4.0,9.2,7.7,5.0,5.8,7.835,5.0,8.125,3.3,5.8,8.2,,,Fase 6 (2° EM),-1.0,,,,,1,0.5706646819905097,57.07
RA-110,2023,FASE 5,5A,Aluno-110,2008.0,2008-07-19,15.0,Masculino,2017.0,Privada - Programa de Apadrinhamento,,,Ametista,Topázio,Topázio,,Topázio,8.0879,8.15,,,,,,4.0,8.3,8.6,5.0,7.5,8.2975,10.0,8.75,8.3,6.2,8.0,,,Fase 5 (1° EM),0.0,,,,,0,0.18416067902473438,18.42
RA-128,2023,FASE 5,5A,Aluno-128,2007.0,2007-09-20,16.0,Masculino,2019.0,Privada,,,Ametista,Ágata,Quartzo,,Agata,6.503908333,5.563,,,,,,4.0,6.7,7.3,5.0,5.7,7.5475,5.0,7.34375,6.3,4.0,6.7,,,Fase 6 (2° EM),-1.0,,,,,1,0.8736021376868953,87.36
RA-143,2023,FASE 5,5A,Aluno-143,2009.0,2009-01-08,,Masculino,2019.0,Privada - Programa de Apadrinhamento,,,Topázio,Topázio,Topázio,,Ametista,7.794358333,8.638,,,,,,4.0,8.3,9.6,2.52,6.5,8.3375,10.0,8.28125,9.2,5.0,5.2,,,Fase 4 (9° ano),1.0,,,,,0,0.1609004422221872,16.09
RA-111,2023,FASE 5,5A,Aluno-111,2009.0,2009-06-27,14.0,Feminino,2020.0,Privada - Programa de Apadrinhamento,,,Ametista,Topázio,Topázio,,Ametista,7.566458333,8.646,,,,,,4.0,7.5,8.7,5.0,6.0,8.0875,10.0,7.65625,6.0,5.2,6.7,,,Fase 4 (9° ano),1.0,,,,,0,0.1272771120198333,12.73
RA-112,2023,FASE 5,5A,Aluno-112,2007.0,2007-09-08,,Feminino,2016.0,Privada - Programa de Apadrinhamento,,,Ametista,Ametista,Ametista,,Ametista,7.141308333,7.836,,,,,,4.0,6.7,8.1,5.0,7.4,7.9225,5.0,7.96875,7.3,6.5,8.3,,,Fase 6 (2° EM),-1.0,,,,,1,0.5118152388568484,51.18
RA-115,2023,FASE 5,5A,Aluno-115,2006.0,2006-11-18,16.0,Feminino,2019.0,Pública,,,Ametista,Ametista,Quartzo,,Agata,6.319141667,5.886,,,,,,4.0,8.8,7.1,5.0,4.2,7.215,5.0,7.34375,3.7,3.8,5.2,,,Fase 6 (2° EM),-1.0,,,,,1,0.9020250346943489,90.2
RA-1196,2023,FASE 5,5B,Aluno-1196,2008.0,2008-06-13,15.0,Masculino,2023.0,Privada,,,,,,,Ametista,7.03025,,,,,,,4.0,0.0,8.2,5.0,7.5,8.045,10.0,7.8125,8.0,6.2,8.3,,,Fase 5 (1° EM),0.0,,,,,0,0.46800836222627995,46.8
RA-52,2023,FASE 5,5B,Aluno-52,2009.0,2009-08-02,,Masculino,2018.0,Privada - Programa de Apadrinhamento,,,Topázio,Ametista,Ametista,,Ametista,7.9642,7.861,,,,,,4.0,10.0,9.8,2.52,6.4,8.2975,10.0,8.125,7.7,4.8,6.7,,,Fase 4 (9° ano),1.0,,,,,0,0.27993182944872125,27.99
RA-1197,2023,FASE 5,5B,Aluno-1197,2007.0,2007-04-26,16.0,Feminino,2023.0,Pública,,,,,,,Agata,6.946058333,,,,,,,4.0,6.7,8.4,5.0,7.3,7.215,5.0,7.03125,5.3,7.2,9.3,,,Fase 6 (2° EM),-1.0,,,,,1,0.7943058801066788,79.43
RA-108,2023,FASE 5,5B,Aluno-108,2005.0,2005-04-11,,Feminino,2019.0,Concluiu o 3º EM,,,Ágata,Ágata,Quartzo,,Quartzo,4.9308,5.547,,,,,,4.0,5.8,7.3,2.52,2.9,5.59,5.0,4.375,2.7,3.2,2.8,,,Fase 7 (3° EM),-2.0,,,,,1,0.8269919407723759,82.7
RA-1198,2023,FASE 5,5B,Aluno-1198,2007.0,2007-11-08,,Feminino,2023.0,Pública,,,,,,,Ametista,7.515233333,,,,,,,4.0,8.3,9.4,6.26,6.7,7.9625,5.0,7.5,7.3,3.7,9.0,,,Fase 6 (2° EM),-1.0,,,,,1,0.6518895666628481,65.19
RA-127,2023,FASE 5,5B,Aluno-127,2008.0,2008-07-18,15.0,Feminino,2022.0,Pública,,,,,Topázio,,Ametista,7.91935,8.283,,,,,,4.0,8.8,7.8,6.26,6.4,8.6725,10.0,8.4375,4.7,6.3,8.2,,,Fase 5 (1° EM),0.0,,,,,0,0.20347148395062611,20.35
RA-114,2023,FASE 5,5B,Aluno-114,2006.0,2006-02-09,,Masculino,2022.0,Pública,,,,,Quartzo,,Quartzo,5.335,5.894,,,,,,4.0,0.0,6.0,3.14,5.6,7.255,5.0,7.5,4.0,4.5,8.3,,,Fase 7 (3° EM),-2.0,,,,,1,0.7490284263712987,74.9
RA-146,2023,FASE 5,5C,Aluno-146,2007.0,2007-06-06,,Feminino,2022.0,Pública,,,,,Ametista,,Ametista,7.584483333,7.947,,,,,,4.0,6.2,9.5,5.0,7.9,8.2125,5.0,8.4375,7.8,5.8,10.0,,,Fase 6 (2° EM),-1.0,,,,,0,0.4247155566474945,42.47
RA-1199,2023,FASE 5,5C,Aluno-1199,2006.0,2006-11-01,,Masculino,2023.0,Pública,,,,,,,Ametista,7.024933333,,,,,,,4.0,6.7,9.1,5.0,6.2,8.0875,5.0,6.875,6.8,5.0,6.7,,,Fase 7 (3° EM),-2.0,,,,,1,0.6792879068642881,67.93
RA-70,2023,FASE 5,5C,Aluno-70,2006.0,2006-08-20,17.0,Feminino,2017.0,Pública,,,Ágata,Quartzo,Quartzo,,Agata,6.869133333,5.712,,,,,,4.0,9.2,9.2,5.0,4.3,7.545,5.0,7.5,3.0,3.5,6.3,,,Fase 7 (3° EM),-2.0,,,,,1,0.7984092500667398,79.84
RA-107,2023,FASE 5,5C,Aluno-107,2007.0,2007-11-25,15.0,Feminino,2018.0,Pública,,,Topázio,Ágata,Ágata,,Agata,6.845208333,6.258,,,,,,4.0,0.0,8.5,5.0,7.0,7.5875,10.0,7.34375,6.0,5.2,9.7,,,Fase 5 (1° EM),0.0,,,,,0,0.4431631431274966,44.32
RA-1200,2023,FASE 5,5C,Aluno-1200,2007.0,2007-12-21,15.0,Feminino,2023.0,Pública,,,,,,,Quartzo,5.711166667,,,,,,,4.0,0.0,6.4,5.0,4.0,6.8725,10.0,7.5,4.3,2.3,5.5,,,Fase 5 (1° EM),0.0,,,,,0,0.4610129308702033,46.1
RA-151,2023,FASE 5,5C,Aluno-151,2006.0,2006-06-15,17.0,Feminino,2020.0,Pública,,,Ametista,Ametista,Ametista,,Agata,6.892541667,7.563,,,,,,4.0,0.0,7.8,7.52,7.9,8.1725,5.0,8.59375,6.8,7.0,10.0,,,Fase 7 (3° EM),-2.0,,,,,1,0.5898001022533861,58.98
RA-85,2023,FASE 5,5C,Aluno-85,2007.0,2007-02-13,16.0,Masculino,2022.0,Pública,,,,,Ágata,,Ametista,7.08435,6.243,,,,,,4.0,8.8,8.9,6.27,5.7,7.8425,5.0,5.9375,5.8,3.8,7.5,,,Fase 6 (2° EM),-1.0,,,,,1,0.8605369457675178,86.05
RA-1201,2023,FASE 5,5C,Aluno-1201,2008.0,2008-02-18,15.0,Masculino,2023.0,Pública,,,,,,,Topázio,8.378008333,,,,,,,4.0,9.2,9.6,3.77,7.8,8.7575,10.0,8.59375,8.3,6.5,8.5,,,Fase 5 (1° EM),0.0,,,,,0,0.4017827346645696,40.18
RA-131,2023,FASE 5,5F,Aluno-131,2007.0,2007-02-15,16.0,Feminino,2016.0,Pública,,,Topázio,Ametista,Ametista,,Quartzo,5.952358333,7.174,,,,,,4.0,8.3,7.8,5.0,2.2,6.8,5.0,7.65625,0.0,3.0,3.5,,,Fase 6 (2° EM),-1.0,,,,,1,0.7272079977036604,72.72
RA-132,2023,FASE 5,5F,Aluno-132,2008.0,2008-03-28,15.0,Feminino,2019.0,Privada - Programa de Apadrinhamento,,,Topázio,Ametista,Topázio,,Ametista,7.350625,8.355,,,,,,4.0,7.5,8.7,2.52,6.5,7.715,10.0,7.65625,6.3,6.5,6.7,,,Fase 5 (1° EM),0.0,,,,,0,0.1346827453681956,13.47
RA-133,2023,FASE 5,5F,Aluno-133,2007.0,2007-04-27,16.0,Feminino,2016.0,Pública,,,Ametista,Quartzo,Ágata,,Agata,6.168416667,6.875,,,,,,4.0,7.5,7.9,2.52,5.3,6.505,5.0,7.1875,5.0,4.3,6.7,,,Fase 6 (2° EM),-1.0,,,,,1,0.8027374155659653,80.27
RA-104,2023,FASE 5,5F,Aluno-104,2004.0,2004-06-08,,Masculino,2022.0,Pública,,,,,Ágata,,Quartzo,4.25,6.315,,,,,,4.0,0.0,7.7,2.52,2.6,5.6275,2.5,5.625,3.7,1.8,2.3,,,Fase 8 (Universitários),-3.0,,,,,1,0.879465922566459,87.95
RA-137,2023,FASE 5,5F,Aluno-137,2005.0,2005-12-29,17.0,Feminino,2016.0,Privada - Programa de Apadrinhamento,,,Quartzo,Ágata,Ametista,,Quartzo,5.937025,7.056,,,,,,4.0,7.1,6.3,2.52,6.0,6.88,5.0,6.40625,7.3,4.5,6.2,,,Fase 7 (3° EM),-2.0,,,,,1,0.7726400791686027,77.26
RA-144,2023,FASE 5,5F,Aluno-144,2008.0,2008-12-23,14.0,Feminino,2017.0,Privada - Programa de Apadrinhamento,,,Ágata,Quartzo,Topázio,,Quartzo,4.990333333,8.181,,,,,,4.0,0.0,5.2,2.52,4.4,6.0,10.0,6.25,3.3,2.5,7.3,,,Fase 4 (9° ano),1.0,,,,,0,0.23203218055185665,23.2
RA-1202,2023,FASE 5,5F,Aluno-1202,2007.0,2007-02-28,16.0,Feminino,2023.0,Pública,,,,,,,Agata,6.202008333,,,,,,,4.0,7.1,7.6,7.52,3.3,6.67,5.0,7.34375,4.5,3.3,2.0,,,Fase 6 (2° EM),-1.0,,,,,1,0.6827972486844149,68.28
RA-90,2023,FASE 5,5L,Aluno-90,2009.0,2009-02-25,14.0,Feminino,2019.0,Privada - Programa de Apadrinhamento,,,Topázio,Topázio,Topázio,,Topázio,8.699408333,9.442,,,,,,4.0,10.0,9.6,7.52,7.7,8.1725,10.0,8.59375,6.7,6.8,9.5,,,Fase 4 (9° ano),1.0,,,,,0,0.1342705411908851,13.43
RA-167,2023,FASE 5,5L,Aluno-167,2006.0,2006-10-08,,Feminino,2018.0,Privada - Programa de Apadrinhamento,,,Ametista,Ametista,Ametista,,Ametista,7.806141667,7.798,,,,,,4.0,8.8,9.9,5.0,7.9,7.8375,5.0,7.96875,8.3,7.2,8.3,,,Fase 7 (3° EM),-2.0,,,,,1,0.5560412139763792,55.6
RA-168,2023,FASE 5,5L,Aluno-168,2007.0,2007-11-15,15.0,Feminino,2018.0,Privada - Programa de Apadrinhamento,,,Ametista,Ametista,Ágata,,Agata,6.483083333,6.917,,,,,,4.0,0.0,9.6,6.89,4.7,6.4225,10.0,6.5625,4.3,3.0,6.7,,,Fase 5 (1° EM),0.0,,,,,0,0.47514926703933624,47.51
RA-1203,2023,FASE 5,5L,Aluno-1203,2007.0,2007-04-10,,Feminino,2023.0,Pública,,,,,,,Ametista,7.487841667,,,,,,,4.0,9.2,10.0,2.52,7.2,7.8775,5.0,7.96875,6.7,5.8,9.2,,,Fase 6 (2° EM),-1.0,,,,,1,0.5210177937111713,52.1
RA-155,2023,FASE 5,5L,Aluno-155,2006.0,2006-06-18,17.0,Masculino,2022.0,Pública,,,,,Ametista,,Agata,6.318991667,7.051,,,,,,4.0,7.9,8.1,5.0,4.4,6.5875,5.0,7.03125,5.3,2.8,5.2,,,Fase 7 (3° EM),-2.0,,,,,1,0.7085138341990849,70.85
RA-94,2023,FASE 5,5L,Aluno-94,2007.0,2007-01-07,,Feminino,2018.0,Privada - Programa de Apadrinhamento,,,Ametista,Topázio,Topázio,,Ametista,7.289333333,8.921,,,,,,4.0,7.5,9.6,2.52,7.2,7.795,5.0,8.75,7.7,4.8,9.0,,,Fase 6 (2° EM),-1.0,,,,,0,0.3100153101849999,31.0
RA-81,2023,FASE 5,5L,Aluno-81,2008.0,2008-03-22,15.0,Feminino,2017.0,Privada - Programa de Apadrinhamento,,,Ametista,Topázio,Ametista,,Ametista,7.45425,7.675,,,,,,4.0,9.6,8.8,2.52,6.3,7.2125,10.0,7.8125,8.7,4.7,5.5,,,Fase 5 (1° EM),0.0,,,,,1,0.5585364778789329,55.85
RA-302,2023,FASE 5,5L,Aluno-302,2006.0,2006-02-18,17.0,Masculino,2022.0,Pública,,,,,Ágata,,Quartzo,5.314333333,6.334,,,,,,4.0,0.0,7.3,5.0,4.3,6.255,5.0,7.5,4.7,2.3,5.8,,,Fase 7 (3° EM),-2.0,,,,,1,0.8786421162770022,87.86
RA-171,2023,FASE 5,5L,Aluno-171,2006.0,2006-09-16,17.0,Masculino,2022.0,Pública,,,,,Ágata,,Agata,6.293083333,6.581,,,,,,4.0,7.5,7.2,5.0,5.2,6.755,5.0,7.1875,4.5,4.8,6.2,,,Fase 7 (3° EM),-2.0,,,,,1,0.9051605722096339,90.52
RA-160,2023,FASE 5,5L,Aluno-160,2007.0,2007-09-21,16.0,Feminino,2021.0,Privada - Programa de Apadrinhamento,,,,Ágata,Ágata,,Agata,6.598266667,6.746,,,,,,4.0,8.8,8.3,2.52,5.0,7.46,5.0,8.125,3.3,3.8,8.0,,,Fase 6 (2° EM),-1.0,,,,,1,0.70789624782752,70.79
RA-1204,2023,FASE 5,5L,Aluno-1204,2007.0,2007-04-16,16.0,Masculino,2023.0,Pública,,,,,,,Agata,6.940416667,,,,,,,4.0,7.5,8.7,5.0,6.1,7.2125,5.0,7.8125,5.0,3.7,9.7,,,Fase 6 (2° EM),-1.0,,,,,1,0.648515600749645,64.85
RA-1205,2023,FASE 5,5L,Aluno-1205,2005.0,2005-05-13,18.0,Feminino,2023.0,Pública,,,,,,,Agata,6.806466667,,,,,,,4.0,9.2,9.2,6.26,5.0,7.085,2.5,7.5,5.2,3.7,6.2,,,Fase 8 (Universitários),-3.0,,,,,1,0.758860120989395,75.89
RA-173,2023,FASE 5,5L,Aluno-173,2005.0,2005-11-16,17.0,Masculino,2019.0,Privada - Programa de Apadrinhamento,,,Ametista,Ametista,Ametista,,Ametista,7.757466667,7.816,,,,,,4.0,9.2,8.5,6.26,8.1,7.8775,5.0,8.125,9.0,6.2,9.2,,,Fase 7 (3° EM),-2.0,,,,,1,0.6022057494477274,60.22
RA-166,2023,FASE 5,5L,Aluno-166,2008.0,2008-03-06,,Masculino,2020.0,Privada - Programa de Apadrinhamento,,,Ametista,Ametista,Topázio,,Topázio,8.105583333,8.253,,,,,,4.0,7.5,8.9,6.26,8.1,7.4625,10.0,8.4375,7.0,7.2,10.0,,,Fase 5 (1° EM),0.0,,,,,0,0.1262146161611297,12.62
RA-175,2023,FASE 5,5L,Aluno-175,2007.0,2007-04-03,,Feminino,2018.0,Privada - Programa de Apadrinhamento,,,Ametista,Ametista,Ágata,,Agata,6.569516667,6.75,,,,,,4.0,8.8,9.2,2.52,4.8,7.085,5.0,7.1875,5.0,5.0,4.5,,,Fase 6 (2° EM),-1.0,,,,,1,0.567902640494127,56.79
RA-153,2023,FASE 5,5M,Aluno-153,2008.0,2008-08-15,15.0,Feminino,2018.0,Privada - Programa de Apadrinhamento,,,Ágata,Ametista,Ametista,,Ametista,7.289966667,7.535,,,,,,4.0,9.2,7.4,2.52,6.4,7.71,10.0,8.125,6.0,5.3,8.0,,,Fase 5 (1° EM),0.0,,,,,1,0.518070524686215,51.81
RA-1206,2023,FASE 5,5M,Aluno-1206,2006.0,2006-05-17,17.0,Feminino,2023.0,Pública,,,,,,,Agata,6.724183333,,,,,,,4.0,8.8,8.3,2.52,5.6,7.7125,5.0,7.8125,4.7,3.7,8.3,,,Fase 7 (3° EM),-2.0,,,,,1,0.7865342870208394,78.65
RA-157,2023,FASE 5,5M,Aluno-157,2010.0,2010-03-13,13.0,Feminino,2018.0,Privada - Programa de Apadrinhamento,,,Ametista,Topázio,Topázio,,Ametista,7.879008333,8.317,,,,,,4.0,7.1,9.9,2.52,6.8,8.63,10.0,8.59375,6.0,6.8,7.5,,,Fase 3 (7° e 8° ano),2.0,,,,,0,0.06512115787449334,6.51
RA-1207,2023,FASE 5,5M,Aluno-1207,2008.0,2008-12-02,,Feminino,2023.0,Pública,,,,,,,Ametista,7.58235,,,,,,,4.0,8.8,9.0,5.0,5.5,7.63,10.0,7.8125,5.0,4.0,7.5,,,Fase 5 (1° EM),0.0,,,,,0,0.4891372065047135,48.91
RA-1208,2023,FASE 5,5M,Aluno-1208,2008.0,2008-02-29,15.0,Masculino,2023.0,Pública,,,,,,,Ametista,7.0651,,,,,,,4.0,8.8,8.8,2.52,6.2,6.2525,10.0,6.875,5.0,4.8,8.8,,,Fase 5 (1° EM),0.0,,,,,0,0.46438938263210067,46.44
RA-1209,2023,FASE 5,5M,Aluno-1209,2007.0,2007-10-23,16.0,Feminino,2023.0,Pública,,,,,,,Ametista,7.43375,,,,,,,4.0,7.5,9.4,5.0,7.4,7.7125,5.0,7.8125,7.7,5.7,8.8,,,Fase 6 (2° EM),-1.0,,,,,1,0.7239053526269391,72.39
RA-158,2023,FASE 5,5M,Aluno-158,2009.0,2009-05-01,,Feminino,2017.0,Privada - Programa de Apadrinhamento,,,Ametista,Ametista,Ametista,,Ametista,7.297425,7.302,,,,,,4.0,7.1,9.0,2.52,6.0,7.545,10.0,8.28125,6.0,5.7,6.3,,,Fase 4 (9° ano),1.0,,,,,0,0.2990677224844502,29.91
RA-161,2023,FASE 5,5M,Aluno-161,2009.0,2009-05-29,14.0,Feminino,2018.0,Privada - Programa de Apadrinhamento,,,Ametista,Ametista,Ametista,,Agata,6.250166667,7.957,,,,,,4.0,0.0,7.3,2.52,5.8,7.795,10.0,8.125,7.0,4.5,6.0,,,Fase 4 (9° ano),1.0,,,,,0,0.19071160746335902,19.07
RA-164,2023,FASE 5,5M,Aluno-164,2006.0,2006-12-29,16.0,Masculino,2018.0,Privada,,,Ágata,Ágata,Ágata,,Quartzo,5.638666667,6.776,,,,,,4.0,0.0,8.2,2.52,5.8,6.9625,5.0,6.875,6.0,4.2,7.3,,,Fase 6 (2° EM),-1.0,,,,,1,0.8811929451078094,88.12
RA-1210,2023,FASE 5,5M,Aluno-1210,2007.0,2007-10-20,16.0,Feminino,2023.0,Pública,,,,,,,Ametista,7.171083333,,,,,,,4.0,9.6,9.4,5.0,4.7,8.09,5.0,7.8125,5.0,2.0,7.0,,,Fase 6 (2° EM),-1.0,,,,,1,0.7275846833438742,72.76
RA-165,2023,FASE 5,5M,Aluno-165,2008.0,2008-02-08,,Feminino,2017.0,Privada - Programa de Apadrinhamento,,,Ametista,Ametista,Topázio,,Ametista,7.583433333,8.063,,,,,,4.0,6.7,9.2,2.52,7.3,7.795,10.0,8.125,7.3,6.2,8.3,,,Fase 5 (1° EM),0.0,,,,,0,0.12375489747205039,12.38
RA-1211,2023,FASE 5,5M,Aluno-1211,2007.0,2007-07-24,16.0,Feminino,2023.0,Pública,,,,,,,Ametista,7.09205,,,,,,,4.0,7.1,9.1,5.0,6.2,7.7125,5.0,7.8125,6.3,4.5,7.8,,,Fase 6 (2° EM),-1.0,,,,,1,0.7625635087141092,76.26
RA-1212,2023,FASE 5,5M,Aluno-1212,2007.0,2007-07-20,16.0,Feminino,2023.0,Pública,,,,,,,Agata,6.755358333,,,,,,,4.0,8.3,8.9,5.0,4.2,7.715,5.0,7.65625,0.0,3.5,9.0,,,Fase 6 (2° EM),-1.0,,,,,1,0.6997263860215108,69.97
RA-1213,2023,FASE 5,5M,Aluno-1213,2006.0,2006-03-07,,Feminino,2023.0,Pública,,,,,,,Quartzo,5.95625,,,,,,,4.0,0.0,8.4,2.52,6.0,7.715,5.0,7.8125,6.7,4.8,6.5,,,Fase 7 (3° EM),-2.0,,,,,1,0.5707676729246095,57.08
RA-40,2023,FASE 6,6A,Aluno-40,2006.0,2006-08-28,17.0,Feminino,2016.0,Privada - Programa de Apadrinhamento,,,Ametista,Ágata,Ametista,,Ametista,7.169975,7.203,,,,,,4.0,7.5,8.2,7.52,5.9,7.755,5.0,7.96875,6.2,5.7,5.8,,,Fase 7 (3° EM),-1.0,,,,,1,0.7318263955385919,73.18
RA-1214,2023,FASE 6,6A,Aluno-1214,2007.0,2007-02-28,16.0,Masculino,2023.0,Pública,,,,,,,Topázio,8.378666667,,,,,,,4.0,9.6,9.8,6.89,7.4,7.6725,10.0,7.5,8.0,5.0,9.3,,,Fase 6 (2° EM),0.0,,,,,1,0.6750310338077665,67.5
RA-71,2023,FASE 6,6A,Aluno-71,2005.0,2005-11-04,,Feminino,2019.0,Pública,,,Ágata,Ametista,Quartzo,,Ametista,7.3651,4.332,,,,,,4.0,6.7,9.8,6.26,6.6,7.7125,5.0,7.5,7.3,5.5,7.0,,,Fase 8 (Universitários),-2.0,,,,,1,0.7668060925947437,76.68
RA-53,2023,FASE 6,6A,Aluno-53,2005.0,2005-04-13,18.0,Masculino,2022.0,Concluiu o 3º EM,,,,,Ágata,,Ametista,7.600633333,6.725,,,,,,4.0,9.2,9.1,5.63,7.7,7.5875,5.0,7.5,7.3,6.5,9.2,,,Fase 8 (Universitários),-2.0,,,,,1,0.7904448608518586,79.04
RA-43,2023,FASE 6,6A,Aluno-43,2006.0,2006-06-27,17.0,Feminino,2019.0,Pública,,,Ametista,Ágata,Quartzo,,Agata,6.4622,5.486,,,,,,4.0,7.9,6.7,5.63,5.0,7.5875,5.0,7.5,4.0,5.0,6.0,,,Fase 7 (3° EM),-1.0,,,,,1,0.8653891366126666,86.54
RA-55,2023,FASE 6,6A,Aluno-55,2006.0,2006-07-10,,Feminino,2017.0,Pública,,,Ametista,Ametista,Ágata,,Agata,6.898033333,6.576,,,,,,4.0,7.9,8.1,3.14,7.1,7.545,5.0,7.5,8.7,6.5,6.0,,,Fase 7 (3° EM),-1.0,,,,,1,0.7791460066757584,77.91
RA-44,2023,FASE 6,6A,Aluno-44,2005.0,2005-11-09,,Feminino,2021.0,Pública,,,,Ametista,Quartzo,,Agata,6.258333333,5.542,,,,,,4.0,0.0,8.5,5.01,6.9,7.17,5.0,7.5,7.3,5.8,7.5,,,Fase 8 (Universitários),-2.0,,,,,1,0.7748316755173363,77.48
RA-1215,2023,FASE 6,6A,Aluno-1215,2007.0,2007-06-13,16.0,Feminino,2023.0,Pública,,,,,,,Agata,6.339466667,,,,,,,4.0,7.1,5.6,5.0,4.1,7.1725,10.0,7.5,5.0,2.7,4.7,,,Fase 6 (2° EM),0.0,,,,,0,0.49671469787511063,49.67
RA-45,2023,FASE 6,6A,Aluno-45,2007.0,2007-04-04,,Feminino,2019.0,Privada - Programa de Apadrinhamento,,,Ametista,Topázio,Ametista,,Topázio,8.303591667,7.591,,,,,,4.0,7.1,9.6,6.26,7.9,8.1725,10.0,8.28125,7.8,6.3,9.7,,,Fase 6 (2° EM),0.0,,,,,0,0.3400919714594493,34.01
RA-56,2023,FASE 6,6A,Aluno-56,2007.0,2007-05-16,16.0,Feminino,2019.0,Privada - Programa de Apadrinhamento,,,Topázio,Topázio,Topázio,,Topázio,8.284333333,8.404,,,,,,4.0,9.6,9.5,5.0,7.8,7.8,10.0,8.125,7.8,5.5,10.0,,,Fase 6 (2° EM),0.0,,,,,0,0.2123934534081171,21.24
RA-57,2023,FASE 6,6A,Aluno-57,2006.0,2006-09-07,,Masculino,2017.0,Privada - Programa de Apadrinhamento,,,Ametista,Ametista,Ametista,,Agata,6.450875,7.305,,,,,,4.0,0.0,8.0,5.63,7.2,7.755,5.0,7.96875,7.8,6.8,7.0,,,Fase 7 (3° EM),-1.0,,,,,1,0.7002236479198752,70.02
RA-58,2023,FASE 6,6A,Aluno-58,2007.0,2007-03-05,,Masculino,2017.0,Privada - Programa de Apadrinhamento,,,Topázio,Topázio,Topázio,,Ametista,7.70625,8.136,,,,,,4.0,0.0,9.7,6.26,8.1,8.3825,10.0,8.4375,7.8,6.5,10.0,,,Fase 6 (2° EM),0.0,,,,,0,0.17757498963146154,17.76
RA-59,2023,FASE 6,6A,Aluno-59,2005.0,2005-11-10,,Masculino,2022.0,Privada - Programa de Apadrinhamento,,,,,Ametista,,Ametista,7.692291667,7.642,,,,,,4.0,7.5,9.6,5.63,7.2,8.4225,5.0,8.28125,7.7,6.8,7.2,,,Fase 8 (Universitários),-2.0,,,,,0,0.4564687542258183,45.65
RA-1216,2023,FASE 6,6A,Aluno-1216,2004.0,2004-03-15,19.0,Feminino,2023.0,Concluiu o 3º EM,,,,,,,Ametista,7.7105,,,,,,,4.0,9.6,9.0,5.63,7.9,7.795,5.0,7.5,8.7,5.3,9.7,,,Fase 8 (Universitários),-2.0,,,,,1,0.6791391306541605,67.91
RA-78,2023,FASE 6,6A,Aluno-78,2005.0,2005-03-09,,Feminino,2018.0,Privada - Programa de Apadrinhamento,,,Ametista,Ágata,Ametista,,Agata,6.434625,7.04,,,,,,4.0,0.0,7.7,6.26,6.7,8.0025,5.0,8.28125,8.5,4.8,6.8,,,Fase 8 (Universitários),-2.0,,,,,1,0.7529040350854374,75.29
RA-79,2023,FASE 6,6A,Aluno-79,2006.0,2006-08-10,,Feminino,2018.0,Privada - Programa de Apadrinhamento,,,Ametista,Ágata,Ágata,,Agata,6.635883333,6.847,,,,,,4.0,5.8,6.2,5.0,7.6,7.59,5.0,7.8125,6.0,7.7,9.0,,,Fase 7 (3° EM),-1.0,,,,,1,0.6983013429318136,69.83
RA-61,2023,FASE 6,6A,Aluno-61,2007.0,2007-03-20,16.0,Masculino,2021.0,Pública,,,,Ágata,Ametista,,Ametista,7.382108333,7.533,,,,,,4.0,8.3,7.0,6.26,6.2,7.4625,10.0,7.96875,6.7,4.3,7.5,,,Fase 6 (2° EM),0.0,,,,,0,0.41770507644706123,41.77
RA-63,2023,FASE 6,6A,Aluno-63,2006.0,2006-07-10,,Masculino,2018.0,Pública,,,Ametista,Ametista,Topázio,,Topázio,8.0641,8.282,,,,,,4.0,6.7,9.0,6.89,8.7,8.9675,5.0,8.75,9.3,7.3,9.5,,,Fase 7 (3° EM),-1.0,,,,,0,0.48085939892836005,48.09
RA-64,2023,FASE 6,6A,Aluno-64,2006.0,2006-06-07,,Feminino,2019.0,Privada - Programa de Apadrinhamento,,,Ametista,Topázio,Ametista,,Ametista,7.452541667,7.368,,,,,,4.0,7.5,9.2,6.89,6.7,7.9625,5.0,7.34375,7.0,6.0,7.2,,,Fase 7 (3° EM),-1.0,,,,,1,0.6036012962621392,60.36
RA-48,2023,FASE 6,6A,Aluno-48,2007.0,2007-05-21,16.0,Feminino,2017.0,Privada - Programa de Apadrinhamento,,,Ametista,Ametista,Ametista,,Ametista,7.797058333,8.006,,,,,,4.0,6.7,8.4,6.26,7.7,7.6275,10.0,7.65625,8.3,5.7,9.0,,,Fase 6 (2° EM),0.0,,,,,0,0.24141449582293958,24.14
RA-109,2023,FASE 6,6A,Aluno-109,2006.0,2006-07-10,,Masculino,2021.0,Privada - Programa de Apadrinhamento,,,,Ametista,Topázio,,Topázio,8.3184,8.512,,,,,,4.0,8.3,9.9,7.52,8.3,8.59,5.0,8.75,7.0,8.2,9.7,,,Fase 7 (3° EM),-1.0,,,,,0,0.25321534788823,25.32
RA-80,2023,FASE 6,6L,Aluno-80,2006.0,2006-05-07,,Feminino,2017.0,Privada - Programa de Apadrinhamento,,,Ametista,Topázio,Ametista,,Ametista,7.252275,7.29,,,,,,4.0,8.3,8.4,6.89,6.3,7.465,5.0,7.96875,8.2,5.7,5.0,,,Fase 7 (3° EM),-1.0,,,,,0,0.44602736306777424,44.6
RA-91,2023,FASE 6,6L,Aluno-91,2006.0,2006-10-10,,Feminino,2016.0,Privada - Programa de Apadrinhamento,,,Ametista,Ametista,Ágata,,Ametista,7.42395,6.645,,,,,,4.0,10.0,7.4,6.89,7.4,7.4675,5.0,7.8125,9.5,5.0,7.7,,,Fase 7 (3° EM),-1.0,,,,,1,0.7371980290791289,73.72
RA-1217,2023,FASE 6,6L,Aluno-1217,2006.0,2006-03-31,17.0,Feminino,2023.0,Pública,,,,,,,Agata,6.064625,,,,,,,4.0,0.0,7.9,5.63,5.9,7.38,5.0,7.65625,7.0,4.0,6.7,,,Fase 7 (3° EM),-1.0,,,,,1,0.7576090099566389,75.76
RA-92,2023,FASE 6,6L,Aluno-92,2006.0,2006-12-09,,Feminino,2016.0,Privada - Programa de Apadrinhamento,,,Topázio,Ametista,Ágata,,Ametista,7.375916667,6.957,,,,,,4.0,9.6,9.4,5.63,6.7,7.045,5.0,7.1875,8.7,4.8,6.7,,,Fase 7 (3° EM),-1.0,,,,,1,0.7399346252164907,73.99
RA-96,2023,FASE 6,6L,Aluno-96,2006.0,2006-01-21,17.0,Masculino,2021.0,Privada - Programa de Apadrinhamento,,,,Ametista,Ametista,,Ametista,7.610791667,7.54,,,,,,4.0,9.6,8.9,7.52,6.4,7.84,5.0,7.65625,6.8,4.8,7.7,,,Fase 7 (3° EM),-1.0,,,,,1,0.709431755194266,70.94
RA-1218,2023,FASE 6,6L,Aluno-1218,2006.0,2006-06-20,17.0,Masculino,2023.0,Pública,,,,,,,Agata,6.8265,,,,,,,4.0,7.5,9.2,5.0,5.3,7.1325,5.0,7.5,6.7,3.5,5.7,,,Fase 7 (3° EM),-1.0,,,,,1,0.7656878661695038,76.57
RA-1219,2023,FASE 6,6L,Aluno-1219,2007.0,2007-03-02,,Feminino,2023.0,Pública,,,,,,,Ametista,7.215141667,,,,,,,4.0,8.8,6.5,5.63,6.3,7.38,10.0,7.34375,7.2,5.5,6.3,,,Fase 6 (2° EM),0.0,,,,,1,0.5896334112152971,58.96
RA-1220,2023,FASE 6,6L,Aluno-1220,2005.0,2005-12-16,17.0,Feminino,2023.0,Pública,,,,,,,Agata,6.46725,,,,,,,4.0,0.0,9.0,5.0,6.8,7.63,5.0,7.8125,8.8,5.3,6.3,,,Fase 7 (3° EM),-1.0,,,,,1,0.6317733298538155,63.18
RA-84,2023,FASE 6,6L,Aluno-84,2005.0,2005-11-10,,Feminino,2018.0,Privada - Programa de Apadrinhamento,,,Ametista,Ametista,Ágata,,Agata,6.034416667,6.682,,,,,,4.0,0.0,8.8,2.52,6.0,7.6725,5.0,7.8125,6.8,5.8,5.5,,,Fase 8 (Universitários),-2.0,,,,,1,0.6558432349967185,65.58
RA-99,2023,FASE 6,6L,Aluno-99,2006.0,2006-04-21,17.0,Masculino,2019.0,Pública,,,Ágata,Ágata,Ágata,,Agata,6.68045,6.158,,,,,,4.0,7.9,8.3,5.63,4.5,7.4225,5.0,7.8125,4.7,4.0,4.8,,,Fase 7 (3° EM),-1.0,,,,,1,0.8787083438253892,87.87
RA-87,2023,FASE 6,6L,Aluno-87,2007.0,2007-09-26,16.0,Masculino,2021.0,Privada - Programa de Apadrinhamento,,,,Ametista,Topázio,,Topázio,8.6625,8.712,,,,,,4.0,7.5,10.0,5.63,9.3,8.385,10.0,8.125,9.5,8.7,9.7,,,Fase 6 (2° EM),0.0,,,,,0,0.23629640135194446,23.63
RA-89,2023,FASE 6,6L,Aluno-89,2006.0,2006-06-22,17.0,Masculino,2021.0,Pública,,,,Quartzo,Ametista,,Agata,6.700775,7.323,,,,,,4.0,8.3,8.1,5.0,5.1,7.465,5.0,7.34375,6.3,2.3,6.7,,,Fase 7 (3° EM),-1.0,,,,,1,0.6707899622511142,67.08
RA-1221,2023,FASE 7,7A,Aluno-1221,2001.0,2001-10-15,22.0,Feminino,2023.0,Concluiu o 3º EM,,,,,,,Topázio,8.027466667,,,,,,,4.0,9.2,9.1,6.26,8.7,8.09,5.0,8.0,8.2,8.0,10.0,,,Fase 8 (Universitários),-1.0,,,,,1,0.6060917216839505,60.61
RA-27,2023,FASE 7,7A,Aluno-27,2006.0,2006-01-05,,Masculino,2016.0,Privada - Programa de Apadrinhamento,,,Topázio,Ametista,Ametista,,Ametista,7.921266667,7.124,,,,,,4.0,6.7,7.7,6.89,6.9,8.8825,10.0,8.625,7.0,5.8,8.0,,,Fase 7 (3° EM),0.0,,,,,1,0.606682727819225,60.67
RA-1222,2023,FASE 7,7A,Aluno-1222,2003.0,2003-12-11,,Feminino,2023.0,Nenhuma das opções acima,,,,,,,Ametista,7.026466667,,,,,,,4.0,7.1,10.0,5.63,6.8,6.005,5.0,6.875,5.0,6.5,9.0,,,Fase 8 (Universitários),-1.0,,,,,1,0.6353955129585379,63.54
RA-32,2023,FASE 7,7A,Aluno-32,2006.0,2006-04-01,,Feminino,2018.0,Privada - Programa de Apadrinhamento,,,Ametista,Ametista,Ametista,,Agata,6.716666667,7.37,,,,,,4.0,0.0,8.2,3.77,7.9,6.8775,10.0,7.375,9.0,5.8,9.0,,,Fase 7 (3° EM),0.0,,,,,1,0.5744256973553101,57.44
RA-19,2023,FASE 7,7A,Aluno-19,2003.0,2003-11-22,19.0,Feminino,2022.0,Nenhuma das opções acima,,,,,Ametista,,Ametista,7.710866667,7.665,,,,,,4.0,7.9,9.4,5.63,7.8,8.1725,5.0,7.75,7.7,7.0,8.8,,,Fase 8 (Universitários),-1.0,,,,,1,0.7409812584563115,74.1
RA-62,2023,FASE 7,7A,Aluno-62,2005.0,2005-12-31,17.0,Feminino,2022.0,Pública,,,,,Ametista,,Ametista,7.610333333,7.891,,,,,,4.0,0.0,9.8,6.89,7.5,8.215,10.0,8.25,9.3,6.8,6.3,,,Fase 7 (3° EM),0.0,,,,,0,0.32624741991840284,32.62
RA-1223,2023,FASE 7,7A,Aluno-1223,2006.0,2006-11-01,,Masculino,2023.0,Pública,,,,,,,Topázio,8.187766667,,,,,,,4.0,8.8,9.3,5.0,9.0,7.2925,10.0,6.875,9.5,8.3,9.3,,,Fase 7 (3° EM),0.0,,,,,0,0.3906457487075226,39.06
RA-38,2023,FASE 7,7A,Aluno-38,2005.0,2005-12-23,17.0,Feminino,2017.0,Privada - Programa de Apadrinhamento,,,Ametista,Ametista,Topázio,,Topázio,8.835333333,8.523,,,,,,4.0,9.6,9.7,7.52,7.7,8.8825,10.0,8.75,8.2,8.8,6.0,,,Fase 7 (3° EM),0.0,,,,,0,0.3583078448632688,35.83
RA-1224,2023,FASE 7,7A,Aluno-1224,2003.0,2003-01-09,,Masculino,2023.0,Concluiu o 3º EM,,,,,,,Ametista,7.5524,,,,,,,4.0,8.3,9.4,5.0,8.0,7.6325,5.0,7.125,8.2,6.3,9.5,,,Fase 8 (Universitários),-1.0,,,,,1,0.6143513873305454,61.44
RA-39,2023,FASE 7,7A,Aluno-39,2006.0,2006-01-19,17.0,Feminino,2017.0,Privada - Programa de Apadrinhamento,,,Ametista,Ametista,Ágata,,Topázio,8.710333333,6.033,,,,,,4.0,9.6,9.1,7.52,7.8,8.7575,10.0,8.75,8.3,7.8,7.2,,,Fase 7 (3° EM),0.0,,,,,1,0.664997392169454,66.5
RA-1225,2023,FASE 7,7E,Aluno-1225,2005.0,2005-01-29,18.0,Feminino,2023.0,Concluiu o 3º EM,,,,,,,#N/A,,,,,,,,,7.5,,,,,5.0,,,,,,,Fase 8 (Universitários),-1.0,,,,,0,0.36152744313380103,36.15
RA-76,2023,FASE 7,7E,Aluno-76,2007.0,2007-12-31,15.0,Feminino,2017.0,Privada *Parcerias com Bolsa 100%,,,Ametista,Topázio,Topázio,,#N/A,,9.105,,,,,,,10.0,,,,,10.0,,,,,,,Fase 5 (1° EM),2.0,,,,,0,0.11427762754064466,11.43
RA-26,2023,FASE 7,7E,Aluno-26,2005.0,2005-11-10,,Masculino,2022.0,Privada *Parcerias com Bolsa 100%,,,,,Topázio,,#N/A,,8.677,,,,,,,0.0,,,,,5.0,,,,,,,Fase 8 (Universitários),-1.0,,,,,0,0.2867101348733934,28.67
RA-1226,2023,FASE 7,7E,Aluno-1226,2007.0,2007-09-03,,Feminino,2023.0,Privada *Parcerias com Bolsa 100%,,,,,,,#N/A,,,,,,,,,9.2,,,,,10.0,,,,,,,Fase 6 (2° EM),1.0,,,,,0,0.29004594511319365,29.0
RA-93,2023,FASE 7,7E,Aluno-93,2007.0,2007-08-13,16.0,Feminino,2016.0,Privada - Programa de Apadrinhamento,,,Ametista,Topázio,Topázio,,#N/A,,8.941,,,,,,,7.9,,,,,10.0,,,,,,,Fase 6 (2° EM),1.0,,,,,0,0.07001777269426636,7.0
RA-119,2023,FASE 7,7E,Aluno-119,2008.0,2008-06-19,15.0,Feminino,2016.0,Privada - Programa de Apadrinhamento,,,Ametista,Ágata,Ametista,,#N/A,,7.501,,,,,,,6.7,,,,,10.0,,,,,,,Fase 5 (1° EM),2.0,,,,,0,0.13620036136809588,13.62
RA-1227,2023,FASE 7,7E,Aluno-1227,2006.0,2006-11-15,16.0,Feminino,2023.0,Privada - Programa de Apadrinhamento,,,,,,,#N/A,,,,,,,,,9.2,,,,,10.0,,,,,,,Fase 6 (2° EM),1.0,,,,,0,0.3076277378469411,30.76
RA-1228,2023,FASE 7,7E,Aluno-1228,2006.0,2006-05-26,17.0,Feminino,2023.0,Privada - Programa de Apadrinhamento,,,,,,,#N/A,,,,,,,,,7.5,,,,,10.0,,,,,,,Fase 7 (3° EM),0.0,,,,,0,0.38810725016768693,38.81
RA-1229,2023,FASE 7,7E,Aluno-1229,2006.0,2006-07-12,,Feminino,2023.0,Privada - Programa de Apadrinhamento,,,,,,,#N/A,,,,,,,,,8.3,,,,,10.0,,,,,,,Fase 6 (2° EM),1.0,,,,,0,0.329281983770963,32.93
RA-98,2023,FASE 7,7E,Aluno-98,2007.0,2007-11-13,15.0,Feminino,2017.0,Privada *Parcerias com Bolsa 100%,,,Topázio,Topázio,Topázio,,#N/A,,9.354,,,,,,,7.9,,,,,10.0,,,,,,,Fase 5 (1° EM),2.0,,,,,0,0.05574400985330286,5.57
RA-172,2023,FASE 7,7E,Aluno-172,2008.0,2008-01-20,15.0,Feminino,2018.0,Privada - Programa de Apadrinhamento,,,Ametista,Topázio,Topázio,,#N/A,,8.673,,,,,,,0.0,,,,,10.0,,,,,,,Fase 5 (1° EM),2.0,,,,,0,0.0787719036067238,7.88
RA-86,2023,FASE 7,7E,Aluno-86,2006.0,2006-04-10,,Masculino,2016.0,Privada *Parcerias com Bolsa 100%,,,Topázio,Ametista,Ametista,,#N/A,,7.566,,,,,,,8.3,,,,,10.0,,,,,,,Fase 7 (3° EM),0.0,,,,,0,0.1386451970717698,13.86
RA-1230,2023,FASE 7,7E,Aluno-1230,2007.0,2007-02-27,16.0,Feminino,2021.0,Privada - Programa de Apadrinhamento,,,,,,,#N/A,,,,,,,,,0.0,,,,,10.0,,,,,,,Fase 6 (2° EM),1.0,,,,,0,0.1585146484562358,15.85
RA-1231,2023,FASE 8,8A,Aluno-1231,2001.0,2001-09-26,22.0,Masculino,2021.0,Privada *Parcerias com Bolsa 100%,,,,,,,#N/A,,,,,,,,,,,,,,10.0,,,,,,,Fase 8 (Universitários),0.0,,,,,0,0.019355206135799653,1.94
RA-1232,2023,FASE 8,8A,Aluno-1232,2002.0,2002-04-18,21.0,Masculino,2021.0,Privada *Parcerias com Bolsa 100%,,,,,,,#N/A,,,,,,,,,,,,,,10.0,,,,,,,Fase 8 (Universitários),0.0,,,,,0,0.019355206135799653,1.94
RA-1233,2023,FASE 8,8A,Aluno-1233,2001.0,2001-07-30,22.0,Feminino,2021.0,Privada *Parcerias com Bolsa 100%,,,,,,,#N/A,,,,,,,,,,,,,,10.0,,,,,,,Fase 8 (Universitários),0.0,,,,,0,0.014572842298152812,1.46
RA-1234,2023,FASE 8,8A,Aluno-1234,2002.0,2002-03-12,,Feminino,2021.0,Privada *Parcerias com Bolsa 100%,,,,,,,#N/A,,,,,,,,,,,,,,10.0,,,,,,,Fase 8 (Universitários),0.0,,,,,0,0.05920235386642611,5.92
RA-1235,2023,FASE 8,8A,Aluno-1235,2002.0,2002-06-25,21.0,Masculino,2021.0,Privada *Parcerias com Bolsa 100%,,,,,,,#N/A,,,,,,,,,,,,,,10.0,,,,,,,Fase 8 (Universitários),0.0,,,,,0,0.019355206135799653,1.94
RA-1236,2023,FASE 8,8A,Aluno-1236,2002.0,2002-01-16,21.0,Feminino,2021.0,Privada *Parcerias com Bolsa 100%,,,,,,,#N/A,,,,,,,,,,,,,,10.0,,,,,,,Fase 8 (Universitários),0.0,,,,,0,0.014572842298152812,1.46
RA-1237,2023,FASE 8,8A,Aluno-1237,2002.0,2002-03-02,,Feminino,2021.0,Privada *Parcerias com Bolsa 100%,,,,,,,#N/A,,,,,,,,,,,,,,10.0,,,,,,,Fase 8 (Universitários),0.0,,,,,0,0.05920235386642611,5.92
RA-1238,2023,FASE 8,8A,Aluno-1238,2002.0,2002-05-27,21.0,Feminino,2021.0,Privada *Parcerias com Bolsa 100%,,,,,,,#N/A,,,,,,,,,,,,,,10.0,,,,,,,Fase 8 (Universitários),0.0,,,,,0,0.014572842298152812,1.46
RA-1239,2023,FASE 8,8B,Aluno-1239,2003.0,2003-05-05,,Feminino,2021.0,Privada *Parcerias com Bolsa 100%,,,,,,,#N/A,,,,,,,,,,,,,,10.0,,,,,,,Fase 8 (Universitários),0.0,,,,,0,0.05920235386642611,5.92
RA-1240,2023,FASE 8,8B,Aluno-1240,2003.0,2003-03-28,20.0,Masculino,2021.0,Privada *Parcerias com Bolsa 100%,,,,,,,#N/A,,,,,,,,,,,,,,10.0,,,,,,,Fase 8 (Universitários),0.0,,,,,0,0.019355206135799653,1.94
RA-1241,2023,FASE 8,8B,Aluno-1241,2003.0,2003-12-05,,Feminino,2021.0,Privada *Parcerias com Bolsa 100%,,,,,,,#N/A,,,,,,,,,,,,,,10.0,,,,,,,Fase 8 (Universitários),0.0,,,,,0,0.05920235386642611,5.92
RA-1242,2023,FASE 8,8B,Aluno-1242,2003.0,2003-12-17,19.0,Feminino,2021.0,Privada *Parcerias com Bolsa 100%,,,,,,,#N/A,,,,,,,,,,,,,,10.0,,,,,,,Fase 8 (Universitários),0.0,,,,,0,0.021554813295666622,2.16
RA-1243,2023,FASE 8,8B,Aluno-1243,2003.0,2003-04-12,,Feminino,2021.0,Privada *Parcerias com Bolsa 100%,,,,,,,#N/A,,,,,,,,,,,,,,10.0,,,,,,,Fase 8 (Universitários),0.0,,,,,0,0.05920235386642611,5.92
RA-1244,2023,FASE 8,8B,Aluno-1244,2003.0,2003-03-28,20.0,Feminino,2021.0,Privada *Parcerias com Bolsa 100%,,,,,,,#N/A,,,,,,,,,,,,,,10.0,,,,,,,Fase 8 (Universitários),0.0,,,,,0,0.015456820198705298,1.55
RA-1245,2023,FASE 8,8B,Aluno-1245,2003.0,2003-10-10,,Masculino,2021.0,Privada *Parcerias com Bolsa 100%,,,,,,,#N/A,,,,,,,,,,,,,,10.0,,,,,,,Fase 8 (Universitários),0.0,,,,,0,0.06764477130121636,6.76
RA-1246,2023,FASE 8,8B,Aluno-1246,2003.0,2003-05-16,20.0,Feminino,2021.0,Privada - Pagamento por *Empresa Parceira,,,,,,,#N/A,,,,,,,,,,,,,,10.0,,,,,,,Fase 8 (Universitários),0.0,,,,,0,0.015456820198705298,1.55
RA-1247,2023,FASE 8,8B,Aluno-1247,2002.0,2002-05-14,21.0,Feminino,2021.0,Privada *Parcerias com Bolsa 100%,,,,,,,#N/A,,,,,,,,,,,,,,10.0,,,,,,,Fase 8 (Universitários),0.0,,,,,0,0.014572842298152812,1.46
RA-1248,2023,FASE 8,8B,Aluno-1248,2003.0,2003-01-13,20.0,Masculino,2021.0,Privada *Parcerias com Bolsa 100%,,,,,,,#N/A,,,,,,,,,,,,,,10.0,,,,,,,Fase 8 (Universitários),0.0,,,,,0,0.019355206135799653,1.94
RA-1249,2023,FASE 8,8B,Aluno-1249,1996.0,1996-08-12,,Masculino,2021.0,Privada *Parcerias com Bolsa 100%,,,,,,,#N/A,,,,,,,,,,,,,,10.0,,,,,,,Fase 8 (Universitários),0.0,,,,,0,0.06764477130121636,6.76
RA-1250,2023,FASE 8,8B,Aluno-1250,2003.0,2003-08-07,,Masculino,2021.0,Privada - Pagamento por *Empresa Parceira,,,,,,,#N/A,,,,,,,,,,,,,,10.0,,,,,,,Fase 8 (Universitários),0.0,,,,,0,0.06764477130121636,6.76
RA-1251,2023,FASE 8,8B,Aluno-1251,2003.0,2003-02-16,20.0,Feminino,2021.0,Privada *Parcerias com Bolsa 100%,,,,,,,#N/A,,,,,,,,,,,,,,10.0,,,,,,,Fase 8 (Universitários),0.0,,,,,0,0.015456820198705298,1.55
RA-1252,2023,FASE 8,8B,Aluno-1252,2002.0,2002-03-06,,Feminino,2021.0,Privada *Parcerias com Bolsa 100%,,,,,,,#N/A,,,,,,,,,,,,,,10.0,,,,,,,Fase 8 (Universitários),0.0,,,,,0,0.05920235386642611,5.92
RA-1253,2023,FASE 8,8D,Aluno-1253,1999.0,1999-11-27,23.0,Feminino,2021.0,Privada *Parcerias com Bolsa 100%,,,,,,,#N/A,,,,,,,,,,,,,,10.0,,,,,,,Fase 8 (Universitários),0.0,,,,,0,0.014572842298152812,1.46
RA-1254,2023,FASE 8,8D,Aluno-1254,2003.0,2003-12-30,19.0,Masculino,2021.0,Privada *Parcerias com Bolsa 100%,,,,,,,#N/A,,,,,,,,,,,,,,10.0,,,,,,,Fase 8 (Universitários),0.0,,,,,0,0.024396192652516583,2.44
RA-1255,2023,FASE 8,8D,Aluno-1255,2004.0,2004-04-03,,Masculino,2021.0,Privada *Parcerias com Bolsa 100%,,,,,,,#N/A,,,,,,,,,,,,,,10.0,,,,,,,Fase 8 (Universitários),0.0,,,,,0,0.06764477130121636,6.76
RA-1256,2023,FASE 8,8D,Aluno-1256,2004.0,2004-12-24,18.0,Feminino,2021.0,Privada *Parcerias com Bolsa 100%,,,,,,,#N/A,,,,,,,,,,,,,,10.0,,,,,,,Fase 8 (Universitários),0.0,,,,,0,0.038052221588026174,3.81
RA-1257,2023,FASE 8,8D,Aluno-1257,2004.0,2004-11-30,18.0,Masculino,2021.0,Privada *Parcerias com Bolsa 100%,,,,,,,#N/A,,,,,,,,,,,,,,10.0,,,,,,,Fase 8 (Universitários),0.0,,,,,0,0.04299022926208381,4.3
RA-1258,2023,FASE 8,8D,Aluno-1258,1998.0,1998-12-24,24.0,Masculino,2021.0,Privada *Parcerias com Bolsa 100%,,,,,,,#N/A,,,,,,,,,,,,,,10.0,,,,,,,Fase 8 (Universitários),0.0,,,,,0,0.019355206135799653,1.94
RA-1259,2023,FASE 8,8D,Aluno-1259,2004.0,2004-02-02,,Feminino,2021.0,Privada *Parcerias com Bolsa 100%,,,,,,,#N/A,,,,,,,,,,,,,,10.0,,,,,,,Fase 8 (Universitários),0.0,,,,,0,0.05920235386642611,5.92
RA-1260,2023,FASE 8,8D,Aluno-1260,2004.0,2004-08-05,,Masculino,2021.0,Privada *Parcerias com Bolsa 100%,,,,,,,#N/A,,,,,,,,,,,,,,10.0,,,,,,,Fase 8 (Universitários),0.0,,,,,0,0.06764477130121636,6.76
RA-1261,2023,FASE 8,8D,Aluno-1261,2004.0,2004-03-05,,Feminino,2021.0,Privada *Parcerias com Bolsa 100%,,,,,,,#N/A,,,,,,,,,,,,,,10.0,,,,,,,Fase 8 (Universitários),0.0,,,,,0,0.05920235386642611,5.92
RA-1262,2023,FASE 8,8D,Aluno-1262,2004.0,2004-09-19,19.0,Feminino,2021.0,Privada *Parcerias com Bolsa 100%,,,,,,,#N/A,,,,,,,,,,,,,,10.0,,,,,,,Fase 8 (Universitários),0.0,,,,,0,0.021554813295666622,2.16
RA-1263,2023,FASE 8,8D,Aluno-1263,2003.0,2003-11-10,,Feminino,2021.0,Privada *Parcerias com Bolsa 100%,,,,,,,#N/A,,,,,,,,,,,,,,10.0,,,,,,,Fase 8 (Universitários),0.0,,,,,0,0.05920235386642611,5.92
RA-1264,2023,FASE 8,8D,Aluno-1264,2002.0,2002-05-12,,Feminino,2021.0,Privada *Parcerias com Bolsa 100%,,,,,,,#N/A,,,,,,,,,,,,,,10.0,,,,,,,Fase 8 (Universitários),0.0,,,,,0,0.05920235386642611,5.92
RA-1265,2023,FASE 8,8D,Aluno-1265,2002.0,2002-03-12,,Masculino,2022.0,Privada *Parcerias com Bolsa 100%,,,,,,,#N/A,,,,,,,,,,,,,,10.0,,,,,,,Fase 8 (Universitários),0.0,,,,,0,0.1805200021791359,18.05
RA-1266,2023,FASE 8,8D,Aluno-1266,2004.0,2004-06-04,,Feminino,2021.0,Privada *Parcerias com Bolsa 100%,,,,,,,#N/A,,,,,,,,,,,,,,10.0,,,,,,,Fase 8 (Universitários),0.0,,,,,0,0.05920235386642611,5.92
RA-1267,2023,FASE 8,8D,Aluno-1267,2001.0,2001-06-29,22.0,Feminino,2021.0,Privada *Parcerias com Bolsa 100%,,,,,,,#N/A,,,,,,,,,,,,,,10.0,,,,,,,Fase 8 (Universitários),0.0,,,,,0,0.014572842298152812,1.46
RA-1268,2023,FASE 8,8D,Aluno-1268,2004.0,2004-05-17,19.0,Masculino,2021.0,Privada *Parcerias com Bolsa 100%,,,,,,,#N/A,,,,,,,,,,,,,,10.0,,,,,,,Fase 8 (Universitários),0.0,,,,,0,0.024396192652516583,2.44
RA-14,2023,FASE 8,8E,Aluno-14,2001.0,2001-11-29,21.0,Masculino,2022.0,Privada *Parcerias com Bolsa 100%,,,,,Ágata,,#N/A,,6.793,,,,,,,,,,,,10.0,,,,,,,Fase 8 (Universitários),0.0,,,,,0,0.14336493065427844,14.34
RA-13,2023,FASE 8,8E,Aluno-13,2004.0,2004-11-20,18.0,Masculino,2016.0,Privada *Parcerias com Bolsa 100%,,,Ametista,Ametista,Ágata,,#N/A,,6.902,,,,,,,,,,,,10.0,,,,,,,Fase 8 (Universitários),0.0,,,,,0,0.1172096178270953,11.72
RA-12,2023,FASE 8,8E,Aluno-12,2005.0,2005-04-29,18.0,Feminino,2020.0,Privada *Parcerias com Bolsa 100%,,,Ágata,Ágata,Quartzo,,#N/A,,4.832,,,,,,,,,,,,10.0,,,,,,,Fase 8 (Universitários),0.0,,,,,0,0.2188765879358015,21.89
RA-7,2023,FASE 8,8E,Aluno-7,2004.0,2004-11-09,,Masculino,2017.0,Privada *Parcerias com Bolsa 100%,,,Ametista,Ametista,Ágata,,#N/A,,6.818,,,,,,,,,,,,10.0,,,,,,,Fase 8 (Universitários),0.0,,,,,0,0.21295612526132252,21.3
RA-6,2023,FASE 8,8E,Aluno-6,2004.0,2004-12-01,,Feminino,2021.0,Privada - Pagamento por *Empresa Parceira,,,,Ágata,Quartzo,,#N/A,,5.848,,,,,,,,,,,,10.0,,,,,,,Fase 8 (Universitários),0.0,,,,,0,0.19892706596718987,19.89
RA-5,2023,FASE 8,8E,Aluno-5,2005.0,2005-12-01,,Feminino,2016.0,Privada *Parcerias com Bolsa 100%,,,Ametista,Ametista,Ametista,,#N/A,,7.427,,,,,,,,,,,,10.0,,,,,,,Fase 8 (Universitários),0.0,,,,,0,0.0773317034478405,7.73
RA-1,2023,FASE 8,8E,Aluno-1,2003.0,2003-03-10,,Feminino,2016.0,Privada *Parcerias com Bolsa 100%,,,Ametista,Ametista,Quartzo,,#N/A,,5.783,,,,,,,,,,,,10.0,,,,,,,Fase 8 (Universitários),0.0,,,,,0,0.22523948850445102,22.52
RA-36,2023,FASE 8,8E,Aluno-36,2005.0,2005-07-26,18.0,Feminino,2019.0,Privada *Parcerias com Bolsa 100%,,,Topázio,Ametista,Ametista,,#N/A,,7.876,,,,,,,,,,,,10.0,,,,,,,Fase 8 (Universitários),0.0,,,,,0,0.03547655428325371,3.55
RA-35,2023,FASE 8,8E,Aluno-35,2005.0,2005-04-22,18.0,Feminino,2019.0,Privada *Parcerias com Bolsa 100%,,,Ametista,Topázio,Topázio,,#N/A,,8.965,,,,,,,,,,,,10.0,,,,,,,Fase 8 (Universitários),0.0,,,,,0,0.036874296341868694,3.69
RA-34,2023,FASE 8,8E,Aluno-34,2005.0,2005-05-03,,Masculino,2016.0,Privada *Parcerias com Bolsa 100%,,,Ametista,Ametista,Ágata,,#N/A,,6.259,,,,,,,,,,,,10.0,,,,,,,Fase 8 (Universitários),0.0,,,,,0,0.21535222619974573,21.54
RA-31,2023,FASE 8,8E,Aluno-31,2005.0,2005-06-29,18.0,Feminino,2019.0,Privada *Parcerias com Bolsa 100%,,,Topázio,Topázio,Topázio,,#N/A,,8.843,,,,,,,,,,,,10.0,,,,,,,Fase 8 (Universitários),0.0,,,,,0,0.038217972474638276,3.82
RA-23,2023,FASE 8,8E,Aluno-23,2005.0,2005-03-11,,Masculino,2021.0,Privada *Parcerias com Bolsa 100%,,,,Ametista,Ametista,,#N/A,,7.677,,,,,,,,,,,,10.0,,,,,,,Fase 7 (3° EM),1.0,,,,,0,0.07638067433392907,7.64
RA-88,2023,FASE 8,8E,Aluno-88,2005.0,2005-05-14,18.0,Masculino,2021.0,Privada - Pagamento por *Empresa Parceira,,,,Ametista,Ametista,,#N/A,,7.498,,,,,,,,,,,,10.0,,,,,,,Fase 8 (Universitários),0.0,,,,,0,0.049239315544198275,4.92
RA-1269,2023,FASE 8,8E,Aluno-1269,2005.0,2005-03-31,18.0,Feminino,2021.0,Privada - Pagamento por *Empresa Parceira,,,,,,,#N/A,,,,,,,,,,,,,,10.0,,,,,,,Fase 8 (Universitários),0.0,,,,,0,0.038052221588026174,3.81
RA-49,2023,FASE 8,8E,Aluno-49,2005.0,2005-06-21,18.0,Feminino,2022.0,Privada *Parcerias com Bolsa 100%,,,,,Ágata,,#N/A,,6.304,,,,,,,,,,,,10.0,,,,,,,Fase 8 (Universitários),0.0,,,,,0,0.19752194874100798,19.75
RA-1270,2023,FASE 8,8E,Aluno-1270,2004.0,2004-08-14,19.0,Feminino,2021.0,Privada *Parcerias com Bolsa 100%,,,,,,,#N/A,,,,,,,,,,,,,,10.0,,,,,,,Fase 8 (Universitários),0.0,,,,,0,0.021554813295666622,2.16
RA-29,2023,FASE 8,8E,Aluno-29,2005.0,2005-07-09,,Masculino,2022.0,Privada *Parcerias com Bolsa 100%,,,,,Quartzo,,#N/A,,4.985,,,,,,,,,,,,10.0,,,,,,,Fase 8 (Universitários),0.0,,,,,0,0.2583540496384038,25.84
RA-17,2023,FASE 8,8E,Aluno-17,2002.0,2002-12-02,,Masculino,2022.0,Privada - Pagamento por *Empresa Parceira,,,,,Topázio,,#N/A,,8.068,,,,,,,,,,,,10.0,,,,,,,Fase 8 (Universitários),0.0,,,,,0,0.1911261420277235,19.11
RA-21,2023,FASE 8,8E,Aluno-21,2004.0,2004-09-13,19.0,Masculino,2022.0,Privada *Parcerias com Bolsa 100%,,,,,Ágata,,#N/A,,6.945,,,,,,,,,,,,10.0,,,,,,,Fase 8 (Universitários),0.0,,,,,0,0.1316155091006684,13.16
RA-25,2023,FASE 8,8E,Aluno-25,2005.0,2005-05-18,18.0,Feminino,2021.0,Privada *Parcerias com Bolsa 100%,,,,Topázio,Ametista,,#N/A,,7.979,,,,,,,,,,,,10.0,,,,,,,Fase 8 (Universitários),0.0,,,,,0,0.03987523090267102,3.99
RA-2,2023,FASE 8,8E,Aluno-2,2005.0,2005-05-17,18.0,Feminino,2017.0,Privada *Parcerias com Bolsa 100%,,,Ametista,Ametista,Ametista,,#N/A,,7.055,,,,,,,,,,,,10.0,,,,,,,Fase 8 (Universitários),0.0,,,,,0,0.09261997871329233,9.26
RA-1271,2023,FASE 8,8E,Aluno-1271,2004.0,2004-11-23,18.0,Feminino,2021.0,Privada *Parcerias com Bolsa 100%,,,,,,,#N/A,,,,,,,,,,,,,,10.0,,,,,,,Fase 8 (Universitários),0.0,,,,,0,0.038052221588026174,3.81
RA-1272,2023,FASE 8,8E,Aluno-1272,2004.0,2004-04-11,,Feminino,2021.0,Privada *Parcerias com Bolsa 100%,,,,,,,#N/A,,,,,,,,,,,,,,10.0,,,,,,,Fase 8 (Universitários),0.0,,,,,0,0.05920235386642611,5.92
RA-1273,2023,FASE 8,8E,Aluno-1273,2005.0,2005-11-29,17.0,Feminino,2023.0,Privada - Pagamento por *Empresa Parceira,,,,,,,#N/A,,,,,,,,,,,,,,10.0,,,,,,,Fase 7 (3° EM),1.0,,,,,0,0.285281117904171,28.53
RA-1274,2023,FASE 8,8E,Aluno-1274,2005.0,2005-07-10,,Feminino,2021.0,Privada - Pagamento por *Empresa Parceira,,,,,,,#N/A,,,,,,,,,,,,,,10.0,,,,,,,Fase 8 (Universitários),0.0,,,,,0,0.05920235386642611,5.92
RA-1275,2024,ALFA,ALFA A - G0/G1,Aluno-1275,2016.0,2016-07-28,8.0,Masculino,2024.0,Pública,EE Chácara Florida II,Cursando,,,,,Ametista,7.611366667,,,,,,,3.0,10.0,8.7,6.3,8.0,5.4,10.0,5.6,10.0,6.0,,,,ALFA (1° e 2° ano),0.0,,,,,0,0.29164763346962935,29.16
RA-1276,2024,ALFA,ALFA A - G0/G1,Aluno-1276,2016.0,2016-10-16,8.0,Feminino,2024.0,Pública,EE Chácara Florida II,Cursando,,,,,Topázio,8.002866667,,,,,,,3.0,10.0,9.3,3.8,8.0,7.1,10.0,7.5,10.0,6.0,,,,ALFA (1° e 2° ano),0.0,,,,,0,0.2244891263029695,22.45
RA-1277,2024,ALFA,ALFA A - G0/G1,Aluno-1277,2016.0,2016-08-16,8.0,Masculino,2024.0,Pública,EE Dom Pedro Villas Boas de Souza,Cursando,,,,,Ametista,7.9522,,,,,,,3.0,10.0,9.1,3.8,8.0,7.0,10.0,7.5,10.0,6.0,,,,ALFA (1° e 2° ano),0.0,,,,,0,0.2201083451135975,22.01
RA-868,2024,ALFA,ALFA A - G0/G1,Aluno-868,2015.0,2015-08-11,8.0,Masculino,2023.0,Pública,EE Chácara Florida II,Cursando,,,,Topázio,Ametista,7.156366667,,8.63895,,,,,3.0,8.0,9.8,3.8,7.0,7.2,5.0,6.9,8.0,6.0,,,,Fase 1 (3° e 4° ano),-1.0,,,,,1,0.5116327608560067,51.16
RA-1278,2024,ALFA,ALFA A - G0/G1,Aluno-1278,2015.0,2015-03-22,9.0,Masculino,2024.0,Pública,EM Etelvina Delfim Simões,Cursando,,,,,Quartzo,5.4442,,,,,,,3.0,9.0,4.2,3.8,7.5,4.2,5.0,5.0,8.0,7.0,,,,Fase 1 (3° e 4° ano),-1.0,,,,,1,0.7960523321625688,79.61
RA-1279,2024,ALFA,ALFA B - G2/G3,Aluno-1279,2015.0,2015-10-06,9.0,Feminino,2024.0,Pública,EE Chácara Florida II,Cursando,,,,,Topázio,8.0822,,,,,,,3.0,10.0,10.0,6.3,8.3,7.8,5.0,7.5,9.0,7.5,,,,Fase 1 (3° e 4° ano),-1.0,,,,,1,0.7471370108031128,74.71
RA-861,2024,ALFA,ALFA B - G2/G3,Aluno-861,2015.0,2015-06-17,9.0,Feminino,2023.0,Pública,EE Dom Pedro Villas Boas de Souza,Cursando,,,,Topázio,Topázio,8.9597,,9.31095,,,,,3.0,9.5,10.0,7.5,10.0,9.7,5.0,8.1,10.0,10.0,,,,Fase 1 (3° e 4° ano),-1.0,,,,,1,0.5561480891619289,55.61
RA-862,2024,ALFA,ALFA B - G2/G3,Aluno-862,2014.0,2014-05-31,10.0,Masculino,2023.0,Pública,EE Dom Pedro Villas Boas de Souza,Cursando,,,,Topázio,Ametista,7.346677273,,8.2212,,,,,3.0,9.0,8.6,7.5,7.5,6.3,5.0,7.2,10.0,5.0,,,,Fase 2 (5° e 6° ano),-2.0,,,,,1,0.7609506885482277,76.1
RA-1280,2024,ALFA,ALFA B - G2/G3,Aluno-1280,2015.0,2015-05-17,9.0,Masculino,2024.0,Pública,EM Etelvina Delfim Simões,Cursando,,,,,Topázio,8.152624243,,,,,,,3.0,10.0,9.5,6.3,8.5,8.3,5.0,7.5,10.0,7.0,,,,Fase 1 (3° e 4° ano),-1.0,,,,,1,0.7951789032114782,79.52
RA-1281,2024,ALFA,ALFA B - G2/G3,Aluno-1281,2015.0,2015-02-20,9.0,Feminino,2024.0,Pública,EE Chácara Florida II,Cursando,,,,,Ametista,7.982890909,,,,,,,3.0,7.9,9.5,6.3,9.3,7.8,5.0,7.5,10.0,8.5,,,,Fase 1 (3° e 4° ano),-1.0,,,,,1,0.7842606560745314,78.43
RA-895,2024,ALFA,ALFA B - G2/G3,Aluno-895,2015.0,2015-05-27,9.0,Feminino,2023.0,Pública,EE Dom Pedro Villas Boas de Souza,Cursando,,,,Topázio,Topázio,8.257957576,,8.5397,,,,,3.0,9.5,9.5,6.3,9.5,8.1,5.0,7.5,10.0,9.0,,,,Fase 1 (3° e 4° ano),-1.0,,,,,1,0.7675008981991057,76.75
RA-884,2024,ALFA,ALFA B - G2/G3,Aluno-884,2015.0,2015-02-12,8.0,Feminino,2023.0,Pública,EM Pedro Antonio de Almeida,Cursando,,,,Topázio,Topázio,8.03450303,,8.4587,,,,,3.0,10.0,8.8,6.3,8.8,8.2,5.0,7.5,10.0,7.5,,,,Fase 1 (3° e 4° ano),-1.0,,,,,1,0.5812721156186321,58.13
RA-1282,2024,ALFA,ALFA B - G2/G3,Aluno-1282,2014.0,2014-11-26,9.0,Feminino,2024.0,Pública,EE Chácara Florida II,Cursando,,,,,Ametista,7.876927273,,,,,,,3.0,9.5,8.1,6.3,9.3,7.9,5.0,7.5,10.0,8.5,,,,Fase 1 (3° e 4° ano),-1.0,,,,,1,0.7665499955374494,76.65
RA-889,2024,ALFA,ALFA B - G2/G3,Aluno-889,2015.0,2015-07-07,9.0,Masculino,2023.0,Pública,EM Maria Ignez Concelles Irma Ines,Cursando,,,,Topázio,Topázio,8.191290909,,8.8092,,,,,3.0,8.5,9.3,6.3,9.8,8.3,5.0,7.5,10.0,9.5,,,,Fase 1 (3° e 4° ano),-1.0,,,,,1,0.6689261020170073,66.89
RA-867,2024,ALFA,ALFA B - G2/G3,Aluno-867,2015.0,2015-06-29,9.0,Masculino,2023.0,Pública,EE Dom Pedro Villas Boas de Souza,Cursando,,,,Topázio,Ametista,7.583018182,,8.6992,,,,,3.0,9.0,7.4,7.5,8.5,7.5,5.0,7.5,10.0,7.0,,,,Fase 1 (3° e 4° ano),-1.0,,,,,1,0.7242824820493939,72.43
RA-1283,2024,ALFA,ALFA B - G2/G3,Aluno-1283,2014.0,2014-03-20,10.0,Masculino,2024.0,Pública,EE Dom Pedro Villas Boas de Souza,Cursando,,,,,Topázio,8.303353846,,,,,,,3.0,10.0,9.2,7.5,9.0,8.3,5.0,7.5,10.0,8.0,,,,Fase 2 (5° e 6° ano),-2.0,,,,,1,0.7304023493229785,73.04
RA-891,2024,ALFA,ALFA B - G2/G3,Aluno-891,2014.0,2014-03-10,10.0,Feminino,2023.0,Pública,EE Chácara Florida II,Cursando,,,,Ametista,Topázio,8.035957576,,7.8882,,,,,3.0,10.0,9.0,6.3,8.8,8.0,5.0,7.5,10.0,7.5,,,,Fase 1 (3° e 4° ano),-1.0,,,,,1,0.7813625957007,78.14
RA-1284,2024,ALFA,ALFA C - G0/G1,Aluno-1284,2016.0,2016-09-28,8.0,Feminino,2024.0,Pública,EE Dom Pedro Villas Boas de Souza,Cursando,,,,,Topázio,8.380015217,,,,,,,3.0,9.0,9.3,2.5,10.0,7.9,10.0,7.8,10.0,10.0,,,,ALFA (1° e 2° ano),0.0,,,,,0,0.14781820645612148,14.78
RA-1012,2024,ALFA,ALFA C - G0/G1,Aluno-1012,2015.0,2015-05-18,9.0,Feminino,2023.0,Pública,EE Joaquim Mendes Feliz,Cursando,,,,Ametista,Topázio,8.057128571,,7.96495,,,,,3.0,9.5,9.5,2.5,9.8,8.4,5.0,8.1,10.0,9.5,,,,Fase 1 (3° e 4° ano),-1.0,,,,,1,0.6640876688568832,66.41
RA-1285,2024,ALFA,ALFA C - G0/G1,Aluno-1285,2017.0,2017-03-19,7.0,Feminino,2024.0,Pública,Estuda em outra cidade,Cursando,,,,,Topázio,8.156578882,,,,,,,3.0,10.0,8.8,2.5,8.0,8.9,10.0,7.5,8.0,8.0,,,,ALFA (1° e 2° ano),0.0,,,,,0,0.2779061469323578,27.79
RA-1286,2024,ALFA,ALFA C - G0/G1,Aluno-1286,2016.0,2016-06-12,7.0,Masculino,2024.0,Pública,EM Etelvina Delfim Simões,Cursando,,,,,Quartzo,5.914801967,,,,,,,3.0,8.0,5.1,2.5,7.0,4.6,10.0,5.3,8.0,6.0,,,,ALFA (1° e 2° ano),0.0,,,,,1,0.5042798984439216,50.43
RA-1287,2024,ALFA,ALFA C - G0/G1,Aluno-1287,2016.0,2016-07-03,8.0,Feminino,2024.0,Pública,EE Dom Pedro Villas Boas de Souza,Cursando,,,,,Ametista,7.619650311,,,,,,,3.0,10.0,9.3,2.5,7.8,8.2,5.0,8.1,8.0,7.5,,,,Fase 1 (3° e 4° ano),-1.0,,,,,0,0.25931226341760993,25.93
RA-1288,2024,ALFA,ALFA C - G0/G1,Aluno-1288,2017.0,2017-09-02,7.0,Feminino,2024.0,Pública,EM Etelvina Delfim Simões,Cursando,,,,,Ametista,7.920889959,,,,,,,3.0,9.0,8.0,2.5,10.0,7.3,10.0,7.2,10.0,10.0,,,,ALFA (1° e 2° ano),0.0,,,,,0,0.26542160085714367,26.54
RA-1289,2024,ALFA,ALFA D - G2/G3,Aluno-1289,2014.0,2014-04-15,10.0,Feminino,2024.0,Pública,EE Dom Pedro Villas Boas de Souza,Cursando,,,,,Ametista,7.217172222,,,,,,,3.0,7.0,9.4,7.5,7.8,6.2,5.0,5.9,9.0,6.5,,,,Fase 1 (3° e 4° ano),-1.0,,,,,1,0.7815849893703853,78.16
RA-1290,2024,ALFA,ALFA D - G2/G3,Aluno-1290,2015.0,2015-07-14,9.0,Masculino,2024.0,Pública,EE Dom Pedro Villas Boas de Souza,Cursando,,,,,Topázio,8.4072,,,,,,,3.0,10.0,10.0,7.5,8.8,8.3,5.0,7.5,10.0,7.5,,,,Fase 1 (3° e 4° ano),-1.0,,,,,1,0.7410220970302052,74.1
RA-1291,2024,ALFA,ALFA D - G2/G3,Aluno-1291,2015.0,2015-05-07,9.0,Masculino,2024.0,Pública,EE Chácara Florida II,Cursando,,,,,Topázio,8.0792,,,,,,,3.0,9.5,9.5,7.5,8.3,7.9,5.0,7.5,10.0,6.5,,,,Fase 1 (3° e 4° ano),-1.0,,,,,1,0.7978614678553797,79.79
RA-885,2024,ALFA,ALFA D - G2/G3,Aluno-885,2015.0,2015-10-30,9.0,Masculino,2023.0,Pública,EE Dom Pedro Villas Boas de Souza,Cursando,,,,Topázio,Topázio,8.2072,,8.8252,,,,,3.0,8.5,10.0,7.5,8.5,8.3,5.0,7.5,10.0,7.0,,,,Fase 1 (3° e 4° ano),-1.0,,,,,1,0.7239658769475771,72.4
RA-1292,2024,ALFA,ALFA D - G2/G3,Aluno-1292,2015.0,2015-06-20,9.0,Feminino,2024.0,Pública,EE Francisco de Paula Teixeira,Cursando,,,,,Agata,6.903162121,,,,,,,3.0,7.5,4.8,7.5,8.3,7.9,5.0,7.2,10.0,6.5,,,,Fase 1 (3° e 4° ano),-1.0,,,,,1,0.8035250359607212,80.35
RA-1293,2024,ALFA,ALFA D - G2/G3,Aluno-1293,2015.0,2015-09-13,9.0,Feminino,2024.0,Pública,EE Dom Pedro Villas Boas de Souza,Cursando,,,,,Topázio,8.005023232,,,,,,,3.0,8.0,9.5,7.5,8.5,8.3,5.0,6.9,8.5,8.5,,,,Fase 1 (3° e 4° ano),-1.0,,,,,1,0.753630722641427,75.36
RA-888,2024,ALFA,ALFA D - G2/G3,Aluno-888,2016.0,2016-11-04,8.0,Masculino,2023.0,Pública,EE Dom Pedro Villas Boas de Souza,Cursando,,,,Topázio,Topázio,8.1942,,8.9182,,,,,3.0,9.0,10.0,6.9,8.5,8.3,5.0,7.5,9.0,8.0,,,,Fase 1 (3° e 4° ano),-1.0,,,,,0,0.39349614732018634,39.35
RA-1294,2024,ALFA,ALFA D - G2/G3,Aluno-1294,2014.0,2014-10-02,10.0,Masculino,2024.0,Pública,EE Dom Pedro Villas Boas de Souza,Cursando,,,,,Ametista,7.949366667,,,,,,,3.0,9.5,10.0,7.5,7.8,7.6,5.0,6.9,9.0,6.5,,,,Fase 2 (5° e 6° ano),-2.0,,,,,1,0.720106386068539,72.01
RA-1009,2024,ALFA,ALFA E - G2/G3,Aluno-1009,2015.0,2015-03-27,9.0,Masculino,2023.0,Pública,EE Dom Pedro Villas Boas de Souza,Cursando,,,,Ametista,Agata,6.395389394,,7.245,,,,,3.0,8.0,6.9,2.5,7.5,6.6,5.0,6.6,10.0,5.0,,,,Fase 1 (3° e 4° ano),-1.0,,,,,1,0.8017692487255326,80.18
RA-1013,2024,ALFA,ALFA E - G2/G3,Aluno-1013,2015.0,2015-12-25,8.0,Masculino,2023.0,Pública,EE Dom Pedro Villas Boas de Souza,Cursando,,,,Ametista,Quartzo,5.783955981,,7.6237,,,,,3.0,9.0,5.7,2.5,7.8,4.7,5.0,5.0,8.0,7.5,,,,Fase 1 (3° e 4° ano),-1.0,,,,,1,0.7127128640602389,71.27
RA-1295,2024,ALFA,ALFA E - G2/G3,Aluno-1295,2016.0,2016-09-23,8.0,Feminino,2024.0,Pública,EE Dom Pedro Villas Boas de Souza,Cursando,,,,,Topázio,8.061745455,,,,,,,3.0,10.0,9.5,2.5,7.5,8.3,10.0,7.5,7.0,8.0,,,,ALFA (1° e 2° ano),0.0,,,,,0,0.22361292317133327,22.36
RA-1296,2024,ALFA,ALFA E - G2/G3,Aluno-1296,2015.0,2015-02-10,9.0,Feminino,2024.0,Pública,EM Etelvina Delfim Simões,Cursando,,,,,Ametista,7.057422222,,,,,,,3.0,9.0,8.4,2.5,6.5,8.3,5.0,7.5,7.5,5.5,,,,Fase 1 (3° e 4° ano),-1.0,,,,,1,0.6860596769984956,68.61
RA-863,2024,ALFA,ALFA E - G2/G3,Aluno-863,2016.0,2016-02-25,8.0,Masculino,2023.0,Pública,EE Dom Pedro Villas Boas de Souza,Cursando,,,,Quartzo,Quartzo,4.668434848,,5.92975,,,,,3.0,8.5,3.2,2.5,5.5,4.3,5.0,4.7,10.0,1.0,,,,Fase 1 (3° e 4° ano),-1.0,,,,,1,0.7033376725116146,70.33
RA-1297,2024,ALFA,ALFA E - G2/G3,Aluno-1297,2016.0,2016-05-13,8.0,Masculino,2024.0,Pública,EE Dom Pedro Villas Boas de Souza,Cursando,,,,,Ametista,7.620247619,,,,,,,3.0,9.5,9.8,2.5,9.3,6.8,5.0,7.5,10.0,8.5,,,,Fase 1 (3° e 4° ano),-1.0,,,,,1,0.5185735536027262,51.86
RA-1014,2024,ALFA,ALFA E - G2/G3,Aluno-1014,2016.0,2016-05-02,8.0,Feminino,2023.0,Pública,EE Dom Pedro Villas Boas de Souza,Cursando,,,,Topázio,Agata,6.315972727,,8.2582,,,,,3.0,8.5,7.9,2.5,5.3,7.0,5.0,6.9,6.5,4.0,,,,Fase 1 (3° e 4° ano),-1.0,,,,,1,0.5974915146091151,59.75
RA-880,2024,ALFA,ALFA E - G2/G3,Aluno-880,2015.0,2015-11-29,8.0,Feminino,2023.0,Pública,EE Chácara Florida II,Cursando,,,,Agata,Agata,6.853080435,,6.724,,,,,3.0,9.5,8.4,2.5,6.5,7.2,5.0,7.2,7.5,5.5,,,,Fase 1 (3° e 4° ano),-1.0,,,,,1,0.6804962802736293,68.05
RA-886,2024,ALFA,ALFA E - G2/G3,Aluno-886,2016.0,2016-05-01,8.0,Feminino,2023.0,Pública,EM Etelvina Delfim Simões,Cursando,,,,Topázio,Topázio,8.4192,,8.6422,,,,,3.0,9.5,10.0,8.1,8.8,8.3,5.0,7.5,9.0,8.5,,,,Fase 1 (3° e 4° ano),-1.0,,,,,0,0.344499605618161,34.45
RA-1298,2024,ALFA,ALFA E - G2/G3,Aluno-1298,2016.0,2016-04-25,8.0,Masculino,2024.0,Pública,EE Dom Pedro Villas Boas de Souza,Cursando,,,,,Ametista,7.577287995,,,,,,,3.0,9.5,6.6,7.5,6.8,7.4,10.0,7.2,7.0,6.5,,,,ALFA (1° e 2° ano),0.0,,,,,0,0.3099081386024828,30.99
RA-1299,2024,ALFA,ALFA E - G2/G3,Aluno-1299,2014.0,2014-04-19,10.0,Masculino,2024.0,Pública,EM Etelvina Delfim Simões,Cursando,,,,,Ametista,7.069727778,,,,,,,3.0,8.5,7.6,7.5,6.5,7.1,5.0,7.2,7.0,6.0,,,,Fase 2 (5° e 6° ano),-2.0,,,,,1,0.6563558175669074,65.64
RA-904,2024,ALFA,ALFA F - G0/G1,Aluno-904,2016.0,2016-12-02,8.0,Feminino,2023.0,Pública,EE Chácara Florida II,Cursando,,,,Topázio,Ametista,7.6352,,8.140783333,,,,,3.0,9.5,8.8,7.5,6.0,8.7,5.0,7.5,6.0,6.0,,,,Fase 1 (3° e 4° ano),-1.0,,,,,0,0.3810852932697987,38.11
RA-1300,2024,ALFA,ALFA F - G0/G1,Aluno-1300,2016.0,2016-03-06,8.0,Feminino,2024.0,Pública,EM Maria Ignez Concelles Irma Ines,Cursando,,,,,Ametista,7.623866667,,,,,,,3.0,8.5,8.8,2.5,9.0,8.6,5.0,7.5,10.0,8.0,,,,Fase 1 (3° e 4° ano),-1.0,,,,,0,0.4123417158211127,41.23
RA-1301,2024,ALFA,ALFA F - G0/G1,Aluno-1301,2015.0,2015-01-12,8.0,Masculino,2024.0,Pública,EM Etelvina Delfim Simões,Cursando,,,,,Quartzo,5.634533333,,,,,,,3.0,9.5,2.9,2.5,7.0,6.0,5.0,7.5,10.0,4.0,,,,Fase 1 (3° e 4° ano),-1.0,,,,,1,0.5928143227953631,59.28
RA-1302,2024,ALFA,ALFA F - G0/G1,Aluno-1302,2016.0,2016-10-10,8.0,Masculino,2024.0,Pública,EE Dom Pedro Villas Boas de Souza,Cursando,,,,,Quartzo,5.758866667,,,,,,,3.0,10.0,5.4,2.5,4.0,5.0,10.0,6.3,4.0,4.0,,,,ALFA (1° e 2° ano),0.0,,,,,0,0.4088160851866427,40.88
RA-1303,2024,ALFA,ALFA F - G0/G1,Aluno-1303,2016.0,2016-09-22,8.0,Feminino,2024.0,Pública,EE Dom Pedro Villas Boas de Souza,Cursando,,,,,Topázio,8.8352,,,,,,,3.0,10.0,10.0,2.5,10.0,9.2,10.0,7.5,10.0,10.0,,,,ALFA (1° e 2° ano),0.0,,,,,0,0.16799749255371954,16.8
RA-1304,2024,ALFA,ALFA G - G2/G3,Aluno-1304,2014.0,2014-01-04,10.0,Feminino,2024.0,Pública,EM Maria Ignez Concelles Irma Ines,Cursando,,,,,Ametista,7.085119935,,,,,,,3.0,9.0,8.0,8.1,6.0,6.5,5.0,7.8,6.0,6.0,,,,Fase 2 (5° e 6° ano),-2.0,,,,,1,0.5339690838131524,53.4
RA-1305,2024,ALFA,ALFA G - G2/G3,Aluno-1305,2014.0,2014-09-17,10.0,Feminino,2024.0,Pública,EM Etelvina Delfim Simões,Cursando,,,,,Agata,6.68522193,,,,,,,3.0,8.5,8.7,2.5,4.8,8.1,5.0,7.8,2.0,7.5,,,,Fase 1 (3° e 4° ano),-1.0,,,,,1,0.627303292194973,62.73
RA-1306,2024,ALFA,ALFA G - G2/G3,Aluno-1306,2016.0,2016-03-24,8.0,Feminino,2024.0,Pública,EM Maria Ignez Concelles Irma Ines,Cursando,,,,,Topázio,8.503033333,,,,,,,3.0,9.0,10.0,8.1,9.8,7.9,5.0,7.5,10.0,9.5,,,,Fase 1 (3° e 4° ano),-1.0,,,,,0,0.13099206658200577,13.1
RA-702,2024,ALFA,ALFA G - G2/G3,Aluno-702,2014.0,2014-03-02,10.0,Feminino,2022.0,Pública,EM Maria Ignez Concelles Irma Ines,Cursando,,,Ametista,Topázio,Ametista,7.665116667,7.387,8.239866667,,,,,3.0,9.0,9.8,2.5,9.3,7.2,5.0,7.8,10.0,8.5,,,,Fase 2 (5° e 6° ano),-2.0,,,,,1,0.7119505497656858,71.2
RA-725,2024,ALFA,ALFA G - G2/G3,Aluno-725,2014.0,2014-09-30,10.0,Masculino,2022.0,Pública,EM Maria Ignez Concelles Irma Ines,Cursando,,,Ágata,Topázio,Ametista,7.090077193,6.33,8.117366667,,,,,3.0,7.5,7.7,7.5,7.3,6.8,5.0,7.5,7.0,7.5,,,,Fase 1 (3° e 4° ano),-1.0,,,,,1,0.5729920291944289,57.3
RA-912,2024,ALFA,ALFA G - G2/G3,Aluno-912,2014.0,2014-06-13,10.0,Feminino,2023.0,Pública,EM Maria Ignez Concelles Irma Ines,Cursando,,,,Ametista,Ametista,7.697103509,,7.0797,,,,,3.0,9.0,9.5,7.5,7.3,6.9,5.0,8.1,7.0,7.5,,,,Fase 2 (5° e 6° ano),-2.0,,,,,1,0.607359218191282,60.74
RA-918,2024,ALFA,ALFA G - G2/G3,Aluno-918,2016.0,2016-03-19,8.0,Feminino,2023.0,Pública,EM Maria Ignez Concelles Irma Ines,Cursando,,,,Ametista,Quartzo,5.657357018,,7.4967,,,,,3.0,7.9,8.7,2.5,2.8,6.2,5.0,5.9,1.0,4.5,,,,Fase 1 (3° e 4° ano),-1.0,,,,,1,0.6651898625391468,66.52
RA-920,2024,ALFA,ALFA G - G2/G3,Aluno-920,2015.0,2015-07-20,9.0,Feminino,2023.0,Pública,EM Maria Ignez Concelles Irma Ines,Cursando,,,,Agata,Ametista,7.74949386,,6.9647,,,,,3.0,9.5,7.7,7.5,8.3,8.2,5.0,7.2,9.0,7.5,,,,Fase 1 (3° e 4° ano),-1.0,,,,,1,0.795076876905662,79.51
RA-1307,2024,ALFA,ALFA H - G0/G1,Aluno-1307,2016.0,2016-08-30,8.0,Masculino,2024.0,Pública,EE Dom Pedro Villas Boas de Souza,Cursando,,,,,Agata,6.594033333,,,,,,,3.0,10.0,5.8,6.3,5.5,5.4,10.0,6.3,7.0,4.0,,,,ALFA (1° e 2° ano),0.0,,,,,0,0.313094950754401,31.31
RA-1308,2024,ALFA,ALFA H - G0/G1,Aluno-1308,2015.0,2015-04-30,9.0,Feminino,2024.0,Pública,EE Dom Pedro Villas Boas de Souza,Cursando,,,,,Agata,6.876997101,,,,,,,3.0,10.0,7.4,7.5,6.0,5.9,5.0,7.5,8.0,4.0,,,,Fase 1 (3° e 4° ano),-1.0,,,,,1,0.6555754677413016,65.56
RA-1309,2024,ALFA,ALFA H - G0/G1,Aluno-1309,2016.0,2016-12-27,7.0,Feminino,2024.0,Pública,EM Maria Ignez Concelles Irma Ines,Cursando,,,,,Topázio,8.3792,,,,,,,3.0,9.0,9.2,7.5,7.5,8.2,10.0,7.5,8.0,7.0,,,,ALFA (1° e 2° ano),0.0,,,,,0,0.12403917155787088,12.4
RA-1310,2024,ALFA,ALFA H - G0/G1,Aluno-1310,2017.0,2017-02-14,7.0,Feminino,2024.0,Pública,EE Dom Pedro Villas Boas de Souza,Cursando,,,,,Topázio,8.390783333,,,,,,,3.0,8.5,9.4,2.5,10.0,8.2,10.0,7.8,10.0,10.0,,,,ALFA (1° e 2° ano),0.0,,,,,0,0.1228680290282622,12.29
RA-1311,2024,ALFA,ALFA H - G0/G1,Aluno-1311,2016.0,2016-06-09,8.0,Masculino,2024.0,Pública,EM Maria Ignez Concelles Irma Ines,Cursando,,,,,Agata,6.411866667,,,,,,,3.0,9.0,9.2,2.5,0.0,8.4,10.0,7.5,0.0,0.0,,,,ALFA (1° e 2° ano),0.0,,,,,0,0.2742121068466136,27.42
RA-1312,2024,ALFA,ALFA H - G0/G1,Aluno-1312,2015.0,2015-10-08,9.0,Masculino,2024.0,Pública,EE Dom Pedro Villas Boas de Souza,Cursando,,,,,Ametista,7.5102,,,,,,,3.0,10.0,8.3,7.5,6.5,8.3,5.0,6.3,8.0,5.0,,,,Fase 1 (3° e 4° ano),-1.0,,,,,1,0.775964519064143,77.6
RA-1313,2024,ALFA,ALFA H - G0/G1,Aluno-1313,2016.0,2016-07-27,8.0,Masculino,2024.0,Pública,EM Maria Ignez Concelles Irma Ines,Cursando,,,,,Topázio,8.015533333,,,,,,,3.0,9.5,8.1,7.5,6.3,8.4,10.0,7.5,4.0,8.5,,,,ALFA (1° e 2° ano),0.0,,,,,0,0.23017981743140822,23.02
RA-1314,2024,ALFA,ALFA H - G0/G1,Aluno-1314,2017.0,2017-02-04,7.0,Feminino,2024.0,Pública,EE Dom Pedro Villas Boas de Souza,Cursando,,,,,Topázio,8.2398,,,,,,,3.0,7.4,8.5,7.5,9.0,7.4,10.0,7.5,8.0,10.0,,,,ALFA (1° e 2° ano),0.0,,,,,0,0.10848173513206891,10.85
RA-1315,2024,ALFA,ALFA H - G0/G1,Aluno-1315,2017.0,2017-04-16,7.0,Masculino,2024.0,Pública,EM Maria Ignez Concelles Irma Ines,Cursando,,,,,Topázio,8.351066667,,,,,,,3.0,6.8,8.3,7.5,9.0,8.5,10.0,7.5,10.0,8.0,,,,ALFA (1° e 2° ano),0.0,,,,,0,0.22118317081377023,22.12
RA-921,2024,ALFA,ALFA I - G2/G3,Aluno-921,2016.0,2016-04-13,8.0,Feminino,2023.0,Pública,EE Dom Pedro Villas Boas de Souza,Cursando,,,,Ametista,Ametista,7.283820321,,7.7407,,,,,2.0,8.5,8.7,7.5,6.0,7.5,5.0,7.5,5.0,7.0,,,,Fase 1 (3° e 4° ano),-1.0,,,,,0,0.48525712793797354,48.53
RA-1316,2024,ALFA,ALFA I - G2/G3,Aluno-1316,2015.0,2015-02-26,9.0,Feminino,2024.0,Pública,EE Dom Pedro Villas Boas de Souza,Cursando,,,,,Ametista,7.59291123,,,,,,,2.0,9.0,8.2,7.5,7.8,7.5,5.0,7.5,9.0,6.5,,,,Fase 1 (3° e 4° ano),-1.0,,,,,1,0.8573757209728154,85.74
RA-1317,2024,ALFA,ALFA I - G2/G3,Aluno-1317,2015.0,2015-11-05,9.0,Feminino,2024.0,Pública,EE Dom Pedro Villas Boas de Souza,Cursando,,,,,Ametista,7.665638503,,,,,,,2.0,7.5,7.1,7.5,10.0,7.5,5.0,7.5,10.0,10.0,,,,Fase 1 (3° e 4° ano),-1.0,,,,,1,0.7412228877017243,74.12
RA-897,2024,ALFA,ALFA I - G2/G3,Aluno-897,2014.0,2014-02-08,10.0,Masculino,2023.0,Pública,EE Francisco de Paula Teixeira,Cursando,,,,Quartzo,Quartzo,5.221205051,,5.48225,,,,,2.0,7.0,2.8,2.5,6.0,6.7,5.0,6.9,5.5,6.5,,,,Fase 1 (3° e 4° ano),-1.0,,,,,1,0.8541866024460189,85.42
RA-908,2024,ALFA,ALFA I - G2/G3,Aluno-908,2015.0,2015-08-06,9.0,Feminino,2023.0,Pública,EE Joaquim Mendes Feliz,Cursando,,,,Topázio,Agata,6.764292246,,8.479366667,,,,,2.0,8.5,8.1,7.5,4.8,6.8,5.0,7.2,3.0,6.5,,,,Fase 1 (3° e 4° ano),-1.0,,,,,1,0.7999961313673613,80.0
RA-916,2024,ALFA,ALFA I - G2/G3,Aluno-916,2014.0,2014-03-18,10.0,Feminino,2023.0,Pública,EM Maria Ignez Concelles Irma Ines,Cursando,,,,Ametista,Quartzo,5.505853162,,7.3882,,,,,2.0,8.5,7.3,2.5,2.8,6.2,5.0,6.6,3.5,2.0,,,,Fase 2 (5° e 6° ano),-2.0,,,,,1,0.834250517768756,83.43
RA-924,2024,ALFA,ALFA I - G2/G3,Aluno-924,2015.0,2015-02-08,9.0,Masculino,2023.0,Pública,EE Dom Pedro Villas Boas de Souza,Cursando,,,,Agata,Agata,6.472736096,,6.5207,,,,,2.0,7.0,4.6,7.5,7.0,7.4,5.0,7.2,7.5,6.5,,,,Fase 1 (3° e 4° ano),-1.0,,,,,1,0.8494544787182445,84.95
RA-925,2024,ALFA,ALFA I - G2/G3,Aluno-925,2015.0,2015-01-12,8.0,Masculino,2023.0,Pública,EE Dom Pedro Villas Boas de Souza,Cursando,,,,Ametista,Agata,6.587019519,,7.1837,,,,,2.0,8.0,7.0,7.5,4.8,7.3,5.0,7.2,3.0,6.5,,,,Fase 1 (3° e 4° ano),-1.0,,,,,1,0.6536339747121039,65.36
RA-1008,2024,ALFA,ALFA I - G2/G3,Aluno-1008,2015.0,2015-05-22,9.0,Masculino,2023.0,Pública,EE Joaquim Mendes Feliz,Cursando,,,,Topázio,Agata,6.866741444,,8.13595,,,,,2.0,7.0,6.5,7.5,7.0,7.5,5.0,7.2,6.5,7.5,,,,Fase 1 (3° e 4° ano),-1.0,,,,,1,0.7858615543001402,78.59
RA-919,2024,ALFA,ALFA I - G2/G3,Aluno-919,2014.0,2014-04-16,10.0,Masculino,2023.0,Pública,EM Maria Ignez Concelles Irma Ines,Cursando,,,,Agata,Quartzo,5.799702674,,6.225,,,,,2.0,7.0,4.7,6.3,5.3,6.5,5.0,6.9,6.5,4.0,,,,Fase 2 (5° e 6° ano),-2.0,,,,,1,0.8653573835046535,86.54
RA-1318,2024,ALFA,ALFA I - G2/G3,Aluno-1318,2016.0,2016-04-18,8.0,Feminino,2024.0,Pública,EE Dom Pedro Villas Boas de Souza,Cursando,,,,,Agata,6.823383155,,,,,,,2.0,8.5,7.7,7.5,5.0,7.3,5.0,7.2,4.0,6.0,,,,Fase 1 (3° e 4° ano),-1.0,,,,,1,0.5150298249352797,51.5
RA-1003,2024,ALFA,ALFA J - G2/G3,Aluno-1003,2015.0,2015-01-22,9.0,Masculino,2023.0,Pública,EM Maria Ignez Concelles Irma Ines,Cursando,,,,Ametista,Ametista,7.627588889,,7.6522,,,,,2.0,8.0,8.7,7.5,8.3,7.5,5.0,6.9,10.0,6.5,,,,Fase 1 (3° e 4° ano),-1.0,,,,,1,0.8711174594952247,87.11
RA-1004,2024,ALFA,ALFA J - G2/G3,Aluno-1004,2014.0,2014-12-29,9.0,Feminino,2023.0,Pública,EM Pedro Antonio de Almeida,Cursando,,,,Topázio,Ametista,7.8012,,8.3137,,,,,2.0,9.5,9.3,7.5,7.5,7.5,5.0,7.5,7.5,7.5,,,,Fase 1 (3° e 4° ano),-1.0,,,,,1,0.8069688230279876,80.7
RA-1006,2024,ALFA,ALFA J - G2/G3,Aluno-1006,2015.0,2015-05-24,9.0,Feminino,2023.0,Pública,EM Pedro Antonio de Almeida,Cursando,,,,Topázio,Ametista,7.040088889,,8.5922,,,,,2.0,8.5,8.4,7.5,5.0,7.5,5.0,7.5,5.0,5.0,,,,Fase 1 (3° e 4° ano),-1.0,,,,,1,0.7290049760267465,72.9
RA-1319,2024,ALFA,ALFA J - G2/G3,Aluno-1319,2015.0,2015-01-31,9.0,Masculino,2024.0,Pública,EM Etelvina Delfim Simões,Cursando,,,,,Ametista,7.201526797,,,,,,,2.0,8.5,5.8,7.5,8.5,7.5,5.0,7.5,10.0,7.0,,,,Fase 1 (3° e 4° ano),-1.0,,,,,1,0.8773817895075727,87.74
RA-858,2024,ALFA,ALFA J - G2/G3,Aluno-858,2015.0,2015-09-02,9.0,Masculino,2022.0,Pública,EE Dom Pedro Villas Boas de Souza,Cursando,,,Ametista,Ametista,Agata,6.917866667,7.523,7.248833333,,,,,2.0,9.0,6.8,2.5,8.3,7.5,5.0,7.5,10.0,6.5,,,,Fase 1 (3° e 4° ano),-1.0,,,,,1,0.8742640670982577,87.43
RA-905,2024,ALFA,ALFA J - G2/G3,Aluno-905,2013.0,2013-11-27,10.0,Masculino,2023.0,Pública,EM Pedro Antonio de Almeida,Cursando,,,,Ametista,Agata,6.392582353,,7.831033333,,,,,2.0,9.0,7.8,7.5,3.0,7.0,5.0,6.9,2.0,4.0,,,,Fase 2 (5° e 6° ano),-2.0,,,,,1,0.7551487432449256,75.51
RA-907,2024,ALFA,ALFA J - G2/G3,Aluno-907,2015.0,2015-10-23,9.0,Feminino,2023.0,Privada,EE Dom Pedro Villas Boas de Souza,Cursando,,,,Topázio,Ametista,7.940088889,,8.962033333,,,,,2.0,9.0,8.9,7.5,8.8,7.5,5.0,7.5,10.0,7.5,,,,Fase 1 (3° e 4° ano),-1.0,,,,,1,0.8527224630747011,85.27
RA-1320,2024,ALFA,ALFA J - G2/G3,Aluno-1320,2014.0,2014-10-30,10.0,Masculino,2024.0,Pública,EE Dom Pedro Villas Boas de Souza,Cursando,,,,,Ametista,7.884533333,,,,,,,2.0,9.0,9.2,7.5,8.3,7.5,5.0,7.5,9.0,7.5,,,,Fase 1 (3° e 4° ano),-1.0,,,,,1,0.8728683130012483,87.29
RA-909,2024,ALFA,ALFA J - G2/G3,Aluno-909,2013.0,2013-10-22,11.0,Feminino,2023.0,Pública,EE Dom Pedro Villas Boas de Souza,Cursando,,,,Topázio,Ametista,7.722033333,,8.486033333,,,,,2.0,10.0,8.2,7.5,8.3,7.5,5.0,6.9,10.0,6.5,,,,Fase 2 (5° e 6° ano),-2.0,,,,,1,0.6822753316497567,68.23
RA-729,2024,ALFA,ALFA J - G2/G3,Aluno-729,2014.0,2014-03-09,10.0,Feminino,2022.0,Pública,EM Maria Ignez Concelles Irma Ines,Cursando,,,Topázio,Ametista,Agata,6.684533333,8.155,7.26545,,,,,2.0,8.0,8.4,2.5,6.0,7.5,5.0,7.5,6.0,6.0,,,,Fase 1 (3° e 4° ano),-1.0,,,,,0,0.43381103839575025,43.38
RA-1321,2024,ALFA,ALFA K - G0/G1,Aluno-1321,2016.0,2016-03-12,7.0,Masculino,2024.0,Pública,EM Amanda Consuelo da Cunha,Cursando,,,,,Ametista,7.95295,,,,,,,2.0,9.0,8.9,6.9,8.8,5.9,10.0,6.6,10.0,7.5,,,,ALFA (1° e 2° ano),0.0,,,,,0,0.23123535899420258,23.12
RA-1322,2024,ALFA,ALFA K - G0/G1,Aluno-1322,2016.0,2016-07-30,8.0,Feminino,2024.0,Pública,EE Jardim Silvania,Cursando,,,,,Topázio,8.47795,,,,,,,2.0,9.5,9.0,7.5,7.5,8.2,10.0,8.4,8.5,6.5,,,,ALFA (1° e 2° ano),0.0,,,,,0,0.1308087796349293,13.08
RA-1323,2024,ALFA,ALFA K - G0/G1,Aluno-1323,2015.0,2015-04-14,9.0,Masculino,2024.0,Pública,EE Helio Luiz Dobrochinski Prof,Cursando,,,,,Ametista,7.487366667,,,,,,,2.0,10.0,9.1,7.5,7.0,6.7,5.0,6.9,10.0,4.0,,,,Fase 1 (3° e 4° ano),-1.0,,,,,1,0.8577411403676805,85.77
RA-1324,2024,ALFA,ALFA K - G0/G1,Aluno-1324,2015.0,2015-04-18,9.0,Masculino,2024.0,Pública,EE Helio Luiz Dobrochinski Prof,Cursando,,,,,Topázio,8.33245,,,,,,,2.0,10.0,10.0,7.5,8.5,8.0,5.0,7.8,10.0,7.0,,,,Fase 1 (3° e 4° ano),-1.0,,,,,1,0.8422022186992807,84.22
RA-931,2024,ALFA,ALFA K - G0/G1,Aluno-931,2015.0,2015-08-04,9.0,Masculino,2023.0,Pública,EM Amanda Consuelo da Cunha,Cursando,,,,Ametista,Ametista,7.075466667,,7.3747,,,,,2.0,7.9,8.6,2.5,8.5,6.8,5.0,7.5,8.0,9.0,,,,Fase 1 (3° e 4° ano),-1.0,,,,,1,0.8022516802709353,80.23
RA-1325,2024,ALFA,ALFA K - G0/G1,Aluno-1325,2016.0,2016-04-05,8.0,Masculino,2024.0,Pública,EE Helio Luiz Dobrochinski Prof,Cursando,,,,,Topázio,8.982495455,,,,,,,2.0,9.0,9.5,7.5,10.0,7.9,10.0,8.4,10.0,10.0,,,,ALFA (1° e 2° ano),0.0,,,,,0,0.07391260826544999,7.39
RA-1326,2024,ALFA,ALFA K - G0/G1,Aluno-1326,2016.0,2016-06-29,8.0,Feminino,2024.0,Pública,EE Helio Luiz Dobrochinski Prof,Cursando,,,,,Ametista,7.639783333,,,,,,,2.0,9.0,9.3,7.5,4.5,7.2,10.0,7.8,0.0,9.0,,,,ALFA (1° e 2° ano),0.0,,,,,0,0.30276108665039947,30.28
RA-1327,2024,ALFA,ALFA K - G0/G1,Aluno-1327,2017.0,2017-03-03,7.0,Feminino,2024.0,Pública,EM Amanda Consuelo da Cunha,Cursando,,,,,Topázio,8.264116667,,,,,,,2.0,9.0,9.3,7.5,7.5,7.3,10.0,7.8,10.0,5.0,,,,ALFA (1° e 2° ano),0.0,,,,,0,0.15183947953652996,15.18
RA-1328,2024,ALFA,ALFA K - G0/G1,Aluno-1328,2015.0,2015-11-18,8.0,Feminino,2024.0,Pública,EM Amanda Consuelo da Cunha,Cursando,,,,,Topázio,8.058866667,,,,,,,2.0,8.5,8.2,7.5,10.0,7.8,5.0,7.5,10.0,10.0,,,,Fase 1 (3° e 4° ano),-1.0,,,,,0,0.21198550043989342,21.2
RA-1329,2024,ALFA,ALFA K - G0/G1,Aluno-1329,2016.0,2016-05-25,8.0,Masculino,2024.0,Pública,EE Helio Luiz Dobrochinski Prof,Cursando,,,,,Ametista,7.98945,,,,,,,2.0,9.5,10.0,7.5,6.5,6.7,10.0,6.6,10.0,3.0,,,,ALFA (1° e 2° ano),0.0,,,,,0,0.23875723588153464,23.88
RA-1330,2024,ALFA,ALFA K - G0/G1,Aluno-1330,2016.0,2016-07-10,8.0,Feminino,2024.0,Pública,EE Helio Luiz Dobrochinski Prof,Cursando,,,,,Topázio,8.944616667,,,,,,,2.0,10.0,9.3,7.5,9.5,7.9,10.0,8.4,10.0,9.0,,,,ALFA (1° e 2° ano),0.0,,,,,0,0.1516606817087429,15.17
RA-1331,2024,ALFA,ALFA K - G0/G1,Aluno-1331,2017.0,2017-10-03,7.0,Feminino,2024.0,Pública,EE Jardim Campestre,Cursando,,,,,Ametista,7.852283333,,,,,,,2.0,9.0,7.3,7.5,7.3,7.2,10.0,8.4,8.0,6.5,,,,ALFA (1° e 2° ano),0.0,,,,,0,0.211315835293993,21.13
RA-944,2024,ALFA,ALFA L - G2/G3,Aluno-944,2014.0,2014-01-20,10.0,Feminino,2023.0,Pública,EM Cecilia Cristina de Oliveira Rodrigues,Cursando,,,,Ametista,Ametista,7.8262,,7.0687,,,,,2.0,9.0,7.3,7.5,9.0,7.8,5.0,8.8,10.0,8.0,,,,Fase 2 (5° e 6° ano),-2.0,,,,,1,0.8167592042036048,81.68
RA-1332,2024,ALFA,ALFA L - G2/G3,Aluno-1332,2014.0,2014-03-05,10.0,Masculino,2024.0,Pública,EE Helio Luiz Dobrochinski Prof,Cursando,,,,,Topázio,8.104052941,,,,,,,2.0,8.5,9.4,7.5,8.3,7.7,5.0,9.4,10.0,6.5,,,,Fase 2 (5° e 6° ano),-2.0,,,,,1,0.898673263491116,89.87
RA-754,2024,ALFA,ALFA L - G2/G3,Aluno-754,2013.0,2013-05-09,11.0,Masculino,2022.0,Pública,EM Cecilia Cristina de Oliveira Rodrigues,Cursando,,,Ágata,Agata,Quartzo,5.6127,6.602,6.0537,,,,,2.0,8.5,6.3,5.6,6.3,4.8,5.0,2.5,6.0,6.5,,,,Fase 2 (5° e 6° ano),-2.0,,,,,1,0.8933430818310755,89.33
RA-1333,2024,ALFA,ALFA L - G2/G3,Aluno-1333,2015.0,2015-05-30,9.0,Masculino,2024.0,Pública,EE Helio Luiz Dobrochinski Prof,Cursando,,,,,Topázio,8.2132,,,,,,,2.0,7.5,10.0,6.3,9.3,7.8,5.0,9.4,10.0,8.5,,,,Fase 1 (3° e 4° ano),-1.0,,,,,1,0.825602765030834,82.56
RA-934,2024,ALFA,ALFA L - G2/G3,Aluno-934,2015.0,2015-09-15,9.0,Feminino,2023.0,Pública,EM Amanda Consuelo da Cunha,Cursando,,,,Topázio,Topázio,8.3387,,9.1737,,,,,2.0,9.5,9.8,7.5,8.5,7.8,5.0,9.4,10.0,7.0,,,,Fase 1 (3° e 4° ano),-1.0,,,,,1,0.742057691932707,74.21
RA-1334,2024,ALFA,ALFA L - G2/G3,Aluno-1334,2015.0,2015-10-23,9.0,Masculino,2024.0,Pública,EE Helio Luiz Dobrochinski Prof,Cursando,,,,,Topázio,8.3502,,,,,,,2.0,10.0,10.0,5.6,9.0,7.8,5.0,9.4,10.0,8.0,,,,Fase 1 (3° e 4° ano),-1.0,,,,,1,0.8203192126607796,82.03
RA-941,2024,ALFA,ALFA L - G2/G3,Aluno-941,2015.0,2015-02-03,9.0,Feminino,2023.0,Pública,EM Amanda Consuelo da Cunha,Cursando,,,,Ametista,Ametista,7.7467,,7.6872,,,,,2.0,8.0,9.3,5.0,8.8,7.7,5.0,8.1,10.0,7.5,,,,Fase 1 (3° e 4° ano),-1.0,,,,,1,0.7379288715323252,73.79
RA-756,2024,ALFA,ALFA L - G2/G3,Aluno-756,2013.0,2013-09-09,11.0,Masculino,2022.0,Pública,EM Amanda Consuelo da Cunha,Cursando,,,Ágata,Ametista,Ametista,7.3617,6.976,7.0927,,,,,2.0,10.0,8.8,7.5,5.5,7.2,5.0,8.1,10.0,1.0,,,,Fase 2 (5° e 6° ano),-2.0,,,,,1,0.8269224283316383,82.69
RA-1335,2024,ALFA,ALFA L - G2/G3,Aluno-1335,2014.0,2014-01-24,10.0,Masculino,2024.0,Pública,EE Helio Luiz Dobrochinski Prof,Cursando,,,,,Topázio,8.3217,,,,,,,2.0,9.0,9.8,7.5,8.8,7.7,5.0,9.4,10.0,7.5,,,,Fase 2 (5° e 6° ano),-2.0,,,,,1,0.8778072923307004,87.78
RA-773,2024,ALFA,ALFA L - G2/G3,Aluno-773,2013.0,2013-12-31,10.0,Feminino,2022.0,Pública,EM Cecilia Cristina de Oliveira Rodrigues,Cursando,,,Ágata,Agata,Agata,6.5662,6.922,6.9287,,,,,2.0,10.0,8.8,2.5,5.0,6.6,5.0,7.5,8.0,2.0,,,,Fase 2 (5° e 6° ano),-2.0,,,,,1,0.8644801259276675,86.45
RA-938,2024,ALFA,ALFA L - G2/G3,Aluno-938,2014.0,2014-01-06,10.0,Masculino,2023.0,Pública,EM Amanda Consuelo da Cunha,Cursando,,,,Agata,Topázio,8.005602692,,6.7372,,,,,2.0,9.5,9.5,7.5,7.8,7.7,5.0,8.1,10.0,5.5,,,,Fase 1 (3° e 4° ano),-1.0,,,,,1,0.8634331212602908,86.34
RA-1336,2024,ALFA,ALFA M - G0/G1,Aluno-1336,2016.0,2016-05-27,8.0,Feminino,2024.0,Pública,EE Helio Luiz Dobrochinski Prof,Cursando,,,,,Ametista,7.141365632,,,,,,,2.0,9.5,6.2,2.5,9.5,7.8,5.0,7.5,10.0,9.0,,,,Fase 1 (3° e 4° ano),-1.0,,,,,1,0.5170072937548799,51.7
RA-1337,2024,ALFA,ALFA M - G0/G1,Aluno-1337,2014.0,2014-02-17,10.0,Masculino,2024.0,Pública,EE Helio Luiz Dobrochinski Prof,Cursando,,,,,Agata,6.015144444,,,,,,,2.0,8.0,4.7,7.5,6.0,5.7,5.0,6.9,6.0,6.0,,,,Fase 2 (5° e 6° ano),-2.0,,,,,1,0.7928359550527463,79.28
RA-1338,2024,ALFA,ALFA M - G0/G1,Aluno-1338,2015.0,2015-11-12,8.0,Masculino,2024.0,Pública,EM Cecilia Cristina de Oliveira Rodrigues,Cursando,,,,,Agata,6.136842857,,,,,,,2.0,8.0,8.7,7.5,3.0,5.3,5.0,6.9,2.0,4.0,,,,Fase 1 (3° e 4° ano),-1.0,,,,,1,0.5461781871439061,54.62
RA-1339,2024,ALFA,ALFA M - G0/G1,Aluno-1339,2016.0,2016-05-14,8.0,Feminino,2024.0,Pública,EE Helio Luiz Dobrochinski Prof,Cursando,,,,,Ametista,7.3547,,,,,,,2.0,8.5,10.0,6.9,8.8,5.3,5.0,5.0,10.0,7.5,,,,Fase 1 (3° e 4° ano),-1.0,,,,,0,0.4759093163559781,47.59
RA-1340,2024,ALFA,ALFA M - G0/G1,Aluno-1340,2016.0,2016-11-09,8.0,Feminino,2024.0,Pública,EM Etelvina Delfim Simões,Cursando,,,,,Topázio,8.342271429,,,,,,,2.0,9.5,8.4,7.5,10.0,7.0,10.0,5.6,10.0,10.0,,,,ALFA (1° e 2° ano),0.0,,,,,0,0.2299288528625251,22.99
RA-1341,2024,ALFA,ALFA M - G0/G1,Aluno-1341,2015.0,2015-08-16,9.0,Masculino,2024.0,Pública,EE Helio Luiz Dobrochinski Prof,Cursando,,,,,Ametista,7.862906349,,,,,,,2.0,10.0,9.2,7.5,10.0,6.0,5.0,5.6,10.0,10.0,,,,Fase 1 (3° e 4° ano),-1.0,,,,,1,0.7120411050429024,71.2
RA-947,2024,ALFA,ALFA M - G0/G1,Aluno-947,2015.0,2015-02-03,9.0,Masculino,2023.0,Pública,EE Helio Luiz Dobrochinski Prof,Cursando,,,,Agata,Agata,6.053509524,,6.3457,,,,,2.0,9.0,7.6,7.5,4.5,4.6,5.0,5.6,4.0,5.0,,,,Fase 1 (3° e 4° ano),-1.0,,,,,1,0.8171533303879773,81.72
RA-1342,2024,ALFA,ALFA M - G0/G1,Aluno-1342,2015.0,2015-11-17,8.0,Masculino,2024.0,Pública,EM Cecilia Cristina de Oliveira Rodrigues,Cursando,,,,,Ametista,7.818580952,,,,,,,2.0,9.5,9.8,7.5,9.0,5.6,5.0,7.5,10.0,8.0,,,,Fase 1 (3° e 4° ano),-1.0,,,,,0,0.4345580696854762,43.46
RA-1343,2024,ALFA,ALFA M - G0/G1,Aluno-1343,2017.0,2017-08-03,7.0,Feminino,2024.0,Pública,EE Helio Luiz Dobrochinski Prof,Cursando,,,,,Topázio,8.8262,,,,,,,2.0,8.0,10.0,7.5,9.8,8.5,10.0,6.3,10.0,9.5,,,,ALFA (1° e 2° ano),0.0,,,,,0,0.12690833048357963,12.69
RA-1344,2024,ALFA,ALFA N - G2/G3,Aluno-1344,2016.0,2016-07-25,8.0,Feminino,2024.0,Pública,EE Helio Luiz Dobrochinski Prof,Cursando,,,,,Topázio,9.3612,,,,,,,2.0,8.5,10.0,7.5,10.0,9.4,10.0,8.8,10.0,10.0,,,,ALFA (1° e 2° ano),0.0,,,,,0,0.0933186829001815,9.33
RA-945,2024,ALFA,ALFA N - G2/G3,Aluno-945,2015.0,2015-02-04,9.0,Masculino,2023.0,Pública,EM Cecilia Cristina de Oliveira Rodrigues,Cursando,,,,Topázio,Ametista,7.419580952,,8.0777,,,,,2.0,9.0,9.5,2.5,8.8,6.8,5.0,7.5,10.0,7.5,,,,Fase 1 (3° e 4° ano),-1.0,,,,,1,0.8671898078338565,86.72
RA-946,2024,ALFA,ALFA N - G2/G3,Aluno-946,2016.0,2016-11-01,8.0,Masculino,2023.0,Pública,EE Helio Luiz Dobrochinski Prof,Cursando,,,,Topázio,Agata,6.67772381,,8.5822,,,,,2.0,9.5,8.8,2.5,4.5,7.8,5.0,7.5,3.0,6.0,,,,Fase 1 (3° e 4° ano),-1.0,,,,,1,0.6142939300365006,61.43
RA-1345,2024,ALFA,ALFA N - G2/G3,Aluno-1345,2015.0,2015-09-18,9.0,Masculino,2023.0,Pública,EM Cecilia Cristina de Oliveira Rodrigues,Cursando,,,,,Ametista,7.234012866,,,,,,,2.0,8.5,9.5,7.5,6.3,6.8,5.0,6.3,6.0,6.5,,,,Fase 1 (3° e 4° ano),-1.0,,,,,1,0.8859434951667676,88.59
RA-771,2024,ALFA,ALFA N - G2/G3,Aluno-771,2015.0,2015-05-11,9.0,Feminino,2022.0,Pública,EM Cecilia Cristina de Oliveira Rodrigues,Cursando,,,Ametista,Ametista,Agata,6.066009524,7.873,7.056,,,,,2.0,8.5,6.6,3.1,6.5,6.1,5.0,5.6,6.5,6.5,,,,Fase 1 (3° e 4° ano),-1.0,,,,,1,0.6391240637012622,63.91
RA-1346,2024,ALFA,ALFA N - G2/G3,Aluno-1346,2016.0,2016-08-10,8.0,Masculino,2024.0,Pública,EM Cecilia Cristina de Oliveira Rodrigues,Cursando,,,,,Ametista,7.370104762,,,,,,,2.0,9.5,8.1,7.5,5.5,6.7,10.0,6.3,5.0,6.0,,,,ALFA (1° e 2° ano),0.0,,,,,0,0.21424122966272693,21.42
RA-1347,2024,ALFA,ALFA N - G2/G3,Aluno-1347,2015.0,2015-10-31,9.0,Masculino,2024.0,Pública,EE Helio Luiz Dobrochinski Prof,Cursando,,,,,Agata,6.153842857,,,,,,,2.0,8.5,8.8,2.5,5.0,6.2,5.0,5.6,5.0,5.0,,,,Fase 1 (3° e 4° ano),-1.0,,,,,1,0.762685823297739,76.27
RA-949,2024,ALFA,ALFA N - G2/G3,Aluno-949,2015.0,2015-03-08,9.0,Feminino,2023.0,Pública,EE Luiz Schunck,Cursando,,,,Topázio,Ametista,7.132342857,,8.0172,,,,,2.0,9.0,8.8,7.5,6.5,6.5,5.0,6.3,6.0,7.0,,,,Fase 1 (3° e 4° ano),-1.0,,,,,1,0.7746263893185562,77.46
RA-950,2024,ALFA,ALFA N - G2/G3,Aluno-950,2014.0,2014-11-17,9.0,Feminino,2023.0,Pública,EE Helio Luiz Dobrochinski Prof,Cursando,,,,Topázio,Ametista,7.693461905,,8.8862,,,,,2.0,9.5,9.0,7.5,7.0,8.0,5.0,6.9,7.5,6.5,,,,Fase 1 (3° e 4° ano),-1.0,,,,,1,0.7818654050537595,78.19
RA-951,2024,ALFA,ALFA N - G2/G3,Aluno-951,2016.0,2016-05-23,8.0,Feminino,2023.0,Privada,João Friaza Colégio,Cursando,,,,Topázio,Agata,6.448342857,,8.8902,,,,,2.0,10.0,9.0,2.5,4.0,7.3,5.0,6.3,5.0,3.0,,,,Fase 1 (3° e 4° ano),-1.0,,,,,1,0.5889746072179296,58.9
RA-1002,2024,ALFA,ALFA N - G2/G3,Aluno-1002,2014.0,2014-07-13,10.0,Feminino,2023.0,Pública,EM Cecilia Cristina de Oliveira Rodrigues,Cursando,,,,Ametista,Ametista,7.967866667,,7.9012,,,,,2.0,9.0,7.8,7.5,9.3,8.3,5.0,7.5,10.0,8.5,,,,Fase 1 (3° e 4° ano),-1.0,,,,,1,0.7357910388991629,73.58
RA-774,2024,ALFA,ALFA N - G2/G3,Aluno-774,2014.0,2014-09-09,10.0,Feminino,2022.0,Pública,EM Cecilia Cristina de Oliveira Rodrigues,Cursando,,,Ametista,Quartzo,Quartzo,5.685771429,7.587,5.852,,,,,2.0,10.0,6.4,2.5,3.8,6.4,5.0,6.3,2.0,5.5,,,,Fase 1 (3° e 4° ano),-1.0,,,,,1,0.8293342803175835,82.93
RA-749,2024,ALFA,ALFA O - G2/G3,Aluno-749,2013.0,2013-12-23,10.0,Masculino,2022.0,Pública,EM Amanda Consuelo da Cunha,Cursando,,,Ametista,Ametista,Topázio,8.337318421,7.484,7.7597,,,,,2.0,9.5,9.7,8.1,8.8,7.7,5.0,8.4,10.0,7.5,,,,Fase 2 (5° e 6° ano),-2.0,,,,,1,0.8186179884042449,81.86
RA-929,2024,ALFA,ALFA O - G2/G3,Aluno-929,2015.0,2015-10-22,9.0,Feminino,2023.0,Pública,EM Amanda Consuelo da Cunha,Cursando,,,,Topázio,Ametista,7.724436842,,9.1312,,,,,2.0,9.0,9.5,7.5,6.8,7.6,5.0,8.1,7.0,6.5,,,,Fase 1 (3° e 4° ano),-1.0,,,,,1,0.6598238546544636,65.98
RA-930,2024,ALFA,ALFA O - G2/G3,Aluno-930,2015.0,2015-10-13,9.0,Masculino,2023.0,Pública,EE Jardim Campestre,Cursando,,,,Topázio,Ametista,7.929818421,,8.8872,,,,,2.0,8.5,9.7,7.5,8.0,7.5,5.0,7.8,8.0,8.0,,,,Fase 1 (3° e 4° ano),-1.0,,,,,1,0.7442333532738536,74.42
RA-787,2024,ALFA,ALFA O - G2/G3,Aluno-787,2014.0,2014-01-08,10.0,Masculino,2022.0,Pública,EE Helio Luiz Dobrochinski Prof,Cursando,,,Ametista,Ametista,Ametista,7.73495,7.205,7.5227,,,,,2.0,9.0,9.8,7.5,7.3,7.3,5.0,7.2,10.0,4.5,,,,Fase 1 (3° e 4° ano),-1.0,,,,,1,0.8634018070430771,86.34
RA-1348,2024,ALFA,ALFA O - G2/G3,Aluno-1348,2015.0,2015-04-12,8.0,Masculino,2024.0,Pública,EE Jardim Silvania,Cursando,,,,,Ametista,7.960466254,,,,,,,2.0,7.5,8.6,7.5,9.0,7.8,5.0,8.8,10.0,8.0,,,,Fase 1 (3° e 4° ano),-1.0,,,,,0,0.24674852126220245,24.67
RA-935,2024,ALFA,ALFA O - G2/G3,Aluno-935,2014.0,2014-09-23,10.0,Masculino,2023.0,Pública,EE Jardim Campestre,Cursando,,,,Ametista,Topázio,8.3422,,7.9535,,,,,2.0,9.5,10.0,7.5,8.5,7.8,5.0,8.8,10.0,7.0,,,,Fase 1 (3° e 4° ano),-1.0,,,,,1,0.8614178686036182,86.14
RA-1349,2024,ALFA,ALFA O - G2/G3,Aluno-1349,2014.0,2014-09-09,10.0,Masculino,2024.0,Pública,EE Jardim Campestre,Cursando,,,,,Ametista,7.855727778,,,,,,,2.0,8.0,8.4,7.5,8.5,7.9,5.0,8.4,10.0,7.0,,,,Fase 1 (3° e 4° ano),-1.0,,,,,1,0.8621430358163963,86.21
RA-937,2024,ALFA,ALFA O - G2/G3,Aluno-937,2015.0,2015-03-03,9.0,Feminino,2023.0,Pública,EE Helio Luiz Dobrochinski Prof,Cursando,,,,Topázio,Topázio,8.3792,,9.3237,,,,,2.0,10.0,10.0,9.4,7.5,7.8,5.0,8.8,8.0,7.0,,,,Fase 1 (3° e 4° ano),-1.0,,,,,1,0.5275607353194058,52.76
RA-1350,2024,ALFA,ALFA O - G2/G3,Aluno-1350,2014.0,2014-10-04,10.0,Feminino,2024.0,Pública,EE Jardim Campestre,Cursando,,,,,Topázio,8.33545,,,,,,,2.0,8.5,10.0,8.8,8.5,7.8,5.0,8.4,10.0,7.0,,,,Fase 2 (5° e 6° ano),-2.0,,,,,1,0.7896703634431579,78.97
RA-1351,2024,ALFA,ALFA O - G2/G3,Aluno-1351,2015.0,2015-04-20,9.0,Masculino,2024.0,Pública,EE Helio Luiz Dobrochinski Prof,Cursando,,,,,Topázio,8.186103846,,,,,,,2.0,9.0,9.2,8.1,8.8,7.7,5.0,8.4,10.0,7.5,,,,Fase 1 (3° e 4° ano),-1.0,,,,,1,0.8471036526293219,84.71
RA-959,2024,ALFA,ALFA O - G2/G3,Aluno-959,2015.0,2015-08-17,9.0,Masculino,2023.0,Pública,EE Jardim Campestre,Cursando,,,,Topázio,Topázio,8.379818421,,8.6677,,,,,2.0,10.0,9.7,7.5,9.5,7.5,5.0,7.8,10.0,9.0,,,,Fase 1 (3° e 4° ano),-1.0,,,,,1,0.7816026447243151,78.16
RA-1352,2024,ALFA,ALFA O - G2/G3,Aluno-1352,2015.0,2015-06-03,9.0,Masculino,2024.0,Pública,EM Amanda Consuelo da Cunha,Cursando,,,,,Topázio,8.28995,,,,,,,2.0,10.0,9.5,8.1,8.5,7.7,5.0,8.4,8.0,9.0,,,,Fase 1 (3° e 4° ano),-1.0,,,,,1,0.7191609715709546,71.92
RA-1353,2024,ALFA,ALFA Q - G2/G3,Aluno-1353,2014.0,2014-10-19,10.0,Feminino,2024.0,Pública,EE Luiz Schunck,Cursando,,,,,Agata,6.4547,,,,,,,2.0,8.0,9.5,7.5,3.0,6.1,5.0,6.9,3.5,2.5,,,,Fase 1 (3° e 4° ano),-1.0,,,,,1,0.8089994496878482,80.9
RA-1354,2024,ALFA,ALFA Q - G2/G3,Aluno-1354,2014.0,2014-08-07,10.0,Feminino,2024.0,Pública,EE Luiz Schunck,Cursando,,,,,Ametista,7.353427273,,,,,,,2.0,9.5,8.4,7.5,6.0,7.3,5.0,8.1,6.5,5.5,,,,Fase 1 (3° e 4° ano),-1.0,,,,,1,0.7697055262889613,76.97
RA-979,2024,ALFA,ALFA Q - G2/G3,Aluno-979,2015.0,2015-07-19,9.0,Masculino,2023.0,Pública,EM Etelvina Delfim Simões,Cursando,,,,Topázio,Topázio,8.035245455,,8.1617,,,,,2.0,9.5,9.5,7.5,8.3,7.3,5.0,8.1,9.5,7.0,,,,Fase 1 (3° e 4° ano),-1.0,,,,,1,0.8259468170966592,82.59
RA-1355,2024,ALFA,ALFA Q - G2/G3,Aluno-1355,2014.0,2014-10-15,10.0,Masculino,2024.0,Pública,EE Helio Luiz Dobrochinski Prof,Cursando,,,,,Ametista,7.202245455,,,,,,,2.0,10.0,6.5,7.5,7.0,7.2,5.0,8.1,8.0,6.0,,,,Fase 1 (3° e 4° ano),-1.0,,,,,1,0.8262751503224787,82.63
RA-971,2024,ALFA,ALFA Q - G2/G3,Aluno-971,2015.0,2015-04-03,9.0,Masculino,2023.0,Pública,EE Luiz Schunck,Cursando,,,,Ametista,Agata,6.891618182,,7.0169,,,,,2.0,7.4,7.9,7.5,6.8,6.1,5.0,7.5,8.5,5.0,,,,Fase 1 (3° e 4° ano),-1.0,,,,,1,0.8482011207045399,84.82
RA-972,2024,ALFA,ALFA Q - G2/G3,Aluno-972,2015.0,2015-09-24,9.0,Masculino,2023.0,Pública,EM Etelvina Delfim Simões,Cursando,,,,Ametista,Ametista,7.537472727,,7.5427,,,,,2.0,9.5,8.4,7.5,6.8,7.2,5.0,8.8,8.0,5.5,,,,Fase 1 (3° e 4° ano),-1.0,,,,,1,0.8539246780509072,85.39
RA-965,2024,ALFA,ALFA Q - G2/G3,Aluno-965,2014.0,2014-03-26,10.0,Feminino,2023.0,Pública,EE Luiz Schunck,Cursando,,,,Agata,Agata,6.137654546,,6.4832,,,,,2.0,9.0,6.5,7.5,2.3,6.8,5.0,8.8,2.0,2.5,,,,Fase 2 (5° e 6° ano),-2.0,,,,,1,0.815309679032997,81.53
RA-973,2024,ALFA,ALFA Q - G2/G3,Aluno-973,2014.0,2014-12-02,10.0,Masculino,2023.0,Pública,EM Cecilia Cristina de Oliveira Rodrigues,Cursando,,,,Quartzo,Agata,6.931836364,,5.82875,,,,,2.0,10.0,9.3,7.5,3.8,6.6,5.0,7.5,6.5,1.0,,,,Fase 2 (5° e 6° ano),-2.0,,,,,1,0.8668330055482997,86.68
RA-1356,2024,ALFA,ALFA Q - G2/G3,Aluno-1356,2016.0,2016-08-24,8.0,Feminino,2024.0,Pública,EE Helio Luiz Dobrochinski Prof,Cursando,,,,,Ametista,7.869588889,,,,,,,2.0,9.0,9.4,7.5,5.5,7.1,10.0,8.1,5.5,5.5,,,,ALFA (1° e 2° ano),0.0,,,,,0,0.25745156092212196,25.75
RA-966,2024,ALFA,ALFA Q - G2/G3,Aluno-966,2014.0,2014-05-06,10.0,Masculino,2023.0,Pública,EE Helio Luiz Dobrochinski Prof,Cursando,,,,Ametista,Ametista,7.994336364,,7.44345,,,,,2.0,9.5,8.6,7.5,9.0,7.3,5.0,8.1,9.5,8.5,,,,Fase 2 (5° e 6° ano),-2.0,,,,,1,0.8274477969230049,82.74
RA-1357,2024,ALFA,ALFA Q - G2/G3,Aluno-1357,2015.0,2015-01-27,9.0,Masculino,2024.0,Pública,EE Luiz Schunck,Cursando,,,,,Ametista,7.1807,,,,,,,2.0,8.0,7.5,7.5,6.8,7.3,5.0,8.1,8.0,5.5,,,,Fase 1 (3° e 4° ano),-1.0,,,,,1,0.8179412408428768,81.79
RA-969,2024,ALFA,ALFA Q - G2/G3,Aluno-969,2015.0,2015-08-17,9.0,Masculino,2023.0,Pública,EE Helio Luiz Dobrochinski Prof,Cursando,,,,Ametista,Ametista,7.453427273,,7.7692,,,,,2.0,9.0,7.9,7.5,7.3,7.3,5.0,8.1,9.0,5.5,,,,Fase 1 (3° e 4° ano),-1.0,,,,,1,0.7648274992664306,76.48
RA-1358,2024,ALFA,ALFA R - G0/G1,Aluno-1358,2016.0,2016-10-11,7.0,Feminino,2024.0,Pública,EE Luiz Schunck,Cursando,,,,,Agata,6.552990476,,,,,,,2.0,9.2,7.4,5.0,4.0,6.2,10.0,6.3,4.0,4.0,,,,ALFA (1° e 2° ano),0.0,,,,,0,0.3012817276451085,30.13
RA-1359,2024,ALFA,ALFA R - G0/G1,Aluno-1359,2017.0,2017-05-20,7.0,Feminino,2024.0,Pública,EE Luiz Schunck,Cursando,,,,,Ametista,7.2102,,,,,,,2.0,8.5,9.0,5.6,6.0,6.2,10.0,5.6,4.0,8.0,,,,ALFA (1° e 2° ano),0.0,,,,,0,0.22690932666400015,22.69
RA-1360,2024,ALFA,ALFA R - G0/G1,Aluno-1360,2016.0,2016-04-28,8.0,Masculino,2024.0,Pública,EE Luiz Schunck,Cursando,,,,,Agata,6.848062319,,,,,,,2.0,8.5,7.0,7.5,5.0,6.4,10.0,5.6,0.0,10.0,,,,ALFA (1° e 2° ano),0.0,,,,,0,0.30321546809361544,30.32
RA-1361,2024,ALFA,ALFA R - G0/G1,Aluno-1361,2016.0,2016-11-09,8.0,Feminino,2024.0,Pública,EE Helio Luiz Dobrochinski Prof,Cursando,,,,,Topázio,8.7387,,,,,,,2.0,9.5,9.4,5.6,10.0,8.0,10.0,7.5,10.0,10.0,,,,ALFA (1° e 2° ano),0.0,,,,,0,0.10123681823194218,10.12
RA-975,2024,ALFA,ALFA R - G0/G1,Aluno-975,2015.0,2015-04-12,8.0,Feminino,2023.0,Pública,EE Luiz Schunck,Cursando,,,,Ametista,Ametista,7.146366667,,7.7803,,,,,2.0,8.5,7.7,5.0,8.0,7.3,5.0,6.9,8.0,8.0,,,,Fase 1 (3° e 4° ano),-1.0,,,,,1,0.6233134403503183,62.33
RA-1362,2024,ALFA,ALFA R - G0/G1,Aluno-1362,2017.0,2017-02-06,7.0,Masculino,2024.0,Pública,EE Luiz Schunck,Cursando,,,,,Ametista,7.7092,,,,,,,2.0,10.0,6.9,5.6,8.5,6.9,10.0,6.9,8.0,9.0,,,,ALFA (1° e 2° ano),0.0,,,,,0,0.18291234549323904,18.29
RA-977,2024,ALFA,ALFA R - G0/G1,Aluno-977,2015.0,2015-12-30,8.0,Feminino,2023.0,Pública,EE Luiz Schunck,Cursando,,,,Ametista,Ametista,7.188033333,,7.1717,,,,,2.0,10.0,7.3,6.3,7.0,7.6,5.0,6.9,5.0,9.0,,,,Fase 1 (3° e 4° ano),-1.0,,,,,1,0.632939857529533,63.29
RA-1363,2024,ALFA,ALFA S - G2/G3,Aluno-1363,2017.0,2017-01-21,7.0,Feminino,2024.0,Pública,EE Luiz Schunck,Cursando,,,,,Ametista,7.6908,,,,,,,2.0,7.4,10.0,5.6,6.5,7.0,10.0,6.9,6.5,6.5,,,,ALFA (1° e 2° ano),0.0,,,,,0,0.19480641279202096,19.48
RA-981,2024,ALFA,ALFA S - G2/G3,Aluno-981,2016.0,2016-01-20,8.0,Feminino,2023.0,Pública,EE Helio Luiz Dobrochinski Prof,Cursando,,,,Ametista,Agata,6.651373913,,7.5367,,,,,2.0,9.0,7.0,6.3,6.0,7.0,5.0,6.3,6.0,6.0,,,,Fase 1 (3° e 4° ano),-1.0,,,,,1,0.5752094489989218,57.52
RA-1364,2024,ALFA,ALFA S - G2/G3,Aluno-1364,2015.0,2015-09-24,9.0,Masculino,2024.0,Pública,EE Luiz Schunck,Cursando,,,,,Ametista,7.570033333,,,,,,,2.0,8.0,8.4,7.5,8.8,7.0,5.0,6.9,9.5,8.0,,,,Fase 1 (3° e 4° ano),-1.0,,,,,1,0.8490567393096674,84.91
RA-1365,2024,ALFA,ALFA S - G2/G3,Aluno-1365,2015.0,2015-07-21,9.0,Masculino,2024.0,Pública,EM Cecilia Cristina de Oliveira Rodrigues,Cursando,,,,,Ametista,7.370033333,,,,,,,2.0,9.0,9.8,6.3,6.5,7.0,5.0,6.9,5.5,7.5,,,,Fase 1 (3° e 4° ano),-1.0,,,,,1,0.8282541405864703,82.83
RA-1366,2024,ALFA,ALFA S - G2/G3,Aluno-1366,2015.0,2015-11-29,8.0,Feminino,2024.0,Pública,EE Luiz Schunck,Cursando,,,,,Agata,6.919852174,,,,,,,2.0,9.0,6.6,7.5,6.5,7.0,5.0,7.5,6.5,6.5,,,,Fase 1 (3° e 4° ano),-1.0,,,,,0,0.3291429171865996,32.91
RA-974,2024,ALFA,ALFA S - G2/G3,Aluno-974,2015.0,2015-09-12,8.0,Masculino,2023.0,Pública,EE Helio Luiz Dobrochinski Prof,Cursando,,,,Topázio,Ametista,7.607721739,,8.4752,,,,,2.0,9.5,9.3,7.5,6.5,7.5,5.0,7.5,6.0,7.0,,,,Fase 1 (3° e 4° ano),-1.0,,,,,1,0.5041033874405462,50.41
RA-1367,2024,ALFA,ALFA S - G2/G3,Aluno-1367,2016.0,2016-08-17,8.0,Feminino,2024.0,Pública,EE Helio Luiz Dobrochinski Prof,Cursando,,,,,Topázio,8.427286957,,,,,,,2.0,10.0,8.4,7.5,8.8,7.5,10.0,7.5,9.0,8.5,,,,ALFA (1° e 2° ano),0.0,,,,,0,0.240316292159004,24.03
RA-1368,2024,ALFA,ALFA S - G2/G3,Aluno-1368,2016.0,2016-09-18,8.0,Masculino,2024.0,Pública,EE Luiz Schunck,Cursando,,,,,Topázio,8.6012,,,,,,,2.0,7.0,10.0,7.5,9.5,7.5,10.0,7.5,10.0,9.0,,,,ALFA (1° e 2° ano),0.0,,,,,0,0.16167807502775958,16.17
RA-1369,2024,ALFA,ALFA S - G2/G3,Aluno-1369,2017.0,2017-05-02,7.0,Feminino,2024.0,Pública,EE Luiz Schunck,Cursando,,,,,Topázio,8.052286957,,,,,,,2.0,8.5,8.6,6.3,8.0,7.5,10.0,7.5,8.0,8.0,,,,ALFA (1° e 2° ano),0.0,,,,,0,0.16097695435102677,16.1
RA-978,2024,ALFA,ALFA S - G2/G3,Aluno-978,2015.0,2015-10-11,8.0,Feminino,2023.0,Pública,EE Luiz Schunck,Cursando,,,,Topázio,Ametista,7.4637,,8.3877,,,,,2.0,9.5,9.5,6.3,6.5,7.5,5.0,6.9,6.0,7.0,,,,Fase 1 (3° e 4° ano),-1.0,,,,,1,0.6220380197608176,62.2
RA-1370,2024,ALFA,ALFA S - G2/G3,Aluno-1370,2015.0,2015-04-09,9.0,Masculino,2024.0,Pública,EE Luiz Schunck,Cursando,,,,,Topázio,8.045644444,,,,,,,2.0,10.0,8.7,7.5,9.0,7.5,5.0,7.5,10.0,8.0,,,,Fase 1 (3° e 4° ano),-1.0,,,,,1,0.8703172035513436,87.03
RA-1371,2024,ALFA,ALFA S - G2/G3,Aluno-1371,2013.0,2013-06-26,11.0,Feminino,2024.0,Pública,EE Helio Luiz Dobrochinski Prof,Cursando,,,,,Agata,6.484352174,,,,,,,2.0,7.5,7.0,7.5,4.5,7.5,5.0,6.9,3.0,6.0,,,,Fase 1 (3° e 4° ano),-1.0,,,,,1,0.7244166243374227,72.44
RA-1372,2024,ALFA,ALFA T - G2/G3,Aluno-1372,2016.0,2016-06-16,8.0,Feminino,2024.0,Pública,EE Jardim Silvania,Cursando,,,,,Ametista,7.9632,,,,,,,2.0,9.5,10.0,8.1,4.8,7.5,10.0,7.5,3.0,6.5,,,,ALFA (1° e 2° ano),0.0,,,,,0,0.26070496438667407,26.07
RA-1373,2024,ALFA,ALFA T - G2/G3,Aluno-1373,2015.0,2015-04-08,9.0,Feminino,2024.0,Pública,EE Joaquim Mendes Feliz,Cursando,,,,,Ametista,7.577286957,,,,,,,2.0,9.5,8.9,7.5,6.8,7.5,5.0,7.5,6.0,7.5,,,,Fase 1 (3° e 4° ano),-1.0,,,,,1,0.7460873021882477,74.61
RA-1374,2024,ALFA,ALFA T - G2/G3,Aluno-1374,2015.0,2015-03-20,9.0,Masculino,2024.0,Pública,EE Dom Pedro Villas Boas de Souza,Cursando,,,,,Ametista,7.370765217,,,,,,,2.0,9.5,9.3,7.5,5.3,7.5,5.0,7.5,5.0,5.5,,,,Fase 1 (3° e 4° ano),-1.0,,,,,1,0.753538371663436,75.35
RA-1375,2024,ALFA,ALFA T - G2/G3,Aluno-1375,2015.0,2015-01-08,9.0,Masculino,2024.0,Pública,EE Dom Pedro Villas Boas de Souza,Cursando,,,,,Topázio,8.1012,,,,,,,2.0,9.5,10.0,7.5,8.3,7.5,5.0,7.5,10.0,6.5,,,,Fase 1 (3° e 4° ano),-1.0,,,,,1,0.8946806664839623,89.47
RA-1376,2024,ALFA,ALFA T - G2/G3,Aluno-1376,2015.0,2015-10-16,9.0,Masculino,2024.0,Pública,EE Dom Pedro Villas Boas de Souza,Cursando,,,,,Topázio,8.274276923,,,,,,,2.0,9.0,9.6,7.5,9.8,7.5,5.0,7.5,10.0,9.5,,,,Fase 1 (3° e 4° ano),-1.0,,,,,1,0.7845071566171999,78.45
RA-994,2024,ALFA,ALFA T - G2/G3,Aluno-994,2014.0,2014-12-18,9.0,Feminino,2023.0,Pública,EE Levi Pereira Martins Professor,Cursando,,,,Ametista,Ametista,7.798221739,,7.4127,,,,,2.0,9.0,9.5,6.9,8.3,7.3,5.0,6.9,10.0,6.5,,,,Fase 1 (3° e 4° ano),-1.0,,,,,1,0.8905353792683118,89.05
RA-1377,2024,ALFA,ALFA T - G2/G3,Aluno-1377,2016.0,2016-09-08,8.0,Masculino,2024.0,Pública,EE Dom Pedro Villas Boas de Souza,Cursando,,,,,Ametista,7.8987,,,,,,,2.0,9.0,10.0,8.1,5.5,7.0,10.0,6.9,5.0,6.0,,,,ALFA (1° e 2° ano),0.0,,,,,0,0.189593089537466,18.96
RA-1378,2024,ALFA,ALFA U - G2/G3,Aluno-1378,2014.0,2014-09-30,10.0,Feminino,2024.0,Pública,EM Cecilia Cristina de Oliveira Rodrigues,Cursando,,,,,Ametista,7.670342857,,,,,,,2.0,9.0,9.3,8.1,6.8,7.5,5.0,7.5,7.5,6.0,,,,Fase 1 (3° e 4° ano),-1.0,,,,,1,0.7537648655334251,75.38
RA-1379,2024,ALFA,ALFA U - G2/G3,Aluno-1379,2016.0,2016-03-14,8.0,Masculino,2024.0,Pública,EE Helio Luiz Dobrochinski Prof,Cursando,,,,,Agata,6.638292105,,,,,,,2.0,9.5,8.7,3.8,7.3,5.2,5.0,5.9,8.5,6.0,,,,Fase 1 (3° e 4° ano),-1.0,,,,,0,0.3230973860818233,32.31
RA-1380,2024,ALFA,ALFA U - G2/G3,Aluno-1380,2016.0,2016-01-11,8.0,Masculino,2024.0,Pública,Estuda em outra cidade,Cursando,,,,,Ametista,7.964342231,,,,,,,2.0,9.5,8.8,4.4,8.0,7.5,10.0,7.2,10.0,6.0,,,,ALFA (1° e 2° ano),0.0,,,,,0,0.314771805029031,31.48
RA-770,2024,ALFA,ALFA U - G2/G3,Aluno-770,2015.0,2015-07-06,9.0,Masculino,2022.0,Pública,EE Luiz Schunck,Cursando,,,Topázio,Agata,Ametista,7.305711278,8.143,6.6785,,,,,2.0,10.0,9.0,7.5,5.0,7.5,5.0,7.5,4.0,6.0,,,,Fase 1 (3° e 4° ano),-1.0,,,,,1,0.5562276307706365,55.62
RA-1381,2024,ALFA,ALFA U - G2/G3,Aluno-1381,2016.0,2016-06-18,8.0,Feminino,2024.0,Pública,EE Helio Luiz Dobrochinski Prof,Cursando,,,,,Topázio,9.0382,,,,,,,2.0,9.5,10.0,8.1,9.5,7.5,10.0,8.8,10.0,9.0,,,,ALFA (1° e 2° ano),0.0,,,,,0,0.17947894072945036,17.95
RA-1382,2024,ALFA,ALFA U - G2/G3,Aluno-1382,2015.0,2015-08-17,9.0,Feminino,2024.0,Pública,EE Helio Luiz Dobrochinski Prof,Cursando,,,,,Ametista,7.834830952,,,,,,,2.0,8.5,9.8,7.5,7.5,7.5,5.0,7.8,8.0,7.0,,,,Fase 1 (3° e 4° ano),-1.0,,,,,1,0.7759242411114297,77.59
RA-1383,2024,ALFA,ALFA U - G2/G3,Aluno-1383,2016.0,2016-04-23,8.0,Feminino,2024.0,Pública,EE Luiz Schunck,Cursando,,,,,Topázio,8.372080326,,,,,,,2.0,8.5,9.3,7.5,8.5,7.5,10.0,7.2,10.0,7.0,,,,ALFA (1° e 2° ano),0.0,,,,,0,0.22194793521116396,22.19
RA-1384,2024,ALFA,ALFA U - G2/G3,Aluno-1384,2014.0,2014-05-13,10.0,Masculino,2024.0,Pública,EE Helio Luiz Dobrochinski Prof,Cursando,,,,,Agata,6.221984461,,,,,,,2.0,8.0,7.6,7.5,5.0,5.2,5.0,6.3,5.0,5.0,,,,Fase 2 (5° e 6° ano),-2.0,,,,,1,0.7440605180230793,74.41
RA-1385,2024,ALFA,ALFA U - G2/G3,Aluno-1385,2015.0,2015-04-12,8.0,Masculino,2024.0,Pública,EE Helio Luiz Dobrochinski Prof,Cursando,,,,,Ametista,7.7262,,,,,,,2.0,10.0,10.0,4.4,8.0,7.5,5.0,6.9,9.0,7.0,,,,Fase 1 (3° e 4° ano),-1.0,,,,,0,0.3917474462423135,39.17
RA-1386,2024,ALFA,ALFA U - G2/G3,Aluno-1386,2016.0,2016-05-03,8.0,Feminino,2024.0,Pública,EM Cecilia Cristina de Oliveira Rodrigues,Cursando,,,,,Ametista,7.803580952,,,,,,,2.0,9.0,9.8,7.5,7.3,7.5,5.0,7.5,8.5,6.0,,,,Fase 1 (3° e 4° ano),-1.0,,,,,0,0.1784268943573077,17.84
RA-1387,2024,ALFA,ALFA U - G2/G3,Aluno-1387,2016.0,2016-02-27,8.0,Feminino,2024.0,Pública,EM Cecilia Cristina de Oliveira Rodrigues,Cursando,,,,,Ametista,7.803079699,,,,,,,2.0,9.5,8.8,7.5,8.0,7.5,5.0,7.5,9.0,7.0,,,,Fase 1 (3° e 4° ano),-1.0,,,,,0,0.24550297305263727,24.55
RA-1388,2024,ALFA,ALFA Y - G0/G1,Aluno-1388,2016.0,2016-04-03,8.0,Feminino,2024.0,Pública,EE Dom Pedro Villas Boas de Souza,Cursando,,,,,Ametista,7.015057143,,,,,,,2.0,9.0,8.2,6.9,5.0,7.7,5.0,7.5,4.0,6.0,,,,Fase 1 (3° e 4° ano),-1.0,,,,,0,0.48984877526129256,48.98
RA-1389,2024,ALFA,ALFA Y - G0/G1,Aluno-1389,2017.0,2017-12-03,7.0,Feminino,2024.0,Pública,EE Dom Pedro Villas Boas de Souza,Cursando,,,,,Topázio,8.980533333,,,,,,,2.0,9.0,9.8,6.9,10.0,8.4,10.0,7.5,10.0,10.0,,,,ALFA (1° e 2° ano),0.0,,,,,0,0.08761058041167384,8.76
RA-1390,2024,ALFA,ALFA Y - G0/G1,Aluno-1390,2016.0,2016-12-11,7.0,Feminino,2024.0,Pública,EE Dom Pedro Villas Boas de Souza,Cursando,,,,,Topázio,8.493033333,,,,,,,2.0,9.5,9.8,5.0,8.3,8.4,10.0,7.5,8.0,8.5,,,,ALFA (1° e 2° ano),0.0,,,,,0,0.1065315150251523,10.65
RA-1391,2024,ALFA,ALFA Y - G0/G1,Aluno-1391,2016.0,2016-12-14,7.0,Masculino,2024.0,Pública,EE Dom Pedro Villas Boas de Souza,Cursando,,,,,Topázio,8.843533333,,,,,,,2.0,8.5,9.3,7.5,10.0,8.2,10.0,7.5,10.0,10.0,,,,ALFA (1° e 2° ano),0.0,,,,,0,0.058090267245508566,5.81
RA-1392,2024,ALFA,ALFA Y - G0/G1,Aluno-1392,2015.0,2015-06-01,9.0,Masculino,2024.0,Pública,EM Etelvina Delfim Simões,Cursando,,,,,Quartzo,5.4262,,,,,,,2.0,9.0,5.6,7.5,0.0,7.0,5.0,7.5,0.0,0.0,,,,Fase 1 (3° e 4° ano),-1.0,,,,,1,0.6885960981687366,68.86
RA-1393,2024,ALFA,ALFA Y - G0/G1,Aluno-1393,2017.0,2017-02-05,7.0,Feminino,2024.0,Pública,EE Francisco de Paula Teixeira,Cursando,,,,,Ametista,7.2597,,,,,,,2.0,9.5,7.5,3.8,5.0,8.4,10.0,7.5,10.0,0.0,,,,ALFA (1° e 2° ano),0.0,,,,,0,0.3419230640458006,34.19
RA-990,2024,1A,1A,Aluno-990,2014.0,2014-12-06,10.0,Masculino,2023.0,Pública,EE Chácara Florida II,Cursando,,,,Ametista,Ametista,7.812283333,,7.254,,,,,3.0,9.5,7.5,7.5,8.0,8.3,5.0,8.4,9.5,6.5,,,,Fase 2 (5° e 6° ano),-1.0,,,,,1,0.7525713647119532,75.26
RA-1394,2024,1A,1A,Aluno-1394,2013.0,2013-12-26,10.0,Feminino,2024.0,Pública,EE Chácara Florida II,Cursando,,,,,Ametista,7.503255556,,,,,,,3.0,9.5,8.7,7.5,5.8,8.0,5.0,8.1,5.5,6.0,,,,Fase 2 (5° e 6° ano),-1.0,,,,,1,0.5682133859425008,56.82
RA-991,2024,1A,1A,Aluno-991,2014.0,2014-04-30,10.0,Feminino,2023.0,Pública,EM Etelvina Delfim Simões,Cursando,,,,Ametista,Ametista,7.057230303,,7.7687,,,,,3.0,9.0,8.2,6.3,6.5,6.7,5.0,7.5,7.0,6.0,,,,Fase 2 (5° e 6° ano),-1.0,,,,,1,0.6474688578474695,64.75
RA-1018,2024,1A,1A,Aluno-1018,2013.0,2013-10-12,10.0,Masculino,2023.0,Pública,EE Dom Pedro Villas Boas de Souza,Cursando,,,,Agata,Ametista,7.705404545,,6.824,,,,,3.0,8.5,7.7,6.3,8.3,8.5,5.0,8.4,8.5,8.0,,,,Fase 2 (5° e 6° ano),-1.0,,,,,1,0.7808251360997055,78.08
RA-1395,2024,1A,1A,Aluno-1395,2014.0,2014-12-12,9.0,Feminino,2024.0,Pública,EE Dom Pedro Villas Boas de Souza,Cursando,,,,,Topázio,8.599783333,,,,,,,3.0,9.5,10.0,7.5,7.8,7.8,10.0,7.8,7.5,8.0,,,,Fase 1 (3° e 4° ano),0.0,,,,,0,0.46493034805656486,46.49
RA-1396,2024,1A,1A,Aluno-1396,2013.0,2013-07-30,11.0,Feminino,2024.0,Pública,EM Bairro Lagoa Grande,Cursando,,,,,Ametista,7.8477,,,,,,,3.0,9.5,10.0,7.5,6.5,7.7,5.0,8.1,6.0,7.0,,,,Fase 2 (5° e 6° ano),-1.0,,,,,1,0.5215911817608228,52.16
RA-1025,2024,1A,1A,Aluno-1025,2013.0,2013-12-18,10.0,Masculino,2023.0,Pública,EE Dom Pedro Villas Boas de Souza,Cursando,,,,Topázio,Ametista,7.897071212,,8.215158333,,,,,3.0,9.0,7.7,7.5,9.0,7.8,5.0,8.4,10.0,8.0,,,,Fase 2 (5° e 6° ano),-1.0,,,,,1,0.6878310157447217,68.78
RA-1019,2024,1A,1A,Aluno-1019,2015.0,2015-03-23,9.0,Feminino,2023.0,Pública,EM Etelvina Delfim Simões,Cursando,,,,Ametista,Topázio,8.692255195,,7.177033333,,,,,3.0,9.5,9.3,6.3,8.8,8.6,10.0,7.8,9.5,8.0,,,,Fase 1 (3° e 4° ano),0.0,,,,,1,0.5139087887694435,51.39
RA-879,2024,1A,1A,Aluno-879,2014.0,2014-05-03,10.0,Feminino,2023.0,Pública,EM Etelvina Delfim Simões,Cursando,,,,Agata,Topázio,8.109631818,,6.8225,,,,,3.0,9.5,9.1,6.3,8.5,8.7,5.0,7.8,8.0,9.0,,,,Fase 2 (5° e 6° ano),-1.0,,,,,1,0.642355606181582,64.24
RA-1020,2024,1A,1A,Aluno-1020,2014.0,2014-07-25,10.0,Feminino,2023.0,Pública,EE Dom Pedro Villas Boas de Souza,Cursando,,,,Ametista,Topázio,8.954495455,,7.612283333,,,,,3.0,9.0,9.8,6.9,9.0,8.8,10.0,8.4,10.0,8.0,,,,Fase 1 (3° e 4° ano),0.0,,,,,0,0.43425088075371343,43.43
RA-1021,2024,1A,1A,Aluno-1021,2014.0,2014-10-03,10.0,Masculino,2023.0,Pública,EE Dom Pedro Villas Boas de Souza,Cursando,,,,Agata,Topázio,8.098586364,,6.964616667,,,,,3.0,9.5,9.3,7.5,8.0,8.0,5.0,8.4,9.0,7.0,,,,Fase 2 (5° e 6° ano),-1.0,,,,,1,0.7529482947191103,75.29
RA-1022,2024,1A,1A,Aluno-1022,2014.0,2014-02-25,10.0,Masculino,2023.0,Pública,EE Dom Pedro Villas Boas de Souza,Cursando,,,,Ametista,Ametista,7.613169697,,7.164616667,,,,,3.0,9.5,9.3,6.3,6.5,8.1,5.0,7.5,5.5,7.5,,,,Fase 2 (5° e 6° ano),-1.0,,,,,1,0.5972315004530173,59.72
RA-1397,2024,1A,1A,Aluno-1397,2014.0,2014-04-26,10.0,Feminino,2024.0,Pública,EE Dom Pedro Villas Boas de Souza,Cursando,,,,,Ametista,7.828033333,,,,,,,3.0,9.0,10.0,6.3,7.0,7.9,5.0,8.1,7.0,7.0,,,,Fase 2 (5° e 6° ano),-1.0,,,,,1,0.5958279176075036,59.58
RA-699,2024,1A,1A,Aluno-699,2013.0,2013-07-13,11.0,Masculino,2022.0,Pública,EE Dom Pedro Villas Boas de Souza,Cursando,,,Ágata,Agata,Agata,6.427771212,6.658,6.389991667,,,,,3.0,6.3,7.7,6.3,6.5,5.8,5.0,6.6,7.0,6.0,,,,Fase 2 (5° e 6° ano),-1.0,,,,,1,0.8056814123591165,80.57
RA-1398,2024,1B,1B,Aluno-1398,2013.0,2013-08-02,11.0,Feminino,2024.0,Pública,EE Leonice de Aquino Oliveira,Cursando,,,,,Ametista,7.989700527,,,,,,,3.0,6.9,9.6,7.5,8.0,8.6,5.0,8.1,8.0,8.0,,,,Fase 2 (5° e 6° ano),-1.0,,,,,1,0.5036304650728833,50.36
RA-871,2024,1B,1B,Aluno-871,2014.0,2014-06-21,10.0,Masculino,2023.0,Pública,EE Chácara Florida II,Cursando,,,,Agata,Ametista,7.291729315,,6.8617,,,,,3.0,8.5,9.3,4.4,7.3,5.8,10.0,5.3,6.0,8.5,,,,Fase 1 (3° e 4° ano),0.0,,,,,1,0.569657188944029,56.97
RA-1399,2024,1B,1B,Aluno-1399,2013.0,2013-01-03,11.0,Feminino,2024.0,Pública,EE Olivia de Faria Nogueira,Cursando,,,,,Ametista,7.438578788,,,,,,,3.0,9.0,9.8,5.0,6.0,8.2,5.0,7.5,6.0,6.0,,,,Fase 2 (5° e 6° ano),-1.0,,,,,1,0.5692435777995105,56.92
RA-873,2024,1B,1B,Aluno-873,2012.0,2012-01-03,12.0,Feminino,2023.0,Pública,EE Olivia de Faria Nogueira,Cursando,,,,Ametista,Ametista,7.61095,,7.8012,,,,,3.0,8.0,10.0,6.9,6.8,7.8,5.0,7.2,7.0,6.5,,,,Fase 3 (7° e 8° ano),-2.0,,,,,1,0.5961126058374788,59.61
RA-898,2024,1B,1B,Aluno-898,2014.0,2014-03-06,10.0,Masculino,2023.0,Pública,EE Dom Pedro Villas Boas de Souza,Cursando,,,,Topázio,Ametista,7.866133333,,8.4217,,,,,3.0,6.4,10.0,7.5,7.5,8.6,5.0,7.5,9.0,6.0,,,,Fase 2 (5° e 6° ano),-1.0,,,,,1,0.6456849486312666,64.57
RA-750,2024,1B,1B,Aluno-750,2012.0,2012-06-03,12.0,Masculino,2021.0,Pública,EE Mario Francisco de Amorim,Cursando,Ágata,Ágata,Ágata,Quartzo,Quartzo,4.542230369,6.344,5.6857,,,,,3.0,6.2,5.9,4.4,3.8,3.2,5.0,4.1,0.5,7.0,,,,Fase 3 (7° e 8° ano),-2.0,,,,,1,0.8663441478392161,86.63
RA-899,2024,1B,1B,Aluno-899,2015.0,2015-03-27,9.0,Masculino,2023.0,Pública,EE Chácara Florida II,Cursando,,,,Topázio,Topázio,8.425024769,,8.8452,,,,,3.0,10.0,9.1,5.6,8.3,7.9,10.0,8.1,8.0,8.5,,,,Fase 1 (3° e 4° ano),0.0,,,,,0,0.34679401173226476,34.68
RA-878,2024,1B,1B,Aluno-878,2013.0,2013-07-22,11.0,Masculino,2023.0,Pública,EE Chácara Florida II,Cursando,,,,Agata,Agata,6.533556061,,6.24,,,,,3.0,9.0,6.1,4.4,6.8,7.0,5.0,7.2,6.0,7.5,,,,Fase 2 (5° e 6° ano),-1.0,,,,,1,0.7374439154919626,73.74
RA-893,2024,1B,1B,Aluno-893,2014.0,2014-05-10,10.0,Masculino,2023.0,Pública,EE Chácara Florida II,Cursando,,,,Topázio,Topázio,8.891033333,,8.8042,,,,,3.0,9.0,10.0,7.5,9.3,7.9,10.0,8.1,10.0,8.5,,,,Fase 1 (3° e 4° ano),0.0,,,,,1,0.5894189439389005,58.94
RA-1024,2024,1B,1B,Aluno-1024,2013.0,2013-05-17,11.0,Feminino,2023.0,Pública,Escola João Paulo II,Cursando,,,,Ametista,Topázio,8.651616667,,7.788875,,,,,3.0,8.0,10.0,7.5,10.0,8.8,5.0,8.4,10.0,10.0,,,,Fase 2 (5° e 6° ano),-1.0,,,,,0,0.4110299164533314,41.1
RA-900,2024,1B,1B,Aluno-900,2015.0,2015-03-18,9.0,Feminino,2023.0,Pública,EE Dom Pedro Villas Boas de Souza,Cursando,,,,Topázio,Topázio,8.80200303,,8.8947,,,,,3.0,9.0,9.3,8.1,8.5,8.6,10.0,8.1,8.0,9.0,,,,Fase 1 (3° e 4° ano),0.0,,,,,0,0.30554834080479704,30.55
RA-903,2024,1B,1B,Aluno-903,2015.0,2015-04-04,9.0,Feminino,2023.0,Pública,EE Dom Pedro Villas Boas de Souza,Cursando,,,,Topázio,Topázio,8.075828788,,8.5242,,,,,3.0,10.0,9.8,7.5,5.0,7.9,10.0,7.8,6.0,4.0,,,,Fase 1 (3° e 4° ano),0.0,,,,,0,0.2844132082493195,28.44
RA-1400,2024,1B,1B,Aluno-1400,2015.0,2015-01-18,9.0,Masculino,2024.0,Pública,EE Dom Pedro Villas Boas de Souza,Cursando,,,,,Ametista,7.622839526,,,,,,,3.0,8.4,6.7,7.5,7.3,7.5,10.0,7.5,6.5,8.0,,,,Fase 1 (3° e 4° ano),0.0,,,,,0,0.44359636942025554,44.36
RA-851,2024,1B,1B,Aluno-851,2014.0,2014-03-03,10.0,Masculino,2022.0,Pública,EM Eurides José Amorim,Cursando,,,Ametista,Agata,Agata,6.211460211,7.515,6.1683,,,,,3.0,9.0,7.3,5.6,6.0,5.1,5.0,5.6,5.0,7.0,,,,Fase 2 (5° e 6° ano),-1.0,,,,,1,0.7547708660911734,75.48
RA-1028,2024,1B,1B,Aluno-1028,2012.0,2012-02-17,12.0,Masculino,2023.0,Pública,EE Olivia de Faria Nogueira,Cursando,,,,Agata,Ametista,7.14043386,,6.415708333,,,,,3.0,8.0,7.1,5.6,7.5,8.4,5.0,6.9,6.0,9.0,,,,Fase 3 (7° e 8° ano),-2.0,,,,,1,0.7010534846760947,70.11
RA-922,2024,1C,1C,Aluno-922,2014.0,2014-03-12,9.0,Feminino,2023.0,Pública,EE Francisco de Paula Teixeira,Cursando,,,,Topázio,Topázio,8.520995455,,8.5262,,,,,2.0,9.0,9.5,7.5,7.8,8.2,10.0,7.8,7.5,8.0,,,,Fase 1 (3° e 4° ano),0.0,,,,,1,0.5571690802507139,55.72
RA-684,2024,1C,1C,Aluno-684,2015.0,2015-01-15,9.0,Masculino,2022.0,Privada,Recanto Betânia Centro Educacional,Cursando,,,Topázio,Ametista,Ametista,7.769381818,8.26,7.4277,,,,,2.0,10.0,9.1,7.5,4.3,8.0,10.0,7.5,2.5,6.0,,,,Fase 1 (3° e 4° ano),0.0,,,,,0,0.38295916346108916,38.3
RA-1031,2024,1C,1C,Aluno-1031,2013.0,2013-03-13,11.0,Masculino,2023.0,Pública,EE Joaquim Mendes Feliz,Cursando,,,,Ametista,Agata,6.875722727,,7.0602,,,,,2.0,9.5,8.6,7.5,6.3,5.8,5.0,5.3,5.5,7.0,,,,Fase 2 (5° e 6° ano),-1.0,,,,,1,0.7858219068083708,78.58
RA-892,2024,1C,1C,Aluno-892,2015.0,2015-01-16,9.0,Masculino,2023.0,Pública,EE Dom Pedro Villas Boas de Souza,Cursando,,,,Topázio,Topázio,8.6977,,8.8112,,,,,2.0,8.0,10.0,7.5,8.8,7.9,10.0,8.1,10.0,7.5,,,,Fase 1 (3° e 4° ano),0.0,,,,,1,0.5926883641208762,59.27
RA-1029,2024,1C,1C,Aluno-1029,2014.0,2014-02-22,10.0,Feminino,2023.0,Pública,EE Dom Pedro Villas Boas de Souza,Cursando,,,,Ametista,Ametista,7.797790909,,7.058533333,,,,,2.0,9.0,8.8,6.9,8.8,7.3,5.0,7.5,8.0,9.5,,,,Fase 2 (5° e 6° ano),-1.0,,,,,1,0.7415898649151642,74.16
RA-1032,2024,1C,1C,Aluno-1032,2013.0,2013-05-06,11.0,Masculino,2023.0,Pública,EE Joaquim Mendes Feliz,Cursando,,,,Ametista,Topázio,8.01645,,7.434033333,,,,,2.0,8.5,9.8,7.5,8.0,7.9,5.0,7.8,9.0,7.0,,,,Fase 2 (5° e 6° ano),-1.0,,,,,1,0.7420255932183877,74.2
RA-894,2024,1C,1C,Aluno-894,2014.0,2014-04-14,10.0,Feminino,2023.0,Pública,EE Dom Pedro Villas Boas de Souza,Cursando,,,,Topázio,Topázio,8.67895,,8.8142,,,,,2.0,10.0,10.0,7.5,9.5,8.4,5.0,8.4,9.0,10.0,,,,Fase 2 (5° e 6° ano),-1.0,,,,,1,0.6564852127068406,65.65
RA-1401,2024,1C,1C,Aluno-1401,2011.0,2011-04-30,13.0,Masculino,2024.0,Pública,EE Paschoal Carlos Magno,Cursando,,,,,Topázio,8.118827778,,,,,,,2.0,6.9,8.9,7.5,10.0,8.1,5.0,7.8,10.0,10.0,,,,Fase 3 (7° e 8° ano),-2.0,,,,,0,0.47301547212692263,47.3
RA-896,2024,1C,1C,Aluno-896,2015.0,2015-12-24,8.0,Masculino,2023.0,Pública,EE Dom Pedro Villas Boas de Souza,Cursando,,,,Topázio,Topázio,8.285245455,,9.0912,,,,,2.0,8.5,9.8,7.5,6.5,8.1,10.0,8.1,6.5,6.5,,,,Fase 1 (3° e 4° ano),0.0,,,,,0,0.3629393556694592,36.29
RA-693,2024,1C,1C,Aluno-693,2015.0,2015-03-04,9.0,Feminino,2022.0,Pública,EE Dom Pedro Villas Boas de Souza,Cursando,,,Ametista,Topázio,Topázio,8.907995455,7.944,9.0112,,,,,2.0,10.0,9.5,9.4,8.0,8.4,10.0,7.8,8.0,8.0,,,,Fase 1 (3° e 4° ano),0.0,,,,,0,0.36978000803028893,36.98
RA-743,2024,1C,1C,Aluno-743,2013.0,2013-08-31,11.0,Feminino,2022.0,Pública,EE Dom Pedro Villas Boas de Souza,Cursando,,,Ágata,Agata,Ametista,7.655745455,6.672,6.659,,,,,2.0,9.0,9.3,7.5,7.0,7.5,5.0,7.5,6.5,7.5,,,,Fase 2 (5° e 6° ano),-1.0,,,,,1,0.7558249530363058,75.58
RA-681,2024,1C,1C,Aluno-681,2012.0,2012-12-14,11.0,Masculino,2022.0,Privada,João Friaza Colégio,Cursando,,,Ametista,Agata,Agata,6.039881818,7.204,6.2955,,,,,2.0,9.5,7.8,6.3,2.5,6.7,5.0,5.6,5.0,0.0,,,,Fase 2 (5° e 6° ano),-1.0,,,,,1,0.8265388192362393,82.65
RA-1035,2024,1C,1C,Aluno-1035,2014.0,2014-01-31,10.0,Masculino,2023.0,Pública,EE Dom Pedro Villas Boas de Souza,Cursando,,,,Agata,Ametista,7.833495455,,6.888833333,,,,,2.0,9.5,9.0,7.5,7.0,7.9,5.0,8.4,6.5,7.5,,,,Fase 2 (5° e 6° ano),-1.0,,,,,1,0.8180945828931853,81.81
RA-850,2024,1C,1C,Aluno-850,2014.0,2014-01-22,10.0,Masculino,2022.0,Pública,EE Chácara Florida II,Cursando,,,Ametista,Agata,Ametista,7.864245455,7.641,6.06525,,,,,2.0,10.0,9.3,6.3,7.8,7.9,5.0,7.5,6.0,9.5,,,,Fase 2 (5° e 6° ano),-1.0,,,,,1,0.7744099977389709,77.44
RA-1402,2024,1D,1D,Aluno-1402,2014.0,2014-07-07,10.0,Feminino,2024.0,Pública,EE Dom Pedro Villas Boas de Souza,Cursando,,,,,Topázio,8.588040909,,,,,,,2.0,10.0,9.5,7.5,7.3,8.2,10.0,8.4,7.0,7.5,,,,Fase 1 (3° e 4° ano),0.0,,,,,1,0.7496986253258978,74.97
RA-1403,2024,1D,1D,Aluno-1403,2013.0,2013-08-06,11.0,Feminino,2024.0,Pública,EE Joaquim Mendes Feliz,Cursando,,,,,Topázio,8.257421862,,,,,,,2.0,9.0,9.3,7.5,8.8,8.3,5.0,8.4,7.5,10.0,,,,Fase 2 (5° e 6° ano),-1.0,,,,,1,0.5676265289310557,56.76
RA-1404,2024,1D,1D,Aluno-1404,2014.0,2014-12-25,9.0,Feminino,2024.0,Pública,EE Dom Pedro Villas Boas de Souza,Cursando,,,,,Topázio,8.397131818,,,,,,,2.0,8.5,9.1,7.5,7.5,8.2,10.0,8.4,6.0,9.0,,,,Fase 1 (3° e 4° ano),0.0,,,,,0,0.49260230371138325,49.26
RA-923,2024,1D,1D,Aluno-923,2015.0,2015-01-04,9.0,Feminino,2023.0,Pública,EE Dom Pedro Villas Boas de Souza,Cursando,,,,Topázio,Ametista,7.688609091,,8.8842,,,,,2.0,8.0,8.0,7.5,5.5,8.2,10.0,8.1,5.0,6.0,,,,Fase 1 (3° e 4° ano),0.0,,,,,0,0.4143433668900615,41.43
RA-847,2024,1D,1D,Aluno-847,2013.0,2013-04-30,11.0,Masculino,2022.0,Pública,EE Paschoal Carlos Magno,Cursando,,,Ágata,Agata,Quartzo,5.009290909,6.839,6.5418,,,,,2.0,9.0,4.5,5.0,1.0,6.2,5.0,7.5,0.0,2.0,,,,Fase 2 (5° e 6° ano),-1.0,,,,,1,0.7997675825956364,79.98
RA-1405,2024,1D,1D,Aluno-1405,2014.0,2014-09-29,10.0,Feminino,2024.0,Pública,EE Dom Pedro Villas Boas de Souza,Cursando,,,,,Topázio,8.474972727,,,,,,,2.0,8.0,8.6,7.5,8.8,8.2,10.0,8.1,8.0,9.5,,,,Fase 1 (3° e 4° ano),0.0,,,,,1,0.5698521632826256,56.99
RA-1406,2024,1D,1D,Aluno-1406,2014.0,2014-10-04,10.0,Feminino,2024.0,Pública,EE Joaquim Mendes Feliz,Cursando,,,,,Ametista,7.818677273,,,,,,,2.0,8.0,8.9,7.5,7.5,8.3,5.0,8.4,5.5,9.5,,,,Fase 2 (5° e 6° ano),-1.0,,,,,1,0.6137026675924726,61.37
RA-1407,2024,1D,1D,Aluno-1407,2014.0,2014-01-06,10.0,Masculino,2024.0,Pública,EE Joaquim Mendes Feliz,Cursando,,,,,Ametista,7.546086364,,,,,,,2.0,10.0,9.3,7.5,5.8,7.5,5.0,7.8,5.5,6.0,,,,Fase 2 (5° e 6° ano),-1.0,,,,,1,0.8099533510325665,81.0
RA-1408,2024,1D,1D,Aluno-1408,2013.0,2013-07-22,11.0,Masculino,2024.0,Pública,EE Dom Pedro Villas Boas de Souza,Cursando,,,,,Ametista,7.626768182,,,,,,,2.0,10.0,8.4,7.5,6.8,7.5,5.0,8.4,5.5,8.0,,,,Fase 2 (5° e 6° ano),-1.0,,,,,1,0.6831276155008443,68.31
RA-1409,2024,1D,1D,Aluno-1409,2014.0,2014-04-02,10.0,Masculino,2024.0,Pública,EE Dom Pedro Villas Boas de Souza,Cursando,,,,,Ametista,7.863131818,,,,,,,2.0,10.0,9.1,7.5,7.3,7.5,5.0,8.4,7.5,7.0,,,,Fase 2 (5° e 6° ano),-1.0,,,,,1,0.8347930142711881,83.48
RA-1410,2024,1E,1E,Aluno-1410,2013.0,2013-10-28,11.0,Masculino,2024.0,Pública,EE Levi Pereira Martins Professor,Cursando,,,,,Ametista,7.531927273,,,,,,,2.0,9.0,8.1,7.5,6.3,8.2,5.0,8.8,6.5,6.0,,,,Fase 2 (5° e 6° ano),-1.0,,,,,1,0.7624230554302655,76.24
RA-874,2024,1E,1E,Aluno-874,2013.0,2013-11-17,10.0,Masculino,2023.0,Pública,EE Chácara Florida II,Cursando,,,,Quartzo,Ametista,7.023593939,,5.811,,,,,2.0,9.5,4.7,6.3,7.8,7.9,5.0,8.8,6.0,9.5,,,,Fase 2 (5° e 6° ano),-1.0,,,,,1,0.7548243666472747,75.48
RA-1411,2024,1E,1E,Aluno-1411,2013.0,2013-02-25,11.0,Masculino,2024.0,Pública,EE Alexandre Rodrigues Nogueira,Cursando,,,,,Agata,6.88695,,,,,,,2.0,9.0,9.5,6.3,2.8,7.8,5.0,8.4,5.5,0.0,,,,Fase 2 (5° e 6° ano),-1.0,,,,,1,0.731135198546176,73.11
RA-1412,2024,1E,1E,Aluno-1412,2014.0,2014-10-09,10.0,Masculino,2024.0,Pública,EE Chácara Florida II,Cursando,,,,,Topázio,9.204671862,,,,,,,2.0,10.0,9.3,7.5,9.8,8.8,10.0,8.8,10.0,9.5,,,,Fase 1 (3° e 4° ano),0.0,,,,,0,0.4732709694420544,47.33
RA-690,2024,1E,1E,Aluno-690,2013.0,2013-01-09,11.0,Feminino,2022.0,Pública,EE Dom Pedro Villas Boas de Souza,Cursando,,,Ametista,Topázio,Ametista,7.385368182,7.541,8.6112,,,,,2.0,7.9,8.4,7.5,6.3,7.8,5.0,8.4,7.5,5.0,,,,Fase 2 (5° e 6° ano),-1.0,,,,,1,0.5947851613388848,59.48
RA-1413,2024,1E,1E,Aluno-1413,2012.0,2012-03-21,12.0,Masculino,2024.0,Pública,EE Olivia de Faria Nogueira,Cursando,,,,,Ametista,7.747564719,,,,,,,2.0,9.0,8.6,7.5,7.3,7.9,5.0,8.4,7.5,7.0,,,,Fase 3 (7° e 8° ano),-2.0,,,,,1,0.6531731290872673,65.32
RA-1414,2024,1E,1E,Aluno-1414,2014.0,2014-10-26,10.0,Feminino,2024.0,Pública,EM Etelvina Delfim Simões,Cursando,,,,,Topázio,8.840007359,,,,,,,2.0,9.5,9.3,6.9,8.5,8.8,10.0,8.8,10.0,7.0,,,,Fase 1 (3° e 4° ano),0.0,,,,,1,0.5584413282616435,55.84
RA-995,2024,1E,1E,Aluno-995,2012.0,2012-02-04,12.0,Feminino,2023.0,Pública,EE Mario Francisco de Amorim,Cursando,,,,Agata,Quartzo,5.110372078,,6.4782,,,,,2.0,10.0,5.4,5.6,2.0,4.3,5.0,7.2,0.0,4.0,,,,Fase 3 (7° e 8° ano),-2.0,,,,,1,0.7758186781750465,77.58
RA-853,2024,1G,1G,Aluno-853,2014.0,2014-07-19,10.0,Feminino,2022.0,Pública,EM Maria Ignez Concelles Irma Ines,Cursando,,,Topázio,Ametista,Ametista,7.986866667,8.616,7.8402,,,,,3.0,8.5,9.6,6.3,6.3,7.6,10.0,8.3,6.5,6.0,,,,Fase 1 (3° e 4° ano),0.0,,,,,0,0.10923183415790408,10.92
RA-854,2024,1G,1G,Aluno-854,2014.0,2014-08-11,9.0,Feminino,2022.0,Pública,EM Maria Ignez Concelles Irma Ines,Cursando,,,Topázio,Agata,Ametista,7.8262,8.098,6.6415,,,,,3.0,9.5,10.0,6.3,7.0,6.3,10.0,5.8,7.0,7.0,,,,Fase 1 (3° e 4° ano),0.0,,,,,1,0.5194892132225302,51.95
RA-1415,2024,1G,1G,Aluno-1415,2014.0,2014-05-17,10.0,Feminino,2024.0,Pública,EM Maria Ignez Concelles Irma Ines,Cursando,,,,,Ametista,7.371245455,,,,,,,3.0,8.0,9.8,6.3,6.8,7.1,5.0,7.3,6.5,7.0,,,,Fase 2 (5° e 6° ano),-1.0,,,,,1,0.6879559284573876,68.8
RA-842,2024,1G,1G,Aluno-842,2014.0,2014-05-13,10.0,Feminino,2022.0,Pública,EM Etelvina Delfim Simões,Cursando,,,Ametista,Ametista,Ametista,7.072914756,7.952,7.2117,,,,,3.0,8.5,7.5,6.3,7.5,7.0,5.0,6.9,6.0,9.0,,,,Fase 2 (5° e 6° ano),-1.0,,,,,0,0.45024593262857127,45.02
RA-700,2024,1G,1G,Aluno-700,2013.0,2013-10-29,11.0,Feminino,2022.0,Pública,EM Maria Ignez Concelles Irma Ines,Cursando,,,Ametista,Topázio,Ametista,7.005745455,7.738,8.2852,,,,,3.0,8.5,9.6,5.6,5.3,7.0,5.0,7.3,5.0,5.5,,,,Fase 2 (5° e 6° ano),-1.0,,,,,0,0.4679398408727776,46.79
RA-1416,2024,1G,1G,Aluno-1416,2012.0,2012-06-10,12.0,Feminino,2024.0,Pública,EE Loris Nassif Mattar Profa,Cursando,,,,,Ametista,7.37550303,,,,,,,3.0,8.5,8.3,7.5,7.8,6.4,5.0,7.9,6.5,9.0,,,,Fase 2 (5° e 6° ano),-1.0,,,,,1,0.6199518449313077,62.0
RA-911,2024,1G,1G,Aluno-911,2012.0,2012-05-19,12.0,Masculino,2023.0,Pública,EE Leonice de Aquino Oliveira,Cursando,,,,Quartzo,Quartzo,5.455245455,,5.59545,,,,,3.0,8.0,4.8,7.5,4.5,4.7,5.0,6.0,5.0,4.0,,,,Fase 3 (7° e 8° ano),-2.0,,,,,1,0.7375321235762513,73.75
RA-859,2024,1G,1G,Aluno-859,2015.0,2015-03-20,9.0,Feminino,2022.0,Pública,EM Maria Ignez Concelles Irma Ines,Cursando,,,Topázio,Topázio,Topázio,8.581790909,8.325,8.6042,,,,,3.0,8.0,9.3,7.5,8.0,8.3,10.0,9.0,8.0,8.0,,,,Fase 1 (3° e 4° ano),0.0,,,,,0,0.09761276302316592,9.76
RA-860,2024,1G,1G,Aluno-860,2015.0,2015-08-01,9.0,Masculino,2022.0,Pública,EM Maria Ignez Concelles Irma Ines,Cursando,,,Topázio,Topázio,Topázio,8.773866667,8.136,8.2372,,,,,3.0,9.0,9.8,7.5,8.5,7.9,10.0,8.8,8.0,9.0,,,,Fase 1 (3° e 4° ano),0.0,,,,,0,0.10981580361161504,10.98
RA-727,2024,1G,1G,Aluno-727,2014.0,2014-11-08,10.0,Masculino,2022.0,Pública,EE Dom Pedro Villas Boas de Souza,Cursando,,,Ametista,Ametista,Topázio,8.44700303,7.736,7.6802,,,,,3.0,10.0,8.5,6.3,8.5,8.1,10.0,8.1,10.0,7.0,,,,Fase 1 (3° e 4° ano),0.0,,,,,1,0.5225712045896997,52.26
RA-1417,2024,1G,1G,Aluno-1417,2014.0,2014-04-29,10.0,Masculino,2024.0,Pública,EE Dom Pedro Villas Boas de Souza,Cursando,,,,,Ametista,7.743624242,,,,,,,3.0,9.0,9.3,7.5,9.0,6.5,5.0,6.3,10.0,8.0,,,,Fase 2 (5° e 6° ano),-1.0,,,,,1,0.7151831954272524,71.52
RA-910,2024,1G,1G,Aluno-910,2015.0,2015-01-23,9.0,Masculino,2023.0,Pública,EM Etelvina Delfim Simões,Cursando,,,,Ametista,Topázio,8.116381818,,7.801,,,,,3.0,8.5,8.7,7.5,7.5,7.4,10.0,7.9,9.0,6.0,,,,Fase 1 (3° e 4° ano),0.0,,,,,1,0.5874620951227666,58.75
RA-840,2024,1G,1G,Aluno-840,2014.0,2014-02-02,10.0,Masculino,2022.0,Pública,EM Maria Ignez Concelles Irma Ines,Cursando,,,Ametista,Ametista,Topázio,8.591290909,7.875,7.7862,,,,,3.0,9.5,9.3,7.5,8.0,7.9,10.0,8.3,7.0,9.0,,,,Fase 1 (3° e 4° ano),0.0,,,,,0,0.19030417386965362,19.03
RA-926,2024,1G,1G,Aluno-926,2014.0,2014-06-15,10.0,Feminino,2023.0,Pública,EM Maria Ignez Concelles Irma Ines,Cursando,,,,Ametista,Ametista,7.783078788,,7.7792,,,,,3.0,9.0,9.8,7.5,7.0,7.2,5.0,8.3,7.0,7.0,,,,Fase 2 (5° e 6° ano),-1.0,,,,,1,0.5333729620103445,53.34
RA-1418,2024,1G,1G,Aluno-1418,2013.0,2013-07-18,11.0,Masculino,2024.0,Pública,EM Pedro Antonio de Almeida,Cursando,,,,,Ametista,7.735290909,,,,,,,3.0,8.5,9.1,7.5,8.3,6.8,5.0,7.9,8.5,8.0,,,,Fase 2 (5° e 6° ano),-1.0,,,,,1,0.6576299482774806,65.76
RA-927,2024,1G,1G,Aluno-927,2014.0,2014-11-06,10.0,Feminino,2023.0,Pública,EM Maria Ignez Concelles Irma Ines,Cursando,,,,Ametista,Ametista,7.992169697,,7.5982,,,,,3.0,8.0,9.3,7.5,6.5,7.2,10.0,8.3,7.0,6.0,,,,Fase 1 (3° e 4° ano),0.0,,,,,0,0.47444705263621395,47.44
RA-672,2024,1H,1H,Aluno-672,2013.0,2013-08-26,11.0,Feminino,2021.0,Pública,EM Etelvina Delfim Simões,Cursando,,Ametista,Ametista,Agata,Quartzo,4.211813834,7.48,6.5623,,,,,3.0,7.9,4.0,6.3,0.0,4.5,5.0,6.0,0.0,0.0,,,,Fase 2 (5° e 6° ano),-1.0,,,,,1,0.5663164358056498,56.63
RA-1043,2024,1H,1H,Aluno-1043,2013.0,2013-06-29,11.0,Masculino,2023.0,Pública,EE João Ortiz Rodrigues,Cursando,,,,Agata,Ametista,7.539847563,,6.5447,,,,,3.0,10.0,8.0,7.5,8.3,6.6,5.0,7.3,8.5,8.0,,,,Fase 2 (5° e 6° ano),-1.0,,,,,1,0.6971421119955443,69.71
RA-738,2024,1H,1H,Aluno-738,2014.0,2014-05-02,10.0,Feminino,2022.0,Pública,EM Maria Ignez Concelles Irma Ines,Cursando,,,Ametista,Topázio,Ametista,7.262698024,7.227,8.123283333,,,,,3.0,10.0,7.3,6.9,7.3,7.4,5.0,6.9,7.5,7.0,,,,Fase 2 (5° e 6° ano),-1.0,,,,,1,0.6901652299390456,69.02
RA-1419,2024,1H,1H,Aluno-1419,2014.0,2014-08-17,10.0,Feminino,2024.0,Pública,EM Pedro Antonio de Almeida,Cursando,,,,,Topázio,8.7537,,,,,,,3.0,8.5,10.0,7.5,7.5,8.8,10.0,9.0,6.0,9.0,,,,Fase 1 (3° e 4° ano),0.0,,,,,0,0.37120889661462797,37.12
RA-704,2024,1H,1H,Aluno-704,2012.0,2012-11-08,12.0,Masculino,2022.0,Pública,EE João Ortiz Rodrigues,Cursando,,,Ágata,Agata,Agata,6.812115679,6.741,6.8297,,,,,3.0,7.5,8.6,5.6,6.5,6.6,5.0,6.5,6.0,7.0,,,,Fase 2 (5° e 6° ano),-1.0,,,,,1,0.8642020830468544,86.42
RA-705,2024,1H,1H,Aluno-705,2012.0,2012-10-29,12.0,Masculino,2022.0,Pública,EE João Ortiz Rodrigues,Cursando,,,Ágata,Agata,Quartzo,5.294247619,6.634,6.982,,,,,3.0,9.0,6.4,5.0,3.5,4.2,5.0,5.6,2.0,5.0,,,,Fase 2 (5° e 6° ano),-1.0,,,,,1,0.7712326126674163,77.12
RA-822,2024,1H,1H,Aluno-822,2012.0,2012-03-02,12.0,Masculino,2022.0,Pública,EE João Ortiz Rodrigues,Cursando,,,Ágata,Agata,Quartzo,5.264567852,6.922,6.4497,,,,,3.0,0.0,4.6,5.0,6.8,6.6,5.0,6.7,7.5,6.0,,,,Fase 3 (7° e 8° ano),-2.0,,,,,1,0.8334864415571438,83.35
RA-740,2024,1H,1H,Aluno-740,2013.0,2013-08-18,11.0,Feminino,2022.0,Privada,Escola João Paulo II,Cursando,,,Ametista,Ametista,Topázio,8.161100527,7.218,7.2845,,,,,3.0,9.0,9.6,7.5,8.0,8.2,5.0,8.5,8.0,8.0,,,,Fase 2 (5° e 6° ano),-1.0,,,,,1,0.610561726444971,61.06
RA-741,2024,1H,1H,Aluno-741,2012.0,2012-09-24,12.0,Feminino,2022.0,Pública,EE João Ortiz Rodrigues,Cursando,,,Ágata,Agata,Quartzo,5.079588537,6.896,6.2707,,,,,3.0,8.4,5.3,5.0,3.8,4.2,5.0,5.8,3.5,4.0,,,,Fase 2 (5° e 6° ano),-1.0,,,,,1,0.7153279560890582,71.53
RA-1420,2024,1H,1H,Aluno-1420,2012.0,2012-06-21,12.0,Masculino,2024.0,Pública,EE Olivia de Faria Nogueira,Cursando,,,,,Quartzo,5.6558,,,,,,,3.0,7.9,5.5,6.3,4.5,5.4,5.0,6.5,5.0,4.0,,,,Fase 3 (7° e 8° ano),-2.0,,,,,1,0.7502478877837839,75.02
RA-709,2024,1H,1H,Aluno-709,2012.0,2012-08-29,12.0,Feminino,2022.0,Pública,EE João Ortiz Rodrigues,Cursando,,,Quartzo,Agata,Agata,6.833780896,5.313,6.6927,,,,,3.0,7.4,8.0,7.5,6.0,6.8,5.0,6.9,6.0,6.0,,,,Fase 2 (5° e 6° ano),-1.0,,,,,1,0.7805459703797467,78.05
RA-1421,2024,1H,1H,Aluno-1421,2013.0,2013-10-14,11.0,Masculino,2024.0,Pública,EM Pedro Antonio de Almeida,Cursando,,,,,Ametista,7.126922222,,,,,,,3.0,9.0,6.8,7.5,7.5,7.2,5.0,6.9,8.0,7.0,,,,Fase 2 (5° e 6° ano),-1.0,,,,,1,0.6037022678407671,60.37
RA-1422,2024,1J,1J,Aluno-1422,2013.0,2013-02-24,11.0,Feminino,2024.0,Pública,EE João Ortiz Rodrigues,Cursando,,,,,Ametista,7.0132,,,,,,,4.0,9.5,7.5,7.5,4.8,7.7,5.0,8.1,0.0,9.5,,,,Fase 2 (5° e 6° ano),-1.0,,,,,1,0.5754950625225026,57.55
RA-1423,2024,1J,1J,Aluno-1423,2013.0,2013-09-01,11.0,Masculino,2024.0,Pública,EE João Ortiz Rodrigues,Cursando,,,,,Agata,6.40345,,,,,,,4.0,8.5,5.3,7.5,5.8,6.5,5.0,7.8,4.0,7.5,,,,Fase 2 (5° e 6° ano),-1.0,,,,,1,0.6689480714715416,66.89
RA-733,2024,1J,1J,Aluno-733,2013.0,2013-12-19,10.0,Feminino,2022.0,Pública,EM Pedro Antonio de Almeida,Cursando,,,Ágata,Topázio,Topázio,8.808825,6.684,8.3342,,,,,4.0,10.0,10.0,7.5,9.3,9.1,5.0,8.9,9.0,9.5,,,,Fase 2 (5° e 6° ano),-1.0,,,,,1,0.5807323011785044,58.07
RA-836,2024,1J,1J,Aluno-836,2013.0,2013-10-02,11.0,Masculino,2022.0,Pública,EE João Ortiz Rodrigues,Cursando,,,Ametista,Ametista,Agata,6.023453788,7.665,7.6417,,,,,4.0,9.5,6.4,7.5,2.8,6.3,5.0,7.3,5.5,0.0,,,,Fase 2 (5° e 6° ano),-1.0,,,,,1,0.5101516588311416,51.02
RA-1424,2024,1J,1J,Aluno-1424,2012.0,2012-07-19,12.0,Feminino,2024.0,Pública,EE João Ortiz Rodrigues,Cursando,,,,,Ametista,7.554338889,,,,,,,4.0,9.0,8.9,7.5,7.3,6.9,5.0,7.8,7.5,7.0,,,,Fase 2 (5° e 6° ano),-1.0,,,,,1,0.6552185369593524,65.52
RA-1425,2024,1J,1J,Aluno-1425,2012.0,2012-10-19,12.0,Masculino,2024.0,Pública,EE João Ortiz Rodrigues,Cursando,,,,,Agata,6.82909881,,,,,,,4.0,9.0,6.8,7.5,7.0,5.9,5.0,7.3,6.0,8.0,,,,Fase 2 (5° e 6° ano),-1.0,,,,,1,0.6426957552935657,64.27
RA-1426,2024,1J,1J,Aluno-1426,2013.0,2013-08-04,11.0,Feminino,2023.0,Pública,EE Leonice de Aquino Oliveira,Cursando,,,,,Quartzo,5.836747619,,,,,,,4.0,9.5,5.8,7.5,2.8,5.8,5.0,7.5,5.5,0.0,,,,Fase 2 (5° e 6° ano),-1.0,,,,,1,0.5556777050291171,55.57
RA-716,2024,1J,1J,Aluno-716,2013.0,2013-03-23,11.0,Masculino,2022.0,Pública,EE João Ortiz Rodrigues,Cursando,,,Ágata,Agata,Agata,6.237294368,6.525,6.813366667,,,,,4.0,9.0,5.5,7.5,5.8,5.8,5.0,6.7,5.5,6.0,,,,Fase 2 (5° e 6° ano),-1.0,,,,,1,0.6612916174174724,66.13
RA-1049,2024,1J,1J,Aluno-1049,2013.0,2013-06-17,11.0,Masculino,2023.0,Pública,EE João Ortiz Rodrigues,Cursando,,,,Ametista,Agata,6.821885606,,7.443366667,,,,,4.0,9.5,8.0,7.5,4.5,6.7,5.0,7.7,4.0,5.0,,,,Fase 2 (5° e 6° ano),-1.0,,,,,1,0.5043767381696164,50.44
RA-1427,2024,1J,1J,Aluno-1427,2013.0,2013-08-26,11.0,Feminino,2024.0,Pública,EM Maria Ignez Concelles Irma Ines,Cursando,,,,,Topázio,8.425325,,,,,,,4.0,9.5,10.0,7.5,8.0,8.7,5.0,8.9,6.5,9.5,,,,Fase 2 (5° e 6° ano),-1.0,,,,,0,0.4716524060250156,47.17
RA-1052,2024,1J,1J,Aluno-1052,2014.0,2014-04-06,10.0,Masculino,2023.0,Pública,EM Maria Ignez Concelles Irma Ines,Cursando,,,,Agata,Ametista,7.744032576,,6.960333333,,,,,4.0,5.8,9.1,6.3,8.3,8.5,5.0,8.6,8.5,8.0,,,,Fase 2 (5° e 6° ano),-1.0,,,,,1,0.6907059550402691,69.07
RA-719,2024,1J,1J,Aluno-719,2012.0,2012-03-10,12.0,Masculino,2021.0,Pública,EE João Ortiz Rodrigues,Cursando,,Quartzo,Quartzo,Agata,Ametista,7.11939697,5.552,6.4137,,,,,4.0,10.0,7.3,7.5,6.5,6.7,5.0,7.5,5.0,8.0,,,,Fase 2 (5° e 6° ano),-1.0,,,,,1,0.7947087302345947,79.47
RA-1055,2024,1J,1J,Aluno-1055,2012.0,2012-02-18,12.0,Masculino,2023.0,Pública,EE Loris Nassif Mattar Profa,Cursando,,,,Quartzo,Agata,6.403040909,,5.9765,,,,,4.0,10.0,5.8,7.5,5.5,5.9,5.0,7.2,4.0,7.0,,,,Fase 3 (7° e 8° ano),-2.0,,,,,1,0.6286413400839348,62.86
RA-747,2024,1K,1K,Aluno-747,2011.0,2011-11-30,12.0,Feminino,2022.0,Pública,EM Cecilia Cristina de Oliveira Rodrigues,Cursando,,,Ametista,Agata,Quartzo,5.845080952,7.676,6.026366667,,,,,2.0,10.0,8.1,5.0,2.3,5.3,5.0,7.1,4.5,0.0,,,,Fase 3 (7° e 8° ano),-2.0,,,,,1,0.7696348408902112,76.96
RA-928,2024,1K,1K,Aluno-928,2015.0,2015-04-14,9.0,Feminino,2023.0,Pública,EM Amanda Consuelo da Cunha,Cursando,,,,Topázio,Topázio,8.873366667,,9.3712,,,,,2.0,8.0,10.0,7.5,8.8,8.6,10.0,8.5,8.5,9.0,,,,Fase 1 (3° e 4° ano),0.0,,,,,0,0.36425798455906183,36.43
RA-748,2024,1K,1K,Aluno-748,2013.0,2013-08-06,11.0,Masculino,2021.0,Pública,EE Maria André Schunck Dona,Cursando,,,Topázio,Topázio,Topázio,8.2272,8.084,8.7142,,,,,2.0,9.5,10.0,7.5,7.8,8.0,5.0,8.8,7.5,8.0,,,,Fase 2 (5° e 6° ano),-1.0,,,,,1,0.606430146921587,60.64
RA-769,2024,1K,1K,Aluno-769,2013.0,2013-08-23,11.0,Feminino,2022.0,Pública,EM Cecilia Cristina de Oliveira Rodrigues,Cursando,,,Ametista,Ametista,Ametista,7.099342857,7.598,7.85345,,,,,2.0,10.0,6.0,7.5,6.0,8.3,5.0,7.9,6.0,6.0,,,,Fase 2 (5° e 6° ano),-1.0,,,,,1,0.5994051433001096,59.94
RA-876,2024,1K,1K,Aluno-876,2015.0,2015-11-04,9.0,Masculino,2023.0,Pública,EM Etelvina Delfim Simões,Cursando,,,,Topázio,Ametista,7.612057143,,8.6492,,,,,2.0,8.5,9.0,7.5,3.8,8.1,10.0,8.3,7.5,0.0,,,,Fase 1 (3° e 4° ano),0.0,,,,,1,0.5495850643790162,54.96
RA-776,2024,1K,1K,Aluno-776,2013.0,2013-02-06,11.0,Feminino,2022.0,Pública,EM Cecilia Cristina de Oliveira Rodrigues,Cursando,,,Quartzo,Quartzo,Quartzo,5.178509524,3.898,5.567916667,,,,,2.0,7.9,6.0,5.6,0.0,6.5,5.0,8.3,0.0,0.0,,,,Fase 2 (5° e 6° ano),-1.0,,,,,1,0.824376711978882,82.44
RA-753,2024,1K,1K,Aluno-753,2014.0,2014-11-06,10.0,Feminino,2022.0,Pública,EE Jardim Campestre,Cursando,,,Topázio,Topázio,Topázio,8.245057143,8.481,8.6672,,,,,2.0,10.0,9.0,7.5,8.5,8.3,5.0,8.3,9.0,8.0,,,,Fase 2 (5° e 6° ano),-1.0,,,,,1,0.6952437121738139,69.52
RA-601,2024,1K,1K,Aluno-601,2014.0,2014-06-19,10.0,Masculino,2021.0,Pública,EE Helio Luiz Dobrochinski Prof,Cursando,,Topázio,Ametista,Topázio,Topázio,8.5107,7.713,8.955783333,,,,,2.0,9.5,10.0,7.5,8.8,8.4,5.0,8.8,9.5,8.0,,,,Fase 2 (5° e 6° ano),-1.0,,,,,1,0.72066636669853,72.07
RA-955,2024,1K,1K,Aluno-955,2013.0,2013-04-28,11.0,Feminino,2023.0,Pública,EE Maria André Schunck Dona,Cursando,,,,Ametista,Agata,6.245452381,,7.1297,,,,,2.0,0.0,6.9,7.5,5.8,8.3,5.0,8.1,6.5,5.0,,,,Fase 2 (5° e 6° ano),-1.0,,,,,1,0.7127043818651415,71.27
RA-831,2024,1K,1K,Aluno-831,2013.0,2013-12-19,10.0,Masculino,2022.0,Pública,EM Cecilia Cristina de Oliveira Rodrigues,Cursando,,,Ametista,Ametista,Topázio,8.006628572,7.41,7.71645,,,,,2.0,10.0,9.5,6.3,7.8,8.2,5.0,7.9,6.5,9.0,,,,Fase 2 (5° e 6° ano),-1.0,,,,,1,0.6547695200763896,65.48
RA-1067,2024,1K,1K,Aluno-1067,2013.0,2013-08-21,11.0,Masculino,2023.0,Pública,EM Cecilia Cristina de Oliveira Rodrigues,Cursando,,,,Agata,Ametista,7.840033333,,6.541458333,,,,,2.0,10.0,8.3,7.5,6.8,8.6,5.0,8.5,6.5,7.0,,,,Fase 2 (5° e 6° ano),-1.0,,,,,1,0.7876693456791262,78.77
RA-1058,2024,1K,1K,Aluno-1058,2014.0,2014-09-04,10.0,Feminino,2023.0,Pública,EE Helio Luiz Dobrochinski Prof,Cursando,,,,Ametista,Ametista,7.703347619,,7.356533333,,,,,2.0,9.2,8.1,6.9,7.8,8.1,5.0,8.1,7.5,8.0,,,,Fase 2 (5° e 6° ano),-1.0,,,,,1,0.6592041905085466,65.92
RA-757,2024,1K,1K,Aluno-757,2013.0,2013-02-28,11.0,Feminino,2022.0,Pública,EE Maria André Schunck Dona,Cursando,,,Topázio,Topázio,Ametista,7.938842857,8.26,8.6742,,,,,2.0,9.5,9.3,7.5,7.0,8.3,5.0,8.1,6.5,7.5,,,,Fase 2 (5° e 6° ano),-1.0,,,,,1,0.5973146486488456,59.73
RA-794,2024,1K,1K,Aluno-794,2014.0,2014-08-10,10.0,Feminino,2022.0,Pública,EE Helio Luiz Dobrochinski Prof,Cursando,,,Ametista,Ametista,Ametista,7.145652381,7.335,7.9842,,,,,2.0,9.5,6.9,7.5,3.0,8.3,10.0,8.1,6.0,0.0,,,,Fase 1 (3° e 4° ano),0.0,,,,,0,0.41792464053975686,41.79
RA-960,2024,1K,1K,Aluno-960,2013.0,2013-05-17,11.0,Masculino,2023.0,Pública,EM Cecilia Cristina de Oliveira Rodrigues,Cursando,,,,Ametista,Quartzo,5.286047619,,7.0847,,,,,2.0,0.0,8.1,7.5,3.0,5.3,5.0,7.5,6.0,0.0,,,,Fase 2 (5° e 6° ano),-1.0,,,,,1,0.7712438088898128,77.12
RA-587,2024,1L,1L,Aluno-587,2012.0,2012-04-04,12.0,Masculino,2022.0,Pública,EM Cecilia Cristina de Oliveira Rodrigues,Cursando,,,Ágata,Agata,Agata,6.817057143,6.632,6.032033333,,,,,2.0,9.0,7.4,7.5,6.3,5.7,5.0,7.9,6.5,6.0,,,,Fase 3 (7° e 8° ano),-2.0,,,,,1,0.8109061871885401,81.09
RA-826,2024,1L,1L,Aluno-826,2014.0,2014-06-03,10.0,Masculino,2022.0,Pública,EM Cecilia Cristina de Oliveira Rodrigues,Cursando,,,Ametista,Ametista,Ametista,7.9442,7.776,7.77645,,,,,2.0,10.0,10.0,6.3,6.8,8.6,5.0,7.5,5.5,8.0,,,,Fase 2 (5° e 6° ano),-1.0,,,,,1,0.7033597327868146,70.34
RA-789,2024,1L,1L,Aluno-789,2015.0,2015-01-14,9.0,Feminino,2022.0,Pública,EE Helio Luiz Dobrochinski Prof,Cursando,,,Ametista,Ametista,Topázio,8.044390476,7.405,7.974,,,,,2.0,9.0,9.0,7.5,5.3,8.1,10.0,9.2,5.5,5.0,,,,Fase 1 (3° e 4° ano),0.0,,,,,0,0.3859975808831538,38.6
RA-1056,2024,1L,1L,Aluno-1056,2014.0,2014-04-30,10.0,Masculino,2023.0,Pública,EM Amanda Consuelo da Cunha,Cursando,,,,Topázio,Topázio,8.192009524,,8.551741667,,,,,2.0,8.5,9.3,7.5,8.3,8.3,5.0,9.2,8.5,8.0,,,,Fase 2 (5° e 6° ano),-1.0,,,,,1,0.7636454934853799,76.36
RA-1428,2024,1L,1L,Aluno-1428,2013.0,2013-02-12,10.0,Masculino,2024.0,Pública,EM Cecilia Cristina de Oliveira Rodrigues,Cursando,,,,,Topázio,8.006108497,,,,,,,2.0,8.5,8.9,7.5,8.0,8.1,5.0,9.2,7.0,9.0,,,,Fase 2 (5° e 6° ano),-1.0,,,,,1,0.746454329727969,74.65
RA-830,2024,1L,1L,Aluno-830,2013.0,2013-10-30,11.0,Feminino,2022.0,Pública,EM Cecilia Cristina de Oliveira Rodrigues,Cursando,,,Ametista,Agata,Ametista,7.137342857,7.234,6.78,,,,,2.0,9.0,7.6,5.6,6.8,7.3,5.0,8.3,6.5,7.0,,,,Fase 2 (5° e 6° ano),-1.0,,,,,1,0.7779760123856871,77.8
RA-780,2024,1L,1L,Aluno-780,2013.0,2013-08-22,11.0,Feminino,2022.0,Pública,EM Cecilia Cristina de Oliveira Rodrigues,Cursando,,,Ágata,Ametista,Ametista,7.743033333,6.955,7.7842,,,,,2.0,9.5,10.0,5.6,6.0,8.2,5.0,9.0,6.0,6.0,,,,Fase 2 (5° e 6° ano),-1.0,,,,,1,0.6867198550761094,68.67
RA-1057,2024,1L,1L,Aluno-1057,2014.0,2014-01-17,10.0,Feminino,2023.0,Pública,EE Helio Luiz Dobrochinski Prof,Cursando,,,,Topázio,Topázio,8.2352,,8.4827,,,,,2.0,10.0,10.0,6.3,8.0,8.2,5.0,8.8,8.0,8.0,,,,Fase 2 (5° e 6° ano),-1.0,,,,,1,0.7013103139438422,70.13
RA-1062,2024,1L,1L,Aluno-1062,2014.0,2014-10-01,10.0,Masculino,2023.0,Pública,EM Alfredo Schunk,Cursando,,,,Ametista,Ametista,7.61472381,,7.448841667,,,,,2.0,8.0,9.0,5.6,7.3,8.1,5.0,8.8,6.5,8.0,,,,Fase 2 (5° e 6° ano),-1.0,,,,,1,0.699143235164286,69.91
RA-1429,2024,1L,1L,Aluno-1429,2013.0,2013-05-07,11.0,Masculino,2024.0,Pública,EE Helio Luiz Dobrochinski Prof,Cursando,,,,,Topázio,8.041811111,,,,,,,2.0,9.5,8.9,7.5,7.8,8.1,5.0,9.0,8.5,7.0,,,,Fase 2 (5° e 6° ano),-1.0,,,,,1,0.7256550720365752,72.57
RA-1430,2024,1L,1L,Aluno-1430,2013.0,2013-09-15,11.0,Masculino,2024.0,Pública,EE Helio Luiz Dobrochinski Prof,Cursando,,,,,Ametista,7.864033333,,,,,,,2.0,8.5,10.0,7.5,6.3,8.1,5.0,9.0,6.0,6.5,,,,Fase 2 (5° e 6° ano),-1.0,,,,,1,0.7733604490159115,77.34
RA-767,2024,1L,1L,Aluno-767,2012.0,2012-04-19,12.0,Masculino,2021.0,Pública,EM Cecilia Cristina de Oliveira Rodrigues,Cursando,,Ametista,Ametista,Ametista,Topázio,8.131890476,7.511,7.3807,,,,,2.0,9.5,9.0,7.5,8.3,8.1,5.0,8.5,8.5,8.0,,,,Fase 3 (7° e 8° ano),-2.0,,,,,1,0.7397098304224242,73.97
RA-943,2024,1L,1L,Aluno-943,2015.0,2015-12-01,9.0,Feminino,2023.0,Pública,EM Amanda Consuelo da Cunha,Cursando,,,,Topázio,Topázio,8.965033333,,8.9172,,,,,2.0,10.0,10.0,7.5,8.0,8.6,10.0,9.0,7.0,9.0,,,,Fase 1 (3° e 4° ano),0.0,,,,,0,0.3838659045787756,38.39
RA-782,2024,1L,1L,Aluno-782,2014.0,2014-07-31,10.0,Masculino,2022.0,Pública,EM Amanda Consuelo da Cunha,Cursando,,,Ametista,Ametista,Topázio,8.189628571,7.485,7.6812,,,,,2.0,9.5,7.9,7.5,7.8,8.1,10.0,7.5,7.5,8.0,,,,Fase 1 (3° e 4° ano),0.0,,,,,1,0.7096045046097845,70.96
RA-795,2024,1L,1L,Aluno-795,2014.0,2014-02-17,10.0,Feminino,2022.0,Pública,EE Helio Luiz Dobrochinski Prof,Cursando,,,Topázio,Topázio,Topázio,8.441414286,8.064,8.4642,,,,,2.0,9.5,9.8,6.3,9.5,8.1,5.0,9.0,10.0,9.0,,,,Fase 2 (5° e 6° ano),-1.0,,,,,1,0.7267471412355754,72.67
RA-1431,2024,1M,1M,Aluno-1431,2013.0,2013-06-01,11.0,Feminino,2024.0,Pública,EE Neide Celestina de Oliveira,Cursando,,,,,Ametista,7.914729244,,,,,,,2.0,9.0,7.7,7.5,8.0,9.1,5.0,8.0,8.0,8.0,,,,Fase 2 (5° e 6° ano),-1.0,,,,,1,0.7104791553702597,71.05
RA-1432,2024,1M,1M,Aluno-1432,2014.0,2014-03-31,10.0,Feminino,2024.0,Pública,EE Jardim Campestre,Cursando,,,,,Topázio,8.774075,,,,,,,2.0,10.0,10.0,7.5,9.5,8.5,5.0,9.2,10.0,9.0,,,,Fase 2 (5° e 6° ano),-1.0,,,,,1,0.698294697290847,69.83
RA-1433,2024,1M,1M,Aluno-1433,2014.0,2014-05-26,10.0,Feminino,2024.0,Pública,EE Jardim Campestre,Cursando,,,,,Topázio,8.193989596,,,,,,,2.0,8.5,9.1,7.5,8.8,8.5,5.0,8.3,8.0,9.5,,,,Fase 2 (5° e 6° ano),-1.0,,,,,1,0.6443173400373814,64.43
RA-1434,2024,1M,1M,Aluno-1434,2014.0,2014-02-28,10.0,Masculino,2024.0,Pública,EE Jardim Campestre,Cursando,,,,,Topázio,8.277598292,,,,,,,2.0,8.5,8.0,6.3,9.0,9.8,5.0,9.5,10.0,8.0,,,,Fase 2 (5° e 6° ano),-1.0,,,,,1,0.7800238129772586,78.0
RA-958,2024,1M,1M,Aluno-958,2015.0,2015-11-03,9.0,Feminino,2023.0,Pública,EE Jardim Campestre,Cursando,,,,Topázio,Topázio,9.531325,,9.2902,,,,,2.0,10.0,10.0,6.3,10.0,9.8,10.0,9.5,10.0,10.0,,,,Fase 1 (3° e 4° ano),0.0,,,,,1,0.5261715047816901,52.62
RA-961,2024,1M,1M,Aluno-961,2014.0,2014-01-21,10.0,Masculino,2023.0,Pública,EM Alfredo Schunk,Cursando,,,,Quartzo,Agata,6.529417909,,5.99625,,,,,2.0,9.0,8.9,6.3,5.5,5.2,5.0,5.9,6.0,5.0,,,,Fase 2 (5° e 6° ano),-1.0,,,,,1,0.82426873123264,82.43
RA-1435,2024,1M,1M,Aluno-1435,2014.0,2014-10-25,10.0,Masculino,2024.0,Pública,EE Jardim Campestre,Cursando,,,,,Ametista,7.719616667,,,,,,,2.0,9.5,7.8,7.5,7.5,6.2,10.0,7.2,7.5,7.5,,,,Fase 1 (3° e 4° ano),0.0,,,,,1,0.6522060084590336,65.22
RA-755,2024,1M,1M,Aluno-755,2014.0,2014-03-22,10.0,Masculino,2022.0,Pública,EE Jardim Campestre,Cursando,,,Topázio,Topázio,Topázio,8.92545,8.566,8.7442,,,,,2.0,10.0,10.0,7.5,9.8,9.1,5.0,9.1,10.0,9.5,,,,Fase 2 (5° e 6° ano),-1.0,,,,,1,0.6708141156604611,67.08
RA-1436,2024,1M,1M,Aluno-1436,2013.0,2013-06-24,11.0,Feminino,2024.0,Pública,EM Alfredo Schunk,Cursando,,,,,Ametista,7.589914648,,,,,,,2.0,7.4,8.7,7.5,8.0,7.2,5.0,8.3,8.0,8.0,,,,Fase 2 (5° e 6° ano),-1.0,,,,,1,0.6877993872169439,68.78
RA-1437,2024,1M,1M,Aluno-1437,2013.0,2013-06-29,11.0,Feminino,2024.0,Pública,EM Cecilia Cristina de Oliveira Rodrigues,Cursando,,,,,Ametista,7.982890217,,,,,,,2.0,8.5,9.3,7.5,8.0,7.9,5.0,8.3,8.0,8.0,,,,Fase 2 (5° e 6° ano),-1.0,,,,,1,0.6537778612399373,65.38
RA-1438,2024,1M,1M,Aluno-1438,2013.0,2013-08-11,10.0,Feminino,2024.0,Pública,EM Bairro Lagoa Grande,Cursando,,,,,Topázio,8.176825,,,,,,,2.0,10.0,9.0,7.5,7.0,9.2,5.0,8.9,6.0,8.0,,,,Fase 2 (5° e 6° ano),-1.0,,,,,1,0.6779904413961116,67.8
RA-1439,2024,1M,1M,Aluno-1439,2013.0,2013-12-10,11.0,Feminino,2024.0,Pública,EE Jardim Campestre,Cursando,,,,,Topázio,8.5077,,,,,,,2.0,7.5,10.0,7.5,8.5,9.3,5.0,9.4,9.0,8.0,,,,Fase 2 (5° e 6° ano),-1.0,,,,,1,0.6675360444336694,66.75
RA-1440,2024,1M,1M,Aluno-1440,2014.0,2014-08-03,10.0,Feminino,2024.0,Pública,EE Helio Luiz Dobrochinski Prof,Cursando,,,,,Ametista,7.469102692,,,,,,,2.0,9.0,9.5,7.5,4.5,8.2,5.0,8.8,9.0,0.0,,,,Fase 2 (5° e 6° ano),-1.0,,,,,1,0.7571852482660943,75.72
RA-1441,2024,1M,1M,Aluno-1441,2015.0,2015-01-21,9.0,Masculino,2024.0,Pública,EE Jardim Campestre,Cursando,,,,,Topázio,8.96164617,,,,,,,2.0,9.5,9.1,7.5,8.5,9.0,10.0,9.4,9.0,8.0,,,,Fase 1 (3° e 4° ano),0.0,,,,,1,0.5628881209824079,56.29
RA-1442,2024,1M,1M,Aluno-1442,2010.0,2010-12-28,13.0,Masculino,2024.0,Pública,EM Cecilia Cristina de Oliveira Rodrigues,Cursando,,,,,Ametista,7.135189648,,,,,,,2.0,8.0,8.7,7.5,7.3,5.7,5.0,7.5,8.5,6.0,,,,Fase 3 (7° e 8° ano),-2.0,,,,,1,0.7211850630820501,72.12
RA-1443,2024,1N,1N,Aluno-1443,2011.0,2011-05-20,13.0,Feminino,2024.0,Pública,EE Donizetti Aparecido Leite Professor,Cursando,,,,,Agata,6.921633333,,,,,,,2.0,6.9,7.5,6.3,6.8,7.4,5.0,7.7,6.5,7.0,,,,Fase 3 (7° e 8° ano),-2.0,,,,,1,0.7236952327086003,72.37
RA-1444,2024,1N,1N,Aluno-1444,2012.0,2012-12-12,11.0,Masculino,2024.0,Pública,EE Donizetti Aparecido Leite Professor,Cursando,,,,,Agata,6.610588889,,,,,,,2.0,8.5,5.3,7.5,6.0,7.4,5.0,7.7,8.0,4.0,,,,Fase 2 (5° e 6° ano),-1.0,,,,,1,0.7704122061214735,77.04
RA-956,2024,1N,1N,Aluno-956,2012.0,2012-10-18,12.0,Masculino,2023.0,Pública,Estuda em outra cidade,Cursando,,,,Ametista,Agata,6.117590646,,7.7312,,,,,2.0,9.5,6.0,6.9,3.3,7.1,5.0,7.1,6.5,0.0,,,,Fase 2 (5° e 6° ano),-1.0,,,,,1,0.706420142506028,70.64
RA-952,2024,1N,1N,Aluno-952,2015.0,2015-09-22,9.0,Masculino,2023.0,Pública,EE Helio Luiz Dobrochinski Prof,Cursando,,,,Topázio,Topázio,8.853624242,,8.37095,,,,,2.0,9.5,9.5,6.3,8.5,9.2,10.0,8.3,8.0,9.0,,,,Fase 1 (3° e 4° ano),0.0,,,,,0,0.3776772498003465,37.77
RA-939,2024,1N,1N,Aluno-939,2012.0,2012-04-10,12.0,Feminino,2023.0,Pública,EE Donizetti Aparecido Leite Professor,Cursando,,,,Ametista,Ametista,7.051379842,,7.9742,,,,,2.0,9.0,8.9,5.6,5.0,7.5,5.0,8.1,6.0,4.0,,,,Fase 2 (5° e 6° ano),-1.0,,,,,1,0.5785084055581461,57.85
RA-953,2024,1N,1N,Aluno-953,2015.0,2015-04-02,9.0,Feminino,2023.0,Pública,EE Helio Luiz Dobrochinski Prof,Cursando,,,,Ametista,Ametista,7.961241502,,7.54005,,,,,2.0,9.0,6.9,6.3,8.5,7.8,10.0,8.1,8.0,9.0,,,,Fase 1 (3° e 4° ano),0.0,,,,,0,0.4808819990569184,48.09
RA-954,2024,1N,1N,Aluno-954,2015.0,2015-04-13,9.0,Feminino,2023.0,Pública,EM Cecilia Cristina de Oliveira Rodrigues,Cursando,,,,Agata,Topázio,8.282379842,,6.82375,,,,,2.0,9.5,8.9,6.3,7.8,7.8,10.0,8.1,6.5,9.0,,,,Fase 1 (3° e 4° ano),0.0,,,,,0,0.46424975517319406,46.42
RA-792,2024,1N,1N,Aluno-792,2013.0,2013-03-19,11.0,Feminino,2022.0,Pública,EE Donizetti Aparecido Leite Professor,Cursando,,,Ágata,Ametista,Agata,6.036012253,7.025,7.6267,,,,,2.0,8.5,5.3,7.5,3.3,7.1,5.0,8.1,6.5,0.0,,,,Fase 2 (5° e 6° ano),-1.0,,,,,1,0.6835787281251909,68.36
RA-1000,2024,1N,1N,Aluno-1000,2015.0,2015-04-20,9.0,Feminino,2023.0,Pública,EE Helio Luiz Dobrochinski Prof,Cursando,,,,Ametista,Topázio,8.364790909,,7.9162,,,,,2.0,9.0,9.5,6.3,7.8,7.8,10.0,8.1,7.5,8.0,,,,Fase 1 (3° e 4° ano),0.0,,,,,0,0.46618953105636224,46.62
RA-763,2024,1N,1N,Aluno-763,2012.0,2012-12-19,11.0,Feminino,2021.0,Pública,EE Donizetti Aparecido Leite Professor,Cursando,,Ágata,Ametista,Agata,Agata,6.984760606,7.402,6.7215,,,,,2.0,9.0,8.9,6.3,5.3,6.8,5.0,7.7,6.5,4.0,,,,Fase 2 (5° e 6° ano),-1.0,,,,,1,0.7081362623479645,70.81
RA-1001,2024,1N,1N,Aluno-1001,2014.0,2014-03-13,10.0,Feminino,2023.0,Pública,EE Helio Luiz Dobrochinski Prof,Cursando,,,,Topázio,Ametista,7.796431884,,8.1162,,,,,2.0,7.5,9.3,7.5,7.8,7.9,5.0,7.9,6.5,9.0,,,,Fase 2 (5° e 6° ano),-1.0,,,,,1,0.6455772010498692,64.56
RA-1445,2024,1N,1N,Aluno-1445,2014.0,2014-12-02,10.0,Feminino,2024.0,Pública,EE Helio Luiz Dobrochinski Prof,Cursando,,,,,Ametista,7.842866667,,,,,,,2.0,9.5,9.5,7.5,7.3,7.5,5.0,7.9,6.5,8.0,,,,Fase 2 (5° e 6° ano),-1.0,,,,,1,0.7762500921752361,77.63
RA-1446,2024,1N,1N,Aluno-1446,2014.0,2014-12-27,9.0,Masculino,2024.0,Pública,EM Cecilia Cristina de Oliveira Rodrigues,Cursando,,,,,Quartzo,5.900406192,,,,,,,2.0,8.0,6.7,6.3,0.0,7.1,10.0,7.3,0.0,0.0,,,,Fase 1 (3° e 4° ano),0.0,,,,,1,0.6004913824252271,60.05
RA-768,2024,1N,1N,Aluno-768,2012.0,2012-07-09,12.0,Feminino,2021.0,Pública,EE Donizetti Aparecido Leite Professor,Cursando,,Ametista,Ametista,Topázio,Ametista,7.034537945,7.646,8.4042,,,,,2.0,9.0,8.0,6.3,5.5,7.5,5.0,8.1,6.0,5.0,,,,Fase 2 (5° e 6° ano),-1.0,,,,,0,0.388913489542771,38.89
RA-1447,2024,1N,1N,Aluno-1447,2012.0,2012-06-12,11.0,Feminino,2024.0,Pública,EE Donizetti Aparecido Leite Professor,Cursando,,,,,Ametista,7.540235088,,,,,,,2.0,9.5,9.7,7.5,5.3,7.8,5.0,7.9,6.5,4.0,,,,Fase 2 (5° e 6° ano),-1.0,,,,,1,0.6825610334685811,68.26
RA-980,2024,1P,1P,Aluno-980,2015.0,2015-09-19,9.0,Feminino,2023.0,Pública,EE Luiz Schunck,Cursando,,,,Ametista,Ametista,7.946388312,,7.1425,,,,,4.0,9.0,9.1,7.5,6.3,7.4,10.0,7.5,6.5,6.0,,,,Fase 1 (3° e 4° ano),0.0,,,,,0,0.4415204621756202,44.15
RA-982,2024,1P,1P,Aluno-982,2015.0,2015-11-19,8.0,Masculino,2023.0,Pública,EE Luiz Schunck,Cursando,,,,Ametista,Topázio,8.119860173,,7.1215,,,,,4.0,10.0,8.4,7.5,8.3,6.8,10.0,6.9,6.5,10.0,,,,Fase 1 (3° e 4° ano),0.0,,,,,0,0.3393407421655026,33.93
RA-1448,2024,1P,1P,Aluno-1448,2011.0,2011-10-28,13.0,Feminino,2024.0,Pública,EE Donizetti Aparecido Leite Professor,Cursando,,,,,Ametista,7.466126407,,,,,,,4.0,9.0,9.5,7.5,6.0,7.3,5.0,7.5,6.0,6.0,,,,Fase 3 (7° e 8° ano),-2.0,,,,,1,0.6042969441452759,60.43
RA-1070,2024,1P,1P,Aluno-1070,2012.0,2012-08-28,12.0,Masculino,2023.0,Pública,EE Donizetti Aparecido Leite Professor,Cursando,,,,Agata,Agata,6.287171862,,6.939033333,,,,,4.0,9.0,9.3,5.6,2.3,6.6,5.0,6.9,4.5,0.0,,,,Fase 2 (5° e 6° ano),-1.0,,,,,1,0.592767546511751,59.28
RA-985,2024,1P,1P,Aluno-985,2015.0,2015-08-23,9.0,Masculino,2023.0,Pública,EE Helio Luiz Dobrochinski Prof,Cursando,,,,Ametista,Topázio,8.2432,,7.6247,,,,,4.0,8.5,10.0,6.3,7.5,7.6,10.0,7.5,8.0,7.0,,,,Fase 1 (3° e 4° ano),0.0,,,,,1,0.5453441466717464,54.53
RA-986,2024,1P,1P,Aluno-986,2015.0,2015-06-15,9.0,Feminino,2023.0,Pública,EE Luiz Schunck,Cursando,,,,Topázio,Topázio,8.260340693,,8.0107,,,,,4.0,10.0,9.3,6.3,8.5,6.8,10.0,7.1,7.5,9.5,,,,Fase 1 (3° e 4° ano),0.0,,,,,0,0.442091216917199,44.21
RA-810,2024,1P,1P,Aluno-810,2014.0,2014-05-31,10.0,Masculino,2021.0,Pública,EE Helio Luiz Dobrochinski Prof,Cursando,,Ametista,Ametista,Ametista,Ametista,7.704770175,7.887,7.782866667,,,,,4.0,7.5,9.5,5.6,9.0,7.8,5.0,6.5,8.0,10.0,,,,Fase 2 (5° e 6° ano),-1.0,,,,,1,0.5496249222317285,54.96
RA-987,2024,1P,1P,Aluno-987,2015.0,2015-07-26,9.0,Masculino,2023.0,Pública,EE Luiz Schunck,Cursando,,,,Ametista,Topázio,8.302886147,,7.6765,,,,,4.0,9.0,9.1,7.5,7.5,7.8,10.0,7.7,8.0,7.0,,,,Fase 1 (3° e 4° ano),0.0,,,,,0,0.3736083533916781,37.36
RA-988,2024,1P,1P,Aluno-988,2014.0,2014-02-05,10.0,Feminino,2023.0,Pública,EE Helio Luiz Dobrochinski Prof,Cursando,,,,Ametista,Topázio,8.176533333,,7.9568,,,,,4.0,9.5,10.0,7.5,7.8,8.0,5.0,8.3,6.5,9.0,,,,Fase 2 (5° e 6° ano),-1.0,,,,,0,0.49641897907474286,49.64
RA-805,2024,1R,1R,Aluno-805,2014.0,2014-06-14,10.0,Masculino,2021.0,Pública,EE Luiz Schunck,Cursando,,Ametista,Topázio,Agata,Agata,6.937586905,8.279,6.492,,,,,4.0,8.5,9.5,4.4,6.0,6.7,5.0,7.0,7.0,5.0,,,,Fase 2 (5° e 6° ano),-1.0,,,,,1,0.5234730791242866,52.35
RA-806,2024,1R,1R,Aluno-806,2014.0,2014-02-28,10.0,Masculino,2022.0,Pública,EE Luiz Schunck,Cursando,,,Ametista,Ametista,Agata,6.972777381,7.561,7.2937,,,,,4.0,8.5,6.9,7.5,6.8,6.9,5.0,7.7,6.5,7.0,,,,Fase 2 (5° e 6° ano),-1.0,,,,,1,0.5900862316978381,59.01
RA-807,2024,1R,1R,Aluno-807,2014.0,2014-07-22,10.0,Masculino,2022.0,Pública,EE Luiz Schunck,Cursando,,,Topázio,Ametista,Ametista,7.797628571,8.121,7.8632,,,,,4.0,9.0,7.9,7.5,7.0,7.1,10.0,7.5,6.0,8.0,,,,Fase 1 (3° e 4° ano),0.0,,,,,0,0.151677591701057,15.17
RA-808,2024,1R,1R,Aluno-808,2014.0,2014-09-27,10.0,Masculino,2022.0,Pública,EE Luiz Schunck,Cursando,,,Topázio,Topázio,Topázio,8.7897,8.361,8.1932,,,,,4.0,9.0,10.0,7.5,8.8,7.9,10.0,8.1,7.5,10.0,,,,Fase 1 (3° e 4° ano),0.0,,,,,0,0.12367670353597335,12.37
RA-963,2024,1R,1R,Aluno-963,2014.0,2014-05-09,10.0,Feminino,2023.0,Pública,EE Helio Luiz Dobrochinski Prof,Cursando,,,,Topázio,Topázio,8.375080952,,8.6142,,,,,4.0,7.5,9.8,7.5,7.5,8.0,10.0,8.1,5.0,10.0,,,,Fase 1 (3° e 4° ano),0.0,,,,,0,0.22863466704479884,22.86
RA-989,2024,1R,1R,Aluno-989,2014.0,2014-09-18,10.0,Masculino,2023.0,Pública,EE Luiz Schunck,Cursando,,,,Ametista,Ametista,7.374378571,,7.7242,,,,,4.0,9.5,7.9,6.3,6.0,6.5,10.0,7.2,6.0,6.0,,,,Fase 1 (3° e 4° ano),0.0,,,,,1,0.5836342220691673,58.36
RA-964,2024,1R,1R,Aluno-964,2014.0,2014-04-30,10.0,Masculino,2023.0,Pública,EM Juvenal Coutinho,Cursando,,,,Ametista,Ametista,7.548241667,,7.7997,,,,,4.0,9.5,8.3,7.5,7.3,7.2,5.0,8.0,7.5,7.0,,,,Fase 2 (5° e 6° ano),-1.0,,,,,1,0.6158697271726146,61.59
RA-1449,2024,1R,1R,Aluno-1449,2014.0,2014-06-27,10.0,Feminino,2024.0,Pública,EE Luiz Schunck,Cursando,,,,,Ametista,7.214341667,,,,,,,4.0,7.4,8.3,7.5,6.8,7.0,5.0,8.0,6.5,7.0,,,,Fase 2 (5° e 6° ano),-1.0,,,,,1,0.5738293033028357,57.38
RA-801,2024,1R,1R,Aluno-801,2013.0,2013-11-12,10.0,Masculino,2022.0,Pública,EE Luiz Schunck,Cursando,,,Ágata,Agata,Agata,6.6752,6.644,6.8735,,,,,4.0,9.0,5.8,7.5,8.0,5.7,5.0,6.3,7.0,9.0,,,,Fase 2 (5° e 6° ano),-1.0,,,,,1,0.728962221734119,72.9
RA-1450,2024,1R,1R,Aluno-1450,2015.0,2015-10-01,9.0,Masculino,2024.0,Pública,EE Helio Luiz Dobrochinski Prof,Cursando,,,,,Ametista,7.405235714,,,,,,,4.0,9.5,8.6,7.5,3.5,7.5,10.0,7.8,0.0,7.0,,,,Fase 1 (3° e 4° ano),0.0,,,,,0,0.3818856773338291,38.19
RA-984,2024,1R,1R,Aluno-984,2014.0,2014-12-21,9.0,Feminino,2023.0,Pública,EE Luiz Schunck,Cursando,,,,Topázio,Topázio,8.475080952,,8.8177,,,,,4.0,9.5,9.8,7.5,7.0,8.0,10.0,8.1,7.5,6.5,,,,Fase 1 (3° e 4° ano),0.0,,,,,0,0.2959823421563984,29.6
RA-1451,2024,1R,1R,Aluno-1451,2013.0,2013-08-27,11.0,Feminino,2024.0,Pública,EE Luiz Schunck,Cursando,,,,,Ametista,7.560479762,,,,,,,4.0,10.0,8.8,7.5,6.0,7.8,5.0,8.0,6.0,6.0,,,,Fase 2 (5° e 6° ano),-1.0,,,,,0,0.49946693126867836,49.95
RA-967,2024,1R,1R,Aluno-967,2013.0,2013-09-09,11.0,Masculino,2023.0,Pública,EE Luiz Schunck,Cursando,,,,Ametista,Quartzo,5.442610714,,7.1347,,,,,4.0,9.5,3.6,7.5,4.8,5.0,5.0,5.8,3.5,6.0,,,,Fase 2 (5° e 6° ano),-1.0,,,,,1,0.5992236194178685,59.92
RA-968,2024,1R,1R,Aluno-968,2014.0,2014-08-05,10.0,Feminino,2023.0,Pública,EE Luiz Schunck,Cursando,,,,Topázio,Ametista,7.840354762,,8.4942,,,,,4.0,9.0,8.8,7.5,7.8,7.7,5.0,8.4,8.5,7.0,,,,Fase 2 (5° e 6° ano),-1.0,,,,,1,0.6040668739508791,60.41
RA-521,2024,2A,2A,Aluno-521,2013.0,2013-12-03,11.0,Masculino,2022.0,Privada,Colégio Nogueira e Sonho de Criança,Cursando,,,Ametista,Agata,Ametista,7.479842857,7.725,6.768666667,,,,,3.0,8.0,9.0,5.0,6.3,7.3,10.0,6.7,7.0,5.5,,,,Fase 2 (5° e 6° ano),0.0,,,,,0,0.4577805272164542,45.78
RA-821,2024,2A,2A,Aluno-821,2012.0,2012-09-11,11.0,Masculino,2022.0,Pública,EE Mario Francisco de Amorim,Cursando,,,Ágata,,Agata,6.643866667,6.342,,,,,,3.0,8.5,5.9,7.5,4.3,6.7,10.0,6.7,4.5,4.0,,,,Fase 2 (5° e 6° ano),0.0,,,,,1,0.5409310581549133,54.09
RA-1075,2024,2A,2A,Aluno-1075,2010.0,2010-12-19,13.0,Feminino,2023.0,Pública,EE Leonice de Aquino Oliveira,Cursando,,,,Agata,Agata,6.810081232,,6.591333333,,,,,3.0,7.5,8.5,3.8,6.0,7.6,5.0,7.7,5.0,7.0,,,,Fase 3 (7° e 8° ano),-1.0,,,,,1,0.5783099020612675,57.83
RA-1048,2024,2A,2A,Aluno-1048,2013.0,2013-07-20,11.0,Feminino,2023.0,Privada,Estuda em outra cidade,Cursando,,,,Ametista,Ametista,7.519866667,,7.811366667,,,,,3.0,8.5,6.8,6.3,6.3,8.3,10.0,7.7,6.5,6.0,,,,Fase 1 (3° e 4° ano),1.0,,,,,0,0.29320921567479724,29.32
RA-1082,2024,2A,2A,Aluno-1082,2011.0,2011-07-04,13.0,Feminino,2023.0,Pública,EE Leonice de Aquino Oliveira,Cursando,,,,Ametista,Agata,6.611485714,,7.1617,,,,,3.0,7.5,7.6,10.0,3.8,6.9,5.0,7.1,2.0,5.5,,,,Fase 3 (7° e 8° ano),-1.0,,,,,1,0.5806957879220398,58.07
RA-680,2024,2A,2A,Aluno-680,2012.0,2012-05-02,12.0,Feminino,2021.0,Pública,EE Leonice de Aquino Oliveira,Cursando,Ametista,Ametista,Ametista,Agata,Quartzo,4.980071429,7.518,6.5855,,,,,3.0,0.0,6.6,5.6,3.0,6.6,5.0,6.7,2.5,3.5,,,,Fase 3 (7° e 8° ano),-1.0,,,,,1,0.6671818104139102,66.72
RA-698,2024,2A,2A,Aluno-698,2013.0,2013-12-20,10.0,Masculino,2021.0,Pública,EE Dom Pedro Villas Boas de Souza,Cursando,,Ametista,Ametista,Ametista,Ametista,7.336319048,7.44,7.553616667,,,,,3.0,9.0,8.3,6.9,4.5,7.3,10.0,7.3,3.0,6.0,,,,Fase 2 (5° e 6° ano),0.0,,,,,0,0.4783561864145728,47.84
RA-1452,2024,2A,2A,Aluno-1452,2012.0,2012-07-09,12.0,Masculino,2024.0,Pública,EE Leonice de Aquino Oliveira,Cursando,,,,,Topázio,8.626866667,,,,,,,3.0,9.0,10.0,7.5,7.8,8.2,10.0,7.9,7.0,8.5,,,,Fase 2 (5° e 6° ano),0.0,,,,,0,0.4459378384905856,44.59
RA-1453,2024,2A,2A,Aluno-1453,2012.0,2012-01-16,12.0,Feminino,2021.0,Pública,EE Leonice de Aquino Oliveira,Cursando,,,,,Ametista,7.123485714,,,,,,,3.0,8.5,7.8,6.3,6.5,7.7,5.0,7.5,4.5,8.5,,,,Fase 3 (7° e 8° ano),-1.0,,,,,1,0.683057845791144,68.31
RA-1454,2024,2A,2A,Aluno-1454,2014.0,2014-03-31,10.0,Feminino,2023.0,Pública,EE Dom Pedro Villas Boas de Souza,Cursando,,,,,Ametista,7.70422381,,,,,,,3.0,8.0,5.9,7.5,7.8,8.3,10.0,7.7,7.5,8.0,,,,Fase 2 (5° e 6° ano),0.0,,,,,1,0.502794840731009,50.28
RA-1455,2024,2A,2A,Aluno-1455,2012.0,2012-04-23,12.0,Feminino,2024.0,Pública,EE Maria André Schunck Dona,Cursando,,,,,Agata,6.644255556,,,,,,,3.0,8.0,7.8,7.5,3.5,7.8,5.0,7.7,,3.5,,,,Fase 3 (7° e 8° ano),-1.0,,,,,1,0.6513745949639381,65.14
RA-529,2024,2A,2A,Aluno-529,2010.0,2010-01-07,14.0,Masculino,2021.0,Pública,EE Leonice de Aquino Oliveira,Cursando,Ágata,Ametista,Ágata,Ametista,Quartzo,5.266128572,6.51,7.278991667,,,,,3.0,7.0,6.6,4.4,4.3,4.9,5.0,4.8,2.5,6.0,,,,Fase 3 (7° e 8° ano),-1.0,,,,,1,0.8611704569001357,86.12
RA-1456,2024,2A,2A,Aluno-1456,2012.0,2012-03-12,11.0,Masculino,2024.0,Pública,EE Leonice de Aquino Oliveira,Cursando,,,,,Topázio,8.492914286,,,,,,,3.0,9.5,9.5,7.5,7.8,7.9,10.0,7.5,5.5,10.0,,,,Fase 2 (5° e 6° ano),0.0,,,,,0,0.40579269001849655,40.58
RA-1015,2024,2B,2B,Aluno-1015,2013.0,2013-06-24,11.0,Feminino,2023.0,Pública,EE Alexandre Rodrigues Nogueira,Cursando,,,,Ametista,Agata,6.643252381,,7.538908333,,,,,3.0,7.9,7.8,7.5,4.0,5.7,10.0,6.0,2.0,6.0,,,,Fase 2 (5° e 6° ano),0.0,,,,,1,0.6302342394514288,63.02
RA-483,2024,2B,2B,Aluno-483,2011.0,2011-09-30,13.0,Feminino,2021.0,Pública,EE Mario Francisco de Amorim,Cursando,Ametista,Ágata,Quartzo,Agata,Agata,6.578604762,5.263,6.3972,,,,,3.0,8.5,5.6,6.3,5.3,8.1,5.0,8.1,2.0,8.5,,,,Fase 3 (7° e 8° ano),-1.0,,,,,1,0.7855159265290361,78.55
RA-497,2024,2B,2B,Aluno-497,2009.0,2009-01-07,15.0,Feminino,2021.0,Privada - Programa de apadrinhamento,EE Mario Francisco de Amorim,Cursando,Quartzo,Quartzo,Ágata,Quartzo,Quartzo,4.496080952,6.323,5.7191,,,,,3.0,7.5,6.1,5.6,1.0,3.5,5.0,5.6,0.0,2.0,,,,Fase 3 (7° e 8° ano),-1.0,,,,,1,0.8793114033264208,87.93
RA-1457,2024,2B,2B,Aluno-1457,2011.0,2011-08-11,12.0,Feminino,2024.0,Pública,EE Leonice de Aquino Oliveira,Cursando,,,,,Agata,6.01977619,,,,,,,3.0,3.5,8.0,7.5,2.8,7.7,5.0,7.3,2.5,3.0,,,,Fase 3 (7° e 8° ano),-1.0,,,,,1,0.6266932531070598,62.67
RA-688,2024,2B,2B,Aluno-688,2013.0,2013-08-20,11.0,Masculino,2022.0,Pública,EE Dom Pedro Villas Boas de Souza,Cursando,,,Ametista,Topázio,Topázio,8.986533333,7.771,8.0442,,,,,3.0,9.5,10.0,8.1,7.5,9.5,10.0,8.3,6.0,9.0,,,,Fase 2 (5° e 6° ano),0.0,,,,,0,0.16428669693049477,16.43
RA-696,2024,2B,2B,Aluno-696,2013.0,2013-05-12,10.0,Feminino,2021.0,Pública,EE Dom Pedro Villas Boas de Souza,Cursando,,Ametista,Ametista,Ametista,Ametista,7.482680952,7.441,7.172666667,,,,,3.0,7.4,7.8,7.5,5.3,8.0,10.0,7.7,5.0,5.5,,,,Fase 2 (5° e 6° ano),0.0,,,,,0,0.44713181329191864,44.71
RA-1458,2024,2B,2B,Aluno-1458,2012.0,2012-02-22,12.0,Feminino,2024.0,Pública,EE Alexandre Rodrigues Nogueira,Cursando,,,,,Quartzo,5.879073684,,,,,,,3.0,8.8,7.3,7.5,3.3,5.2,5.0,6.0,0.5,6.0,,,,Fase 3 (7° e 8° ano),-1.0,,,,,1,0.6746892827057533,67.47
RA-1034,2024,2B,2B,Aluno-1034,2013.0,2013-04-15,11.0,Masculino,2023.0,Pública,EE Alexandre Rodrigues Nogueira,Cursando,,,,Ametista,Topázio,8.033366667,,7.9642,,,,,3.0,7.5,8.1,7.5,7.5,8.2,10.0,7.7,7.5,7.5,,,,Fase 2 (5° e 6° ano),0.0,,,,,0,0.23240637936790512,23.24
RA-491,2024,2B,2B,Aluno-491,2011.0,2011-05-12,12.0,Masculino,2022.0,Pública,EE Mario Francisco de Amorim,Cursando,,,Ametista,Ametista,Agata,6.995247619,7.461,7.560533333,,,,,3.0,7.5,9.0,7.5,5.3,7.2,5.0,7.1,1.5,9.0,,,,Fase 3 (7° e 8° ano),-1.0,,,,,1,0.5913182760596429,59.13
RA-1027,2024,2B,2B,Aluno-1027,2013.0,2013-04-25,11.0,Feminino,2023.0,Pública,EE Bairro Boa Vista,Cursando,,,,Ametista,Topázio,8.220866667,,7.748866667,,,,,3.0,9.5,10.0,7.5,5.3,8.4,10.0,7.9,6.0,4.5,,,,Fase 2 (5° e 6° ano),0.0,,,,,0,0.30485281928249636,30.49
RA-1023,2024,2B,2B,Aluno-1023,2014.0,2014-06-05,10.0,Feminino,2023.0,Pública,EE Dom Pedro Villas Boas de Souza,Cursando,,,,Topázio,Topázio,9.498580952,,9.1342,,,,,3.0,9.5,9.5,9.4,9.5,9.6,10.0,9.0,9.0,10.0,,,,Fase 2 (5° e 6° ano),0.0,,,,,0,0.28654947825860466,28.65
RA-686,2024,2C,2C,Aluno-686,2013.0,2013-04-19,11.0,Feminino,2022.0,Pública,EE Joaquim Mendes Feliz,Cursando,,,Ametista,Ametista,Topázio,8.040259524,7.729,7.9642,,,,,3.0,8.0,8.8,6.9,7.3,7.5,10.0,8.4,5.0,9.5,,,,Fase 2 (5° e 6° ano),0.0,,,,,0,0.1763320393254342,17.63
RA-480,2024,2C,2C,Aluno-480,2012.0,2012-10-20,12.0,Feminino,2021.0,Pública,EE Alexandre Rodrigues Nogueira,Cursando,,Ametista,Ametista,Topázio,Ametista,7.260202381,7.502,8.226408333,,,,,3.0,6.3,8.1,7.5,5.0,7.4,10.0,7.8,2.5,7.5,,,,Fase 2 (5° e 6° ano),0.0,,,,,0,0.1675545468933059,16.76
RA-1459,2024,2C,2C,Aluno-1459,2012.0,2012-03-21,12.0,Masculino,2024.0,Pública,EE Olivia de Faria Nogueira,Cursando,,,,,Agata,6.665390476,,,,,,,3.0,8.0,8.3,7.5,3.8,7.3,5.0,7.5,2.0,5.5,,,,Fase 3 (7° e 8° ano),-1.0,,,,,1,0.6300243620012123,63.0
RA-1460,2024,2C,2C,Aluno-1460,2012.0,2012-08-27,12.0,Masculino,2024.0,Pública,EE Alexandre Rodrigues Nogueira,Cursando,,,,,Agata,6.784805263,,,,,,,3.0,9.5,7.5,7.5,3.3,6.3,10.0,6.9,2.5,4.0,,,,Fase 2 (5° e 6° ano),0.0,,,,,1,0.5308158405011174,53.08
RA-1017,2024,2C,2C,Aluno-1017,2012.0,2012-01-10,12.0,Masculino,2023.0,Pública,EE João Ortiz Rodrigues,Cursando,,,,Agata,Ametista,7.345521429,,6.505333333,,,,,3.0,9.5,7.8,6.3,5.0,7.4,10.0,7.2,2.5,7.5,,,,Fase 2 (5° e 6° ano),0.0,,,,,1,0.610509153529976,61.05
RA-499,2024,2C,2C,Aluno-499,2012.0,2012-07-24,12.0,Masculino,2021.0,Pública,EE Leonice de Aquino Oliveira,Cursando,Ágata,Ametista,Ametista,Ametista,Ametista,7.57947381,7.826,7.8883,,,,,3.0,8.5,9.0,7.5,4.8,7.5,10.0,7.2,2.0,7.5,,,,Fase 2 (5° e 6° ano),0.0,,,,,0,0.17772157662418947,17.77
RA-514,2024,2C,2C,Aluno-514,2013.0,2013-05-05,11.0,Feminino,2022.0,Pública,EE Paschoal Carlos Magno,Cursando,,,Ametista,Quartzo,Agata,6.219580952,7.039,5.823133333,,,,,3.0,9.0,7.6,4.4,3.0,6.0,10.0,5.6,3.0,3.0,,,,Fase 2 (5° e 6° ano),0.0,,,,,0,0.4852063382307587,48.52
RA-1461,2024,2C,2C,Aluno-1461,2012.0,2012-10-01,12.0,Feminino,2024.0,Pública,EE Leonice de Aquino Oliveira,Cursando,,,,,Agata,6.871961905,,,,,,,3.0,10.0,9.3,7.5,2.8,7.3,5.0,7.5,0.5,5.0,,,,Fase 3 (7° e 8° ano),-1.0,,,,,1,0.6387050722895334,63.87
RA-1462,2024,2D,2D,Aluno-1462,2010.0,2010-12-14,13.0,Feminino,2024.0,Pública,EE Joaquim Mendes Feliz,Cursando,,,,,Ametista,7.624366667,,,,,,,3.0,8.5,10.0,7.5,6.5,7.1,5.0,8.1,6.0,7.0,,,,Fase 3 (7° e 8° ano),-1.0,,,,,1,0.5868177056510718,58.68
RA-1463,2024,2D,2D,Aluno-1463,2012.0,2012-05-11,12.0,Masculino,2024.0,Pública,EE Paschoal Carlos Magno,Cursando,,,,,Topázio,9.074561111,,,,,,,3.0,8.5,9.7,7.5,10.0,8.1,10.0,9.1,10.0,10.0,,,,Fase 2 (5° e 6° ano),0.0,,,,,0,0.31335168242938033,31.34
RA-1464,2024,2D,2D,Aluno-1464,2011.0,2011-07-14,13.0,Feminino,2024.0,Pública,EE Paschoal Carlos Magno,Cursando,,,,,Ametista,7.288424359,,,,,,,3.0,8.0,7.8,7.5,6.3,7.6,5.0,9.1,4.0,8.5,,,,Fase 3 (7° e 8° ano),-1.0,,,,,1,0.6873355036510241,68.73
RA-687,2024,2D,2D,Aluno-687,2013.0,2013-01-26,11.0,Masculino,2022.0,Pública,EE Paschoal Carlos Magno,Cursando,,,Ametista,Ametista,Topázio,8.273984461,7.703,7.617533333,,,,,3.0,7.5,9.2,7.5,7.3,8.0,10.0,8.8,6.5,8.0,,,,Fase 2 (5° e 6° ano),0.0,,,,,0,0.1606200172524368,16.06
RA-1030,2024,2D,2D,Aluno-1030,2012.0,2012-10-08,12.0,Masculino,2023.0,Pública,EE Paschoal Carlos Magno,Cursando,,,,Ametista,Ametista,7.740191604,,7.4027,,,,,3.0,7.4,8.3,4.4,8.0,7.6,10.0,7.8,10.0,6.0,,,,Fase 2 (5° e 6° ano),0.0,,,,,0,0.4698823658375778,46.99
RA-1465,2024,2D,2D,Aluno-1465,2011.0,2011-11-26,12.0,Masculino,2024.0,Pública,EE Paschoal Carlos Magno,Cursando,,,,,Ametista,7.334466667,,,,,,,3.0,7.4,8.8,7.5,5.8,7.8,5.0,8.8,5.0,6.5,,,,Fase 3 (7° e 8° ano),-1.0,,,,,1,0.5641583859757747,56.42
RA-522,2024,2D,2D,Aluno-522,2013.0,2013-08-01,11.0,Masculino,2021.0,Pública,EE Joaquim Mendes Feliz,Cursando,,Topázio,Topázio,Ametista,Topázio,8.677711905,8.306,7.890533333,,,,,3.0,8.0,9.5,7.5,9.0,7.9,10.0,8.4,9.5,8.5,,,,Fase 2 (5° e 6° ano),0.0,,,,,0,0.10549857816496937,10.55
RA-501,2024,2D,2D,Aluno-501,2013.0,2013-10-20,11.0,Masculino,2021.0,Privada,João Friaza Colégio,Cursando,,Topázio,Ametista,Topázio,Topázio,8.277947494,7.794,8.1357,,,,,3.0,7.0,8.0,7.5,8.8,8.2,10.0,8.4,8.5,9.0,,,,Fase 2 (5° e 6° ano),0.0,,,,,0,0.16598186986184937,16.6
RA-1466,2024,2D,2D,Aluno-1466,2012.0,2012-08-24,12.0,Masculino,2024.0,Pública,EE Paschoal Carlos Magno,Cursando,,,,,Topázio,8.21372381,,,,,,,3.0,10.0,7.4,7.5,7.5,8.1,10.0,8.8,7.0,8.0,,,,Fase 2 (5° e 6° ano),0.0,,,,,0,0.4541238709944098,45.41
RA-502,2024,2D,2D,Aluno-502,2014.0,2014-05-24,10.0,Feminino,2021.0,Privada - Programa de Apadrinhamento,Colégio Arco Íris Evolução,Cursando,,Topázio,Topázio,Topázio,Topázio,8.502330952,8.287,8.749075,,,,,3.0,9.0,9.8,3.8,8.0,8.8,10.0,9.1,6.0,10.0,,,,Fase 2 (5° e 6° ano),0.0,,,,,0,0.0991433294163507,9.91
RA-1467,2024,2D,2D,Aluno-1467,2012.0,2012-02-08,12.0,Masculino,2024.0,Pública,EE Joaquim Mendes Feliz,Cursando,,,,,Topázio,8.836711278,,,,,,,3.0,9.0,9.0,7.5,9.3,8.3,10.0,8.8,9.0,9.5,,,,Fase 2 (5° e 6° ano),0.0,,,,,0,0.405435282546628,40.54
RA-1468,2024,2D,2D,Aluno-1468,2012.0,2012-02-08,12.0,Feminino,2024.0,Pública,EE Joaquim Mendes Feliz,Cursando,,,,,Topázio,8.128102882,,,,,,,3.0,8.5,9.0,7.5,7.0,7.4,10.0,8.4,4.5,9.5,,,,Fase 2 (5° e 6° ano),0.0,,,,,0,0.42322053116241576,42.32
RA-527,2024,2D,2D,Aluno-527,2013.0,2013-03-02,11.0,Feminino,2022.0,Pública,EE Joaquim Mendes Feliz,Cursando,,,Ametista,Ametista,Topázio,8.140366667,8.025,7.5682,,,,,3.0,9.0,10.0,7.5,6.0,7.4,10.0,8.1,6.5,5.5,,,,Fase 2 (5° e 6° ano),0.0,,,,,0,0.12486706146333931,12.49
RA-1469,2024,2D,2D,Aluno-1469,2011.0,2011-03-26,13.0,Masculino,2024.0,Pública,EE Joaquim Mendes Feliz,Cursando,,,,,Ametista,7.459755556,,,,,,,3.0,8.5,9.4,7.5,4.8,8.2,5.0,8.8,6.0,3.5,,,,Fase 3 (7° e 8° ano),-1.0,,,,,1,0.6360119198827036,63.6
RA-1470,2024,2G,2G,Aluno-1470,2012.0,2012-02-17,12.0,Feminino,2024.0,Pública,EE Leonice de Aquino Oliveira,Cursando,,,,,Quartzo,5.967421532,,,,,,,4.0,8.0,6.4,6.3,5.0,5.4,5.0,6.9,5.0,5.0,,,,Fase 3 (7° e 8° ano),-1.0,,,,,1,0.6732186902770988,67.32
RA-1471,2024,2G,2G,Aluno-1471,2011.0,2011-08-08,13.0,Masculino,2024.0,Pública,EE Loris Nassif Mattar Profa,Cursando,,,,,Ametista,7.404455435,,,,,,,4.0,10.0,7.2,7.5,7.5,7.2,5.0,7.7,8.0,7.0,,,,Fase 3 (7° e 8° ano),-1.0,,,,,1,0.5870290985738063,58.7
RA-710,2024,2G,2G,Aluno-710,2012.0,2012-01-03,12.0,Masculino,2021.0,Pública,EE João Ortiz Rodrigues,Cursando,Ametista,Ametista,Ametista,Ametista,Ametista,7.036624134,7.285,7.0582,,,,,4.0,9.2,8.2,5.6,6.8,6.5,5.0,7.7,8.0,5.5,,,,Fase 3 (7° e 8° ano),-1.0,,,,,1,0.6832719275795668,68.33
RA-1472,2024,2G,2G,Aluno-1472,2012.0,2012-11-19,11.0,Masculino,2022.0,Pública,EE Leonice de Aquino Oliveira,Cursando,,,,,Topázio,8.773575,,,,,,,4.0,8.5,10.0,7.5,8.8,8.1,10.0,8.0,9.0,8.5,,,,Fase 2 (5° e 6° ano),0.0,,,,,1,0.5500838443219607,55.01
RA-837,2024,2G,2G,Aluno-837,2014.0,2014-07-04,10.0,Masculino,2022.0,Pública,EM Maria Ignez Concelles Irma Ines,Cursando,,,Topázio,Topázio,Ametista,7.964846739,8.207,8.2712,,,,,4.0,7.5,9.8,6.9,6.8,7.6,10.0,7.0,6.0,7.5,,,,Fase 2 (5° e 6° ano),0.0,,,,,0,0.2744176721339133,27.44
RA-549,2024,2G,2G,Aluno-549,2012.0,2012-07-05,12.0,Masculino,2021.0,Pública,EE Alexandre Rodrigues Nogueira,Cursando,,Ametista,Ágata,Ametista,Agata,6.539818789,6.301,7.0297,,,,,4.0,10.0,7.2,6.3,5.8,5.9,5.0,6.4,5.0,6.5,,,,Fase 3 (7° e 8° ano),-1.0,,,,,1,0.8662070685569035,86.62
RA-571,2024,2G,2G,Aluno-571,2011.0,2011-09-18,13.0,Feminino,2021.0,Pública,EE João Ortiz Rodrigues,Cursando,Ametista,Ametista,Ágata,Agata,Agata,6.296455435,6.589,6.6097,,,,,4.0,7.0,8.7,4.4,5.3,5.8,5.0,7.0,5.0,5.5,,,,Fase 3 (7° e 8° ano),-1.0,,,,,1,0.6210414267479514,62.1
RA-731,2024,2G,2G,Aluno-731,2012.0,2012-04-24,12.0,Feminino,2021.0,Pública,EE João Ortiz Rodrigues,Cursando,Ametista,Ágata,Ametista,Agata,Quartzo,4.770487338,7.151,6.7742,,,,,4.0,9.5,4.2,4.4,2.5,4.8,5.0,5.8,0.0,5.0,,,,Fase 3 (7° e 8° ano),-1.0,,,,,1,0.5266609794454867,52.67
RA-706,2024,2G,2G,Aluno-706,2012.0,2012-10-12,11.0,Feminino,2021.0,Pública,EE João Ortiz Rodrigues,Cursando,,Ágata,Ametista,Ametista,Quartzo,5.870196429,7.659,7.1527,,,,,4.0,0.0,7.1,6.3,3.3,7.0,10.0,7.7,3.0,3.5,,,,Fase 2 (5° e 6° ano),0.0,,,,,0,0.3370603210747948,33.71
RA-707,2024,2G,2G,Aluno-707,2012.0,2012-01-03,12.0,Feminino,2021.0,Pública,EE João Ortiz Rodrigues,Cursando,Ametista,Ágata,Ametista,Agata,Agata,6.497561842,7.679,6.518,,,,,4.0,7.9,7.7,4.4,6.5,6.4,5.0,6.4,7.0,6.0,,,,Fase 3 (7° e 8° ano),-1.0,,,,,1,0.6804796131073183,68.05
RA-1044,2024,2G,2G,Aluno-1044,2013.0,2013-04-24,11.0,Feminino,2023.0,Pública,EE Olivia de Faria Nogueira,Cursando,,,,Ametista,Ametista,7.966711905,,7.629533333,,,,,4.0,7.5,9.5,7.5,7.0,7.2,10.0,7.2,7.0,7.0,,,,Fase 2 (5° e 6° ano),0.0,,,,,0,0.46895369330150394,46.9
RA-1054,2024,2G,2G,Aluno-1054,2010.0,2010-02-12,13.0,Masculino,2023.0,Pública,EE Leonice de Aquino Oliveira,Cursando,,,,Ametista,Agata,6.985788509,,7.459533333,,,,,4.0,9.5,7.3,7.5,6.3,6.8,5.0,7.2,6.0,6.5,,,,Fase 3 (7° e 8° ano),-1.0,,,,,1,0.612770823935511,61.28
RA-721,2024,2G,2G,Aluno-721,2014.0,2014-03-20,10.0,Feminino,2021.0,Pública,EE Dom Pedro Villas Boas de Souza,Cursando,,Topázio,Ametista,Topázio,Topázio,8.898602692,7.973,8.683366667,,,,,4.0,9.0,9.5,8.1,8.3,8.8,10.0,8.8,9.0,7.5,,,,Fase 2 (5° e 6° ano),0.0,,,,,0,0.15556293787709866,15.56
RA-1473,2024,2G,2G,Aluno-1473,2011.0,2011-06-07,13.0,Masculino,2024.0,Pública,EE Loris Nassif Mattar Profa,Cursando,,,,,Agata,6.689320601,,,,,,,4.0,9.5,8.4,5.6,5.3,6.4,5.0,6.6,6.0,4.5,,,,Fase 3 (7° e 8° ano),-1.0,,,,,1,0.6831779338724911,68.32
RA-735,2024,2H,2H,Aluno-735,2012.0,2012-06-29,12.0,Feminino,2021.0,Pública,EE João Ortiz Rodrigues,Cursando,,Ametista,Ametista,Ametista,Ametista,7.788846739,7.485,7.184,,,,,4.0,8.0,9.8,6.3,8.0,7.7,5.0,7.7,8.0,8.0,,,,Fase 3 (7° e 8° ano),-1.0,,,,,1,0.6356875219771486,63.57
RA-712,2024,2H,2H,Aluno-712,2011.0,2011-03-13,13.0,Masculino,2021.0,Pública,EE João Ortiz Rodrigues,Cursando,Quartzo,Quartzo,Ágata,Agata,Agata,6.223637371,6.026,6.331533333,,,,,4.0,7.5,6.0,5.6,6.8,6.0,5.0,6.6,7.0,6.5,,,,Fase 3 (7° e 8° ano),-1.0,,,,,1,0.8048938058167551,80.49
RA-1103,2024,2H,2H,Aluno-1103,2012.0,2012-11-30,11.0,Masculino,2023.0,Pública,EE Loris Nassif Mattar Profa,Cursando,,,,Ametista,Ametista,7.861995031,,7.574866667,,,,,4.0,8.5,7.8,7.5,7.3,7.5,10.0,7.5,6.0,8.5,,,,Fase 2 (5° e 6° ano),0.0,,,,,0,0.29007928578171943,29.01
RA-570,2024,2H,2H,Aluno-570,2012.0,2012-03-01,12.0,Feminino,2021.0,Pública,EE João Ortiz Rodrigues,Cursando,Topázio,Ágata,Quartzo,Agata,Agata,6.813364079,5.722,6.781033333,,,,,4.0,8.0,8.0,5.6,6.8,6.4,5.0,7.2,6.0,7.5,,,,Fase 3 (7° e 8° ano),-1.0,,,,,1,0.8494292420603312,84.94
RA-713,2024,2H,2H,Aluno-713,2013.0,2013-02-26,11.0,Masculino,2021.0,Pública,EE João Ortiz Rodrigues,Cursando,,Ametista,Ametista,Ametista,Ametista,7.467500983,7.42,7.408033333,,,,,4.0,8.0,7.5,7.5,6.8,6.8,10.0,7.0,6.0,7.5,,,,Fase 2 (5° e 6° ano),0.0,,,,,0,0.441508139221488,44.15
RA-714,2024,2H,2H,Aluno-714,2011.0,2011-06-30,13.0,Masculino,2021.0,Pública,EE João Ortiz Rodrigues,Cursando,Ágata,Ametista,Ágata,Agata,Quartzo,5.465366201,6.953,6.078666667,,,,,4.0,0.0,6.9,6.3,4.0,7.0,5.0,7.7,8.0,0.0,,,,Fase 3 (7° e 8° ano),-1.0,,,,,1,0.640625131819119,64.06
RA-737,2024,2H,2H,Aluno-737,2013.0,2013-10-29,11.0,Feminino,2022.0,Pública,EE Dom Pedro Villas Boas de Souza,Cursando,,,Ametista,Topázio,Topázio,8.469548861,8.058,8.048033333,,,,,4.0,8.5,8.7,6.9,9.3,8.0,10.0,7.5,9.0,9.5,,,,Fase 2 (5° e 6° ano),0.0,,,,,0,0.24811922334751274,24.81
RA-1474,2024,2H,2H,Aluno-1474,2013.0,2013-05-01,11.0,Feminino,2024.0,Pública,EE João Ortiz Rodrigues,Cursando,,,,,Ametista,7.384207505,,,,,,,4.0,8.0,8.0,5.6,7.5,6.3,10.0,6.7,7.0,8.0,,,,Fase 2 (5° e 6° ano),0.0,,,,,1,0.5069591922213742,50.7
RA-1036,2024,2H,2H,Aluno-1036,2012.0,2012-07-18,12.0,Feminino,2023.0,Pública,EE João Ortiz Rodrigues,Cursando,,,,Agata,Topázio,8.284130383,,6.970583333,,,,,4.0,10.0,9.1,7.5,7.0,7.7,10.0,7.7,7.0,7.0,,,,Fase 2 (5° e 6° ano),0.0,,,,,0,0.4869299249318388,48.69
RA-576,2024,2H,2H,Aluno-576,2012.0,2012-08-23,12.0,Feminino,2022.0,Pública,EE João Ortiz Rodrigues,Cursando,,,Ametista,Ametista,Topázio,8.93195,7.59,7.984741667,,,,,4.0,8.5,10.0,7.5,9.3,8.5,10.0,7.8,9.0,9.5,,,,Fase 2 (5° e 6° ano),0.0,,,,,0,0.358462160644635,35.85
RA-577,2024,2H,2H,Aluno-577,2012.0,2012-03-25,12.0,Feminino,2022.0,Pública,EE João Ortiz Rodrigues,Cursando,,,Ametista,Ametista,Agata,6.62915911,7.862,7.219366667,,,,,4.0,8.5,5.8,5.6,8.0,6.5,5.0,6.6,7.0,9.0,,,,Fase 3 (7° e 8° ano),-1.0,,,,,1,0.6493331275188129,64.93
RA-580,2024,2H,2H,Aluno-580,2012.0,2012-02-15,12.0,Feminino,2021.0,Pública,EE João Ortiz Rodrigues,Cursando,Topázio,Ametista,Ametista,Topázio,Ametista,7.928152122,7.525,8.4712,,,,,4.0,9.0,8.9,7.5,9.3,7.2,5.0,7.0,10.0,8.5,,,,Fase 3 (7° e 8° ano),-1.0,,,,,1,0.5837663635566586,58.38
RA-581,2024,2H,2H,Aluno-581,2012.0,2012-02-24,12.0,Masculino,2021.0,Pública,EE João Ortiz Rodrigues,Cursando,Ametista,Ametista,Ágata,Ametista,Ametista,7.083301553,6.464,7.7167,,,,,4.0,7.4,8.2,5.6,8.8,6.2,5.0,6.6,8.0,9.5,,,,Fase 3 (7° e 8° ano),-1.0,,,,,1,0.5974059878254288,59.74
RA-841,2024,2H,2H,Aluno-841,2011.0,2011-12-30,12.0,Masculino,2022.0,Pública,EE João Ortiz Rodrigues,Cursando,,,Ametista,Agata,Agata,6.035771224,7.3,6.78,,,,,4.0,10.0,6.3,7.5,3.3,5.8,5.0,7.0,4.0,2.5,,,,Fase 3 (7° e 8° ano),-1.0,,,,,1,0.6167234072959464,61.67
RA-730,2024,2I,2I,Aluno-730,2012.0,2012-12-17,11.0,Feminino,2021.0,Pública,EE Joaquim Mendes Feliz,Cursando,,Ametista,Ametista,Ametista,Topázio,8.469255556,7.902,7.979325,,,,,3.0,8.0,7.2,6.9,9.5,8.7,10.0,9.2,10.0,9.0,,,,Fase 2 (5° e 6° ano),0.0,,,,,0,0.1437606410343497,14.38
RA-855,2024,2I,2I,Aluno-855,2013.0,2013-11-23,10.0,Feminino,2022.0,Pública,EE Dom Pedro Villas Boas de Souza,Cursando,,,Topázio,Topázio,Topázio,8.578533333,8.453,8.62995,,,,,3.0,9.0,10.0,7.5,8.5,7.4,10.0,7.5,9.0,8.0,,,,Fase 2 (5° e 6° ano),0.0,,,,,0,0.23754304421349398,23.75
RA-820,2024,2I,2I,Aluno-820,2013.0,2013-08-26,11.0,Masculino,2022.0,Pública,EE Dom Pedro Villas Boas de Souza,Cursando,,,Ametista,Ametista,Ametista,7.426572549,7.417,7.85605,,,,,3.0,10.0,6.6,7.5,6.3,6.4,10.0,8.3,6.0,6.5,,,,Fase 2 (5° e 6° ano),0.0,,,,,0,0.24727962826663902,24.73
RA-715,2024,2I,2I,Aluno-715,2013.0,2013-12-08,11.0,Feminino,2022.0,Pública,EM Maria Ignez Concelles Irma Ines,Cursando,,,Ágata,Quartzo,Quartzo,5.309825313,6.656,5.8915,,,,,3.0,9.0,5.3,3.8,2.8,4.7,10.0,5.0,2.0,3.5,,,,Fase 2 (5° e 6° ano),0.0,,,,,0,0.48873674525191446,48.87
RA-1038,2024,2I,2I,Aluno-1038,2013.0,2013-07-21,11.0,Feminino,2023.0,Pública,EE Dom Pedro Villas Boas de Souza,Cursando,,,,Ametista,Ametista,7.964638597,,7.736825,,,,,3.0,8.0,7.5,7.5,8.5,7.3,10.0,7.5,10.0,7.0,,,,Fase 2 (5° e 6° ano),0.0,,,,,0,0.3272530382397574,32.73
RA-1475,2024,2I,2I,Aluno-1475,2013.0,2013-11-20,10.0,Feminino,2024.0,Pública,EE Dom Pedro Villas Boas de Souza,Cursando,,,,,Ametista,7.413901754,,,,,,,3.0,9.0,8.1,7.5,5.0,7.0,10.0,7.5,7.0,3.0,,,,Fase 2 (5° e 6° ano),0.0,,,,,0,0.4841078378343143,48.41
RA-1039,2024,2I,2I,Aluno-1039,2011.0,2011-05-08,13.0,Masculino,2023.0,Pública,EE Joaquim Mendes Feliz,Cursando,,,,Ametista,Ametista,7.549644444,,7.686033333,,,,,3.0,8.0,9.7,7.5,7.3,6.8,5.0,7.5,8.0,6.5,,,,Fase 3 (7° e 8° ano),-1.0,,,,,1,0.5539834693969429,55.4
RA-745,2024,2I,2I,Aluno-745,2013.0,2013-04-08,11.0,Masculino,2021.0,Privada - Programa de Apadrinhamento,Colégio Arco Íris Evolução,Cursando,,Topázio,Ametista,Ametista,Topázio,8.6102,7.382,7.668366667,,,,,3.0,9.0,10.0,6.3,8.5,8.2,10.0,7.5,8.0,9.0,,,,Fase 2 (5° e 6° ano),0.0,,,,,0,0.4542595668279227,45.43
RA-718,2024,2I,2I,Aluno-718,2014.0,2014-11-08,10.0,Feminino,2022.0,Pública,EE Joaquim Mendes Feliz,Cursando,,,Topázio,Topázio,Topázio,8.705811111,8.093,8.166866667,,,,,3.0,10.0,9.5,5.6,9.5,7.9,10.0,7.5,9.0,10.0,,,,Fase 1 (3° e 4° ano),1.0,,,,,0,0.4468060194216015,44.68
RA-1040,2024,2I,2I,Aluno-1040,2011.0,2011-06-12,12.0,Masculino,2023.0,Pública,EE Joaquim Mendes Feliz,Cursando,,,,Ametista,Ametista,7.7642,,7.81545,,,,,3.0,9.5,8.5,7.5,8.3,7.3,5.0,7.5,8.0,8.5,,,,Fase 3 (7° e 8° ano),-1.0,,,,,0,0.3744317015329738,37.44
RA-746,2024,2I,2I,Aluno-746,2014.0,2014-09-04,10.0,Masculino,2022.0,Pública,EM Maria Ignez Concelles Irma Ines,Cursando,,,Ametista,Agata,Ametista,7.903311111,7.656,6.517166667,,,,,3.0,8.5,7.4,7.5,8.0,7.3,10.0,7.5,8.0,8.0,,,,Fase 2 (5° e 6° ano),0.0,,,,,1,0.5321475611758214,53.21
RA-1069,2024,2K,2K,Aluno-1069,2012.0,2012-09-18,12.0,Masculino,2023.0,Pública,EE Maria André Schunck Dona,Cursando,,,,Ametista,Ametista,7.678917391,,7.590033333,,,,,4.0,9.0,7.1,7.5,6.3,7.8,10.0,8.1,7.0,5.5,,,,Fase 2 (5° e 6° ano),0.0,,,,,0,0.2151131873499564,21.51
RA-1476,2024,2K,2K,Aluno-1476,2013.0,2013-01-22,11.0,Feminino,2024.0,Pública,EE Maria André Schunck Dona,Cursando,,,,,Topázio,8.80795,,,,,,,4.0,9.5,10.0,5.6,8.5,8.8,10.0,8.4,8.0,9.0,,,,Fase 2 (5° e 6° ano),0.0,,,,,0,0.3823338277101948,38.23
RA-827,2024,2K,2K,Aluno-827,2012.0,2012-11-10,12.0,Feminino,2022.0,Pública,EE Maria André Schunck Dona,Cursando,,,Ametista,Ametista,Topázio,8.248346739,7.412,7.419925,,,,,4.0,10.0,9.8,5.0,7.3,7.9,10.0,7.7,6.0,8.5,,,,Fase 2 (5° e 6° ano),0.0,,,,,0,0.45108469785723493,45.11
RA-1477,2024,2K,2K,Aluno-1477,2012.0,2012-12-27,11.0,Masculino,2024.0,Pública,EE Maria André Schunck Dona,Cursando,,,,,Ametista,7.051498913,,,,,,,4.0,8.0,8.0,7.5,5.0,6.3,10.0,6.4,5.0,5.0,,,,Fase 2 (5° e 6° ano),0.0,,,,,0,0.48585897267038514,48.59
RA-762,2024,2K,2K,Aluno-762,2010.0,2010-06-28,14.0,Masculino,2022.0,Pública,EM Cecilia Cristina de Oliveira Rodrigues,Cursando,,,Ametista,Ametista,Quartzo,5.967732609,7.28,7.09945,,,,,4.0,10.0,6.4,6.3,3.8,5.8,5.0,6.6,4.0,3.5,,,,Fase 4 (9° ano),-2.0,,,,,1,0.6635422478263568,66.35
RA-778,2024,2K,2K,Aluno-778,2013.0,2013-11-07,11.0,Feminino,2021.0,Pública,Estuda em outra cidade,Cursando,,Topázio,Ametista,Ametista,Topázio,8.075413959,7.432,7.926825,,,,,4.0,10.0,8.1,7.5,7.0,7.7,10.0,7.5,5.0,9.0,,,,Fase 2 (5° e 6° ano),0.0,,,,,0,0.2990897423005649,29.91
RA-591,2024,2K,2K,Aluno-591,2011.0,2011-03-09,13.0,Masculino,2021.0,Pública,EM Cecilia Cristina de Oliveira Rodrigues,Cursando,,Ametista,Ametista,Ametista,Agata,6.836033696,7.507,7.1472,,,,,4.0,7.4,7.9,6.3,7.5,6.5,5.0,5.8,6.0,9.0,,,,Fase 3 (7° e 8° ano),-1.0,,,,,1,0.6983433214557003,69.83
RA-1478,2024,2K,2K,Aluno-1478,2012.0,2012-11-11,11.0,Masculino,2024.0,Pública,EE Maria André Schunck Dona,Cursando,,,,,Agata,6.721033333,,,,,,,4.0,8.0,6.7,6.3,4.3,7.1,10.0,6.9,4.0,4.5,,,,Fase 2 (5° e 6° ano),0.0,,,,,1,0.5771639258168942,57.72
RA-829,2024,2K,2K,Aluno-829,2014.0,2014-09-30,10.0,Feminino,2022.0,Privada - Programa de Apadrinhamento,Colégio Arco Íris Evolução,Cursando,,,Ametista,Topázio,Topázio,9.171825,8.003,8.532075,,,,,4.0,9.5,9.8,9.4,8.0,9.2,10.0,8.9,6.0,10.0,,,,Fase 1 (3° e 4° ano),1.0,,,,,0,0.12838399014590623,12.84
RA-1479,2024,2K,2K,Aluno-1479,2012.0,2012-10-27,12.0,Masculino,2024.0,Pública,EE Maria André Schunck Dona,Cursando,,,,,Agata,6.615766239,,,,,,,4.0,8.5,6.2,7.5,4.3,6.0,10.0,7.2,4.0,4.5,,,,Fase 2 (5° e 6° ano),0.0,,,,,1,0.580346213190207,58.03
RA-1480,2024,2K,2K,Aluno-1480,2011.0,2011-12-31,12.0,Masculino,2024.0,Pública,EM Alfredo Schunk,Cursando,,,,,Ametista,7.09445,,,,,,,4.0,8.5,8.9,7.5,5.5,7.0,5.0,7.2,,5.5,,,,Fase 3 (7° e 8° ano),-1.0,,,,,1,0.6535788180269533,65.36
RA-438,2024,2K,2K,Aluno-438,2012.0,2012-11-03,12.0,Masculino,2022.0,Pública,EE Maria André Schunck Dona,Cursando,,,Ametista,Agata,Ametista,7.930283696,7.764,6.9883,,,,,4.0,9.2,8.7,7.5,8.3,7.9,5.0,8.0,7.0,9.5,,,,Fase 3 (7° e 8° ano),-1.0,,,,,0,0.494236460618721,49.42
RA-607,2024,2K,2K,Aluno-607,2012.0,2012-08-17,12.0,Masculino,2022.0,Pública,EE Helio Luiz Dobrochinski Prof,Cursando,,,Ágata,Ametista,Ametista,7.648602174,6.44,7.333075,,,,,4.0,8.5,7.5,7.5,7.0,7.2,10.0,7.2,7.0,7.0,,,,Fase 2 (5° e 6° ano),0.0,,,,,1,0.5312196404852976,53.12
RA-1481,2024,2K,2K,Aluno-1481,2012.0,2012-10-02,12.0,Feminino,2024.0,Pública,EM Cecilia Cristina de Oliveira Rodrigues,Cursando,,,,,Agata,6.860721739,,,,,,,4.0,8.5,8.8,7.5,4.8,6.8,5.0,6.9,4.0,5.5,,,,Fase 3 (7° e 8° ano),-1.0,,,,,1,0.6443914848724384,64.44
RA-1482,2024,2K,2K,Aluno-1482,2010.0,2010-05-11,14.0,Masculino,2024.0,Pública,EM Cecilia Cristina de Oliveira Rodrigues,Cursando,,,,,Quartzo,5.2257,,,,,,,4.0,8.5,5.0,7.5,0.0,6.9,5.0,7.5,0.0,0.0,,,,Fase 3 (7° e 8° ano),-1.0,,,,,1,0.6823065973657245,68.23
RA-1483,2024,2K,2K,Aluno-1483,2013.0,2013-03-09,11.0,Masculino,2024.0,Pública,EE Jardim Campestre,Cursando,,,,,Ametista,7.311433696,,,,,,,4.0,9.5,7.9,7.5,6.5,5.7,10.0,5.8,6.0,7.0,,,,Fase 2 (5° e 6° ano),0.0,,,,,1,0.5351210762225311,53.51
RA-1484,2024,2L,2L,Aluno-1484,2010.0,2010-06-08,14.0,Feminino,2024.0,Pública,EE Maria André Schunck Dona,Cursando,,,,,Ametista,7.7542,,,,,,,3.0,9.0,10.0,6.3,7.0,7.9,5.0,7.5,5.0,9.0,,,,Fase 3 (7° e 8° ano),-1.0,,,,,1,0.5888563659167552,58.89
RA-1485,2024,2L,2L,Aluno-1485,2011.0,2011-04-04,13.0,Masculino,2024.0,Pública,EM Cecilia Cristina de Oliveira Rodrigues,Cursando,,,,,Agata,6.738687578,,,,,,,3.0,9.0,7.7,5.6,5.0,7.4,5.0,7.5,5.0,5.0,,,,Fase 3 (7° e 8° ano),-1.0,,,,,1,0.5722119906078941,57.22
RA-1486,2024,2L,2L,Aluno-1486,2013.0,2013-06-26,11.0,Masculino,2024.0,Pública,EE Maria André Schunck Dona,Cursando,,,,,Agata,6.86547451,,,,,,,3.0,8.0,5.4,6.3,5.8,7.1,10.0,7.9,6.0,5.5,,,,Fase 2 (5° e 6° ano),0.0,,,,,1,0.6061844934286528,60.62
RA-597,2024,2L,2L,Aluno-597,2013.0,2013-02-21,11.0,Masculino,2022.0,Pública,EE Maria André Schunck Dona,Cursando,,,Topázio,Topázio,Ametista,7.843291097,8.265,8.49045,,,,,3.0,9.0,9.3,7.5,6.0,6.9,10.0,7.5,5.0,7.0,,,,Fase 2 (5° e 6° ano),0.0,,,,,0,0.15318573325068466,15.32
RA-624,2024,2L,2L,Aluno-624,2012.0,2012-02-08,12.0,Masculino,2022.0,Pública,EM Cecilia Cristina de Oliveira Rodrigues,Cursando,,,Ametista,Topázio,Ametista,7.229425673,7.425,8.270825,,,,,3.0,8.0,8.2,7.5,4.0,7.2,10.0,7.9,8.0,0.0,,,,Fase 2 (5° e 6° ano),0.0,,,,,0,0.22433194748147364,22.43
RA-1487,2024,2L,2L,Aluno-1487,2011.0,2011-08-26,13.0,Feminino,2024.0,Pública,EE Maria André Schunck Dona,Cursando,,,,,Topázio,8.026743478,,,,,,,3.0,10.0,9.6,6.3,8.3,7.8,5.0,7.7,7.0,9.5,,,,Fase 3 (7° e 8° ano),-1.0,,,,,1,0.5813337887596548,58.13
RA-1488,2024,2L,2L,Aluno-1488,2013.0,2013-03-01,11.0,Feminino,2024.0,Pública,EE Maria André Schunck Dona,Cursando,,,,,Agata,6.766893582,,,,,,,3.0,8.0,7.1,7.5,3.5,6.7,10.0,7.5,7.0,0.0,,,,Fase 2 (5° e 6° ano),0.0,,,,,0,0.4531844203586811,45.32
RA-1489,2024,2L,2L,Aluno-1489,2012.0,2012-04-05,12.0,Masculino,2024.0,Pública,EE Maria André Schunck Dona,Cursando,,,,,Quartzo,5.984228986,,,,,,,3.0,9.0,5.8,6.3,5.0,5.7,5.0,6.7,5.0,5.0,,,,Fase 3 (7° e 8° ano),-1.0,,,,,1,0.6722526791014178,67.23
RA-600,2024,2L,2L,Aluno-600,2013.0,2013-03-15,11.0,Feminino,2021.0,Pública,EM Cecilia Cristina de Oliveira Rodrigues,Cursando,,Ametista,Ágata,Ametista,Ametista,7.847373913,7.011,7.651658333,,,,,3.0,8.0,8.0,7.5,7.5,7.2,10.0,7.5,8.0,7.0,,,,Fase 2 (5° e 6° ano),0.0,,,,,0,0.339376651258329,33.94
RA-663,2024,2L,2L,Aluno-663,2012.0,2012-02-17,12.0,Masculino,2022.0,Pública,EE Maria André Schunck Dona,Cursando,,,Ágata,Agata,Agata,6.696419462,6.376,6.969133333,,,,,3.0,8.5,7.1,5.6,6.5,6.9,5.0,6.9,6.0,7.0,,,,Fase 3 (7° e 8° ano),-1.0,,,,,1,0.8528747088719537,85.29
RA-1490,2024,2L,2L,Aluno-1490,2012.0,2012-04-04,12.0,Feminino,2024.0,Privada,Rede Decisão - Unidade União,Cursando,,,,,Ametista,7.372576812,,,,,,,3.0,8.5,9.6,6.3,7.8,6.3,5.0,6.7,8.0,7.5,,,,Fase 3 (7° e 8° ano),-1.0,,,,,1,0.7241443795373453,72.41
RA-1491,2024,2L,2L,Aluno-1491,2012.0,2012-07-13,12.0,Masculino,2024.0,Pública,EE Maria André Schunck Dona,Cursando,,,,,Ametista,7.5072,,,,,,,3.0,9.0,6.3,7.5,6.5,7.8,10.0,7.5,6.0,7.0,,,,Fase 2 (5° e 6° ano),0.0,,,,,1,0.509516064713406,50.95
RA-1066,2024,2L,2L,Aluno-1066,2013.0,2013-09-16,11.0,Feminino,2023.0,Pública,EM Cecilia Cristina de Oliveira Rodrigues,Cursando,,,,Ametista,Ametista,7.93262236,,7.262616667,,,,,3.0,9.5,8.4,6.3,7.3,7.4,10.0,7.5,7.0,7.5,,,,Fase 2 (5° e 6° ano),0.0,,,,,0,0.4749929704240577,47.5
RA-630,2024,2L,2L,Aluno-630,2013.0,2013-04-22,11.0,Masculino,2022.0,Pública,EE Maria André Schunck Dona,Cursando,,,Topázio,Ametista,Agata,6.879985507,8.064,7.199991667,,,,,3.0,0.0,8.5,7.5,5.8,7.7,10.0,7.5,6.0,5.5,,,,Fase 2 (5° e 6° ano),0.0,,,,,0,0.2178306179703169,21.78
RA-1492,2024,2L,2L,Aluno-1492,2014.0,2014-11-27,9.0,Masculino,2024.0,Pública,EE Helio Luiz Dobrochinski Prof,Cursando,,,,,Topázio,8.479020513,,,,,,,3.0,8.0,8.8,7.5,8.0,8.5,10.0,8.8,6.0,10.0,,,,Fase 1 (3° e 4° ano),1.0,,,,,0,0.4171386332513155,41.71
RA-834,2024,2L,2L,Aluno-834,2013.0,2013-10-01,11.0,Masculino,2022.0,Pública,EE Maria André Schunck Dona,Cursando,,,Topázio,Topázio,Topázio,8.51364617,8.136,8.662616667,,,,,3.0,8.0,9.1,6.3,8.8,8.7,10.0,7.7,9.0,8.5,,,,Fase 2 (5° e 6° ano),0.0,,,,,0,0.14811863643775128,14.81
RA-784,2024,2M,2M,Aluno-784,2013.0,2013-04-24,11.0,Feminino,2022.0,Privada - Programa de Apadrinhamento,Colégio Arco Íris Evolução,Cursando,,,Topázio,Topázio,Topázio,8.885745455,8.34,8.171366667,,,,,3.0,8.0,9.8,5.6,8.8,9.4,10.0,9.4,8.0,9.5,,,,Fase 2 (5° e 6° ano),0.0,,,,,0,0.0982794489333089,9.83
RA-1059,2024,2M,2M,Aluno-1059,2013.0,2013-06-07,11.0,Masculino,2023.0,Pública,EE Helio Luiz Dobrochinski Prof,Cursando,,,,Ametista,Topázio,8.67845,,7.763741667,,,,,3.0,8.0,10.0,6.3,7.5,9.2,10.0,9.1,7.5,7.5,,,,Fase 2 (5° e 6° ano),0.0,,,,,0,0.2604762089243797,26.05
RA-612,2024,2M,2M,Aluno-612,2012.0,2012-08-24,12.0,Feminino,2021.0,Privada - Programa de Apadrinhamento,Colégio Arco Íris Evolução,Cursando,,Topázio,Ametista,Topázio,Topázio,9.134040909,7.594,8.410783333,,,,,3.0,8.0,9.5,6.3,9.8,9.4,10.0,9.7,9.5,10.0,,,,Fase 2 (5° e 6° ano),0.0,,,,,0,0.23840673294791492,23.84
RA-1060,2024,2M,2M,Aluno-1060,2012.0,2012-06-11,12.0,Masculino,2023.0,Pública,EE Donizetti Aparecido Leite Professor,Cursando,,,,Ametista,Agata,6.448416667,,7.095741667,,,,,3.0,9.6,6.0,6.3,3.3,6.2,10.0,7.8,3.5,3.0,,,,Fase 2 (5° e 6° ano),0.0,,,,,1,0.6061669796498439,60.62
RA-761,2024,2M,2M,Aluno-761,2013.0,2013-01-23,11.0,Masculino,2022.0,Pública,EE Donizetti Aparecido Leite Professor,Cursando,,,Topázio,Topázio,Topázio,8.174593939,8.06,8.219533333,,,,,3.0,8.5,8.9,6.3,7.3,8.0,10.0,8.8,8.0,6.5,,,,Fase 2 (5° e 6° ano),0.0,,,,,0,0.12941712842418193,12.94
RA-1493,2024,2M,2M,Aluno-1493,2012.0,2012-12-03,12.0,Masculino,2024.0,Pública,EE Donizetti Aparecido Leite Professor,Cursando,,,,,Agata,6.378661324,,,,,,,3.0,8.5,7.8,7.5,4.0,5.9,5.0,7.2,3.5,4.5,,,,Fase 3 (7° e 8° ano),-1.0,,,,,1,0.6019217691008779,60.19
RA-665,2024,2M,2M,Aluno-665,2011.0,2011-07-12,12.0,Feminino,2022.0,Pública,EE Donizetti Aparecido Leite Professor,Cursando,,,Ágata,Agata,Quartzo,5.69870303,6.996,6.185658333,,,,,3.0,8.3,5.1,5.6,4.8,5.4,5.0,7.5,3.0,6.5,,,,Fase 3 (7° e 8° ano),-1.0,,,,,1,0.6578481592809068,65.78
RA-1115,2024,2M,2M,Aluno-1115,2012.0,2012-10-10,12.0,Feminino,2023.0,Pública,EE Donizetti Aparecido Leite Professor,Cursando,,,,Agata,Agata,6.570068687,,6.474,,,,,3.0,8.0,4.3,7.5,6.3,5.8,10.0,7.5,6.5,6.0,,,,Fase 2 (5° e 6° ano),0.0,,,,,1,0.5101180963314547,51.01
RA-1061,2024,2M,2M,Aluno-1061,2013.0,2013-07-25,11.0,Masculino,2023.0,Pública,EE Helio Luiz Dobrochinski Prof,Cursando,,,,Topázio,Topázio,8.76595,,8.196533333,,,,,3.0,8.5,10.0,6.3,8.5,8.7,10.0,8.4,7.0,10.0,,,,Fase 2 (5° e 6° ano),0.0,,,,,0,0.20588859947044635,20.59
RA-1494,2024,2M,2M,Aluno-1494,2013.0,2013-06-03,11.0,Feminino,2024.0,Pública,EE Donizetti Aparecido Leite Professor,Cursando,,,,,Quartzo,5.874882353,,,,,,,3.0,0.0,6.8,7.5,4.3,5.8,10.0,7.5,8.5,0.0,,,,Fase 2 (5° e 6° ano),0.0,,,,,0,0.4350459658115394,43.5
RA-1495,2024,2M,2M,Aluno-1495,2013.0,2013-09-19,11.0,Feminino,2021.0,Pública,EE Helio Luiz Dobrochinski Prof,Cursando,,,,,Topázio,8.48450303,,,,,,,3.0,9.0,8.3,7.5,8.3,8.2,10.0,8.8,8.5,8.0,,,,Fase 2 (5° e 6° ano),0.0,,,,,0,0.49296399937952595,49.3
RA-606,2024,2M,2M,Aluno-606,2012.0,2012-12-18,11.0,Masculino,2022.0,Pública,EE Donizetti Aparecido Leite Professor,Cursando,,,Ágata,Ametista,Agata,6.645260606,6.127,7.402491667,,,,,3.0,8.5,7.6,6.9,3.3,5.6,10.0,8.1,3.5,3.0,,,,Fase 2 (5° e 6° ano),0.0,,,,,1,0.6712580732359954,67.13
RA-594,2024,2M,2M,Aluno-594,2012.0,2012-08-28,12.0,Masculino,2022.0,Pública,EE Donizetti Aparecido Leite Professor,Cursando,,,Ametista,Agata,Agata,6.890966667,7.392,6.702033333,,,,,3.0,6.9,5.8,6.3,7.0,6.1,10.0,8.1,6.5,7.5,,,,Fase 2 (5° e 6° ano),0.0,,,,,0,0.45225868551157594,45.23
RA-1496,2024,2M,2M,Aluno-1496,2012.0,2012-09-21,12.0,Feminino,2024.0,Pública,EE Maria André Schunck Dona,Cursando,,,,,Agata,6.77997381,,,,,,,3.0,9.0,5.7,7.5,4.3,6.8,10.0,7.8,2.5,6.0,,,,Fase 2 (5° e 6° ano),0.0,,,,,0,0.4992469533437609,49.92
RA-1497,2024,2M,2M,Aluno-1497,2012.0,2012-05-18,12.0,Feminino,2024.0,Pública,EE Donizetti Aparecido Leite Professor,Cursando,,,,,Quartzo,5.242378788,,,,,,,3.0,0.0,5.0,7.5,2.0,7.0,10.0,6.9,4.0,0.0,,,,Fase 2 (5° e 6° ano),0.0,,,,,1,0.53377156214459,53.38
RA-1498,2024,2M,2M,Aluno-1498,2011.0,2011-08-15,13.0,Feminino,2024.0,Pública,EE Donizetti Aparecido Leite Professor,Cursando,,,,,Ametista,7.147881818,,,,,,,3.0,8.5,7.8,7.5,7.0,6.3,5.0,8.1,5.0,9.0,,,,Fase 3 (7° e 8° ano),-1.0,,,,,1,0.6006392935250593,60.06
RA-1499,2024,2N,2N,Aluno-1499,2012.0,2012-03-11,12.0,Feminino,2024.0,Pública,EE Donizetti Aparecido Leite Professor,Cursando,,,,,Ametista,7.9148,,,,,,,3.0,8.4,9.3,6.9,6.5,7.1,10.0,8.1,6.0,7.0,,,,Fase 2 (5° e 6° ano),0.0,,,,,1,0.5329131237097053,53.29
RA-788,2024,2N,2N,Aluno-788,2014.0,2014-11-03,10.0,Masculino,2021.0,Privada - Programa de Apadrinhamento,Colégio Arco Íris Evolução,Cursando,,Topázio,Topázio,Ametista,Ametista,7.922106827,8.264,7.806091667,,,,,3.0,8.4,9.5,6.3,5.8,7.8,10.0,8.4,4.0,7.5,,,,Fase 2 (5° e 6° ano),0.0,,,,,0,0.09382400577052674,9.38
RA-1500,2024,2N,2N,Aluno-1500,2013.0,2013-04-22,11.0,Masculino,2024.0,Pública,EE Donizetti Aparecido Leite Professor,Cursando,,,,,Ametista,7.36045,,,,,,,3.0,9.5,8.3,6.9,3.5,7.6,10.0,8.4,2.0,5.0,,,,Fase 2 (5° e 6° ano),0.0,,,,,0,0.41174227778509215,41.17
RA-777,2024,2N,2N,Aluno-777,2014.0,2014-07-05,10.0,Feminino,2022.0,Pública,EE Helio Luiz Dobrochinski Prof,Cursando,,,Ametista,Ametista,Ametista,7.563515408,7.096,7.468125,,,,,3.0,8.0,8.8,7.5,4.5,7.7,10.0,8.1,3.5,5.5,,,,Fase 2 (5° e 6° ano),0.0,,,,,0,0.3678668935752183,36.79
RA-1063,2024,2N,2N,Aluno-1063,2012.0,2012-04-02,12.0,Masculino,2023.0,Pública,EE Donizetti Aparecido Leite Professor,Cursando,,,,Ametista,Ametista,7.27925,,7.490825,,,,,3.0,5.3,9.8,7.5,7.8,6.1,5.0,7.8,9.0,6.5,,,,Fase 3 (7° e 8° ano),-1.0,,,,,1,0.6897201963556441,68.97
RA-664,2024,2N,2N,Aluno-664,2012.0,2012-08-29,12.0,Feminino,2022.0,Pública,EE Donizetti Aparecido Leite Professor,Cursando,,,Ametista,Topázio,Ametista,7.501724409,7.277,8.0872,,,,,3.0,9.0,6.8,7.5,5.8,7.7,10.0,8.1,3.0,8.5,,,,Fase 2 (5° e 6° ano),0.0,,,,,0,0.20891657870978497,20.89
RA-1501,2024,2N,2N,Aluno-1501,2013.0,2013-04-05,11.0,Feminino,2024.0,Pública,EE Donizetti Aparecido Leite Professor,Cursando,,,,,Topázio,8.04495,,,,,,,3.0,9.5,10.0,7.5,5.0,7.5,10.0,8.4,4.5,5.5,,,,Fase 2 (5° e 6° ano),0.0,,,,,0,0.3754684464445504,37.55
RA-764,2024,2N,2N,Aluno-764,2014.0,2014-04-01,10.0,Masculino,2022.0,Privada,Colégio Franciscano Santa Clara,Cursando,,,Ametista,Ametista,Ametista,7.83837029,8.004,7.682125,,,,,3.0,8.0,7.9,7.5,6.0,8.3,10.0,8.4,3.0,9.0,,,,Fase 2 (5° e 6° ano),0.0,,,,,0,0.11676868015783759,11.68
RA-1064,2024,2N,2N,Aluno-1064,2013.0,2013-08-31,11.0,Masculino,2023.0,Pública,EE Helio Luiz Dobrochinski Prof,Cursando,,,,Topázio,Topázio,8.980235088,,8.4777,,,,,3.0,9.5,9.7,7.5,8.5,8.8,10.0,8.8,8.0,9.0,,,,Fase 2 (5° e 6° ano),0.0,,,,,0,0.23019084518518398,23.02
RA-1065,2024,2N,2N,Aluno-1065,2013.0,2013-02-07,11.0,Feminino,2023.0,Pública,EE Helio Luiz Dobrochinski Prof,Cursando,,,,Topázio,Topázio,8.863493478,,8.03395,,,,,3.0,9.5,8.8,6.3,9.3,8.8,10.0,9.1,9.0,9.5,,,,Fase 2 (5° e 6° ano),0.0,,,,,0,0.2094936872749938,20.95
RA-1502,2024,2N,2N,Aluno-1502,2012.0,2012-06-23,12.0,Feminino,2024.0,Pública,EE Donizetti Aparecido Leite Professor,Cursando,,,,,Agata,6.886091026,,,,,,,3.0,8.0,7.6,7.5,5.3,7.4,5.0,7.8,3.5,7.0,,,,Fase 3 (7° e 8° ano),-1.0,,,,,1,0.653999096214703,65.4
RA-781,2024,2N,2N,Aluno-781,2013.0,2013-09-19,11.0,Feminino,2021.0,Pública,EE Helio Luiz Dobrochinski Prof,Cursando,,Topázio,Ametista,Topázio,Topázio,8.496283333,7.786,8.209283333,,,,,3.0,8.0,9.8,7.5,7.3,8.5,10.0,8.4,5.0,9.5,,,,Fase 2 (5° e 6° ano),0.0,,,,,0,0.10978612834885469,10.98
RA-608,2024,2N,2N,Aluno-608,2012.0,2012-12-20,11.0,Masculino,2022.0,Pública,EE Donizetti Aparecido Leite Professor,Cursando,,,Ametista,Ametista,Quartzo,5.778986232,7.216,7.401741667,,,,,3.0,9.0,3.1,6.9,4.3,5.1,10.0,7.2,5.0,3.5,,,,Fase 2 (5° e 6° ano),0.0,,,,,0,0.3762273917261195,37.62
RA-796,2024,2P,2P,Aluno-796,2012.0,2012-06-25,12.0,Feminino,2022.0,Pública,EE Donizetti Aparecido Leite Professor,Cursando,,,Ametista,Ametista,Ametista,7.052457703,7.232,7.462866667,,,,,3.0,8.5,8.2,7.5,5.3,7.3,5.0,7.9,3.0,7.5,,,,Fase 3 (7° e 8° ano),-1.0,,,,,1,0.6311670975692705,63.12
RA-797,2024,2P,2P,Aluno-797,2012.0,2012-01-24,12.0,Masculino,2021.0,Pública,EE Donizetti Aparecido Leite Professor,Cursando,,Ágata,Ametista,Ametista,Agata,6.597315152,7.217,7.373033333,,,,,3.0,9.2,4.8,7.5,7.3,6.7,5.0,6.7,8.0,6.5,,,,Fase 3 (7° e 8° ano),-1.0,,,,,1,0.7013084187298858,70.13
RA-636,2024,2P,2P,Aluno-636,2012.0,2012-09-28,12.0,Masculino,2022.0,Pública,EE Donizetti Aparecido Leite Professor,Cursando,,,Ametista,Agata,Agata,6.380227911,7.189,6.836666667,,,,,3.0,8.0,4.9,7.5,5.3,5.6,10.0,6.9,4.0,6.5,,,,Fase 2 (5° e 6° ano),0.0,,,,,0,0.4898959983038506,48.99
RA-1140,2024,2P,2P,Aluno-1140,2012.0,2012-08-28,12.0,Feminino,2023.0,Pública,EE Donizetti Aparecido Leite Professor,Cursando,,,,Ametista,Ametista,7.347388038,,7.703533333,,,,,3.0,6.8,6.1,7.5,7.0,7.4,10.0,8.1,4.5,9.5,,,,Fase 2 (5° e 6° ano),0.0,,,,,0,0.22103558057141917,22.1
RA-1503,2024,2P,2P,Aluno-1503,2011.0,2011-05-25,13.0,Feminino,2024.0,Pública,EE Donizetti Aparecido Leite Professor,Cursando,,,,,Agata,6.9917,,,,,,,3.0,7.5,10.0,7.5,2.8,7.7,5.0,9.0,3.0,2.5,,,,Fase 3 (7° e 8° ano),-1.0,,,,,1,0.5664818552384697,56.65
RA-814,2024,2P,2P,Aluno-814,2013.0,2013-05-29,11.0,Masculino,2022.0,Pública,EE Donizetti Aparecido Leite Professor,Cursando,,,Ametista,Topázio,Ametista,7.971648485,7.592,8.367866667,,,,,3.0,7.4,9.1,7.5,7.5,7.1,10.0,7.5,8.0,7.0,,,,Fase 2 (5° e 6° ano),0.0,,,,,0,0.2803056796749519,28.03
RA-637,2024,2P,2P,Aluno-637,2012.0,2012-09-22,12.0,Feminino,2021.0,Pública,EE Donizetti Aparecido Leite Professor,Cursando,,Topázio,Ametista,Topázio,Ametista,7.685321212,7.039,8.109533333,,,,,3.0,7.5,6.2,7.5,7.8,7.8,10.0,8.3,6.5,9.0,,,,Fase 2 (5° e 6° ano),0.0,,,,,0,0.30427904398908046,30.43
RA-652,2024,2P,2P,Aluno-652,2013.0,2013-02-06,11.0,Feminino,2022.0,Pública,EE Donizetti Aparecido Leite Professor,Cursando,,,Topázio,Ametista,Ametista,7.36189697,8.151,7.871033333,,,,,3.0,8.0,6.9,7.5,5.5,7.7,10.0,7.9,4.5,6.5,,,,Fase 2 (5° e 6° ano),0.0,,,,,0,0.07076619037494618,7.08
RA-816,2024,2P,2P,Aluno-816,2013.0,2013-04-05,11.0,Feminino,2022.0,Privada - Programa de Apadrinhamento,Colégio Arco Íris Evolução,Cursando,,,Topázio,Topázio,Topázio,8.929745455,8.513,8.5572,,,,,3.0,7.0,9.8,7.5,9.3,8.8,10.0,9.2,8.5,10.0,,,,Fase 2 (5° e 6° ano),0.0,,,,,0,0.10777176099427731,10.78
RA-1504,2024,2P,2P,Aluno-1504,2012.0,2012-06-26,12.0,Feminino,2024.0,Pública,EE Donizetti Aparecido Leite Professor,Cursando,,,,,Agata,6.057060606,,,,,,,3.0,7.5,4.6,5.6,6.8,6.9,5.0,5.8,5.0,8.5,,,,Fase 3 (7° e 8° ano),-1.0,,,,,1,0.7345741312613512,73.46
RA-638,2024,2P,2P,Aluno-638,2013.0,2013-05-01,11.0,Feminino,2021.0,Pública,EE Donizetti Aparecido Leite Professor,Cursando,Topázio,Ametista,Ametista,Ametista,Agata,6.746487879,7.059,7.754866667,,,,,3.0,8.5,5.7,7.5,5.0,5.9,10.0,8.1,4.0,6.0,,,,Fase 2 (5° e 6° ano),0.0,,,,,0,0.18643141254960566,18.64
RA-1505,2024,2P,2P,Aluno-1505,2011.0,2011-08-07,13.0,Masculino,2024.0,Pública,EE Donizetti Aparecido Leite Professor,Cursando,,,,,Agata,6.719917172,,,,,,,3.0,9.5,7.5,7.5,3.8,6.9,5.0,8.8,3.0,4.5,,,,Fase 3 (7° e 8° ano),-1.0,,,,,1,0.5999359278883859,59.99
RA-643,2024,2P,2P,Aluno-643,2012.0,2012-04-04,12.0,Masculino,2022.0,Pública,EE Donizetti Aparecido Leite Professor,Cursando,,,Ágata,Ametista,Agata,6.402239075,6.763,7.389033333,,,,,3.0,9.0,6.9,7.5,4.5,5.8,5.0,8.1,3.0,6.0,,,,Fase 3 (7° e 8° ano),-1.0,,,,,1,0.6095516181814397,60.96
RA-645,2024,2P,2P,Aluno-645,2012.0,2012-10-25,12.0,Feminino,2022.0,Pública,EE Donizetti Aparecido Leite Professor,Cursando,,,Ágata,Ametista,Ametista,7.502239394,6.086,7.613033333,,,,,3.0,7.4,8.4,7.5,5.3,7.6,10.0,7.7,3.0,7.5,,,,Fase 2 (5° e 6° ano),0.0,,,,,0,0.333698540808619,33.37
RA-1068,2024,2R,2R,Aluno-1068,2013.0,2013-03-01,11.0,Masculino,2023.0,Pública,EE Maria André Schunck Dona,Cursando,,,,Topázio,Topázio,9.01500303,,8.472533333,,,,,3.0,9.5,9.1,7.5,9.5,8.7,10.0,8.5,9.0,10.0,,,,Fase 2 (5° e 6° ano),0.0,,,,,0,0.19863165857653697,19.86
RA-798,2024,2R,2R,Aluno-798,2012.0,2012-03-01,12.0,Masculino,2022.0,Pública,EE Maria André Schunck Dona,Cursando,,,Ametista,Ametista,Quartzo,4.674365368,7.049,7.018033333,,,,,3.0,6.8,3.5,7.5,4.8,2.9,5.0,5.0,4.0,5.5,,,,Fase 3 (7° e 8° ano),-1.0,,,,,1,0.715181761611731,71.52
RA-799,2024,2R,2R,Aluno-799,2012.0,2012-06-12,11.0,Feminino,2022.0,Pública,EE Maria André Schunck Dona,Cursando,,,Ametista,Topázio,Ametista,7.702648485,7.676,8.061533333,,,,,3.0,7.9,9.1,7.5,5.3,7.5,10.0,7.9,5.0,5.5,,,,Fase 2 (5° e 6° ano),0.0,,,,,0,0.14573980359794872,14.57
RA-1506,2024,2R,2R,Aluno-1506,2013.0,2013-01-08,11.0,Feminino,2024.0,Pública,EE Helio Luiz Dobrochinski Prof,Cursando,,,,,Ametista,7.151855844,,,,,,,3.0,8.0,8.4,7.5,3.5,7.9,10.0,6.5,0.0,7.0,,,,Fase 2 (5° e 6° ano),0.0,,,,,1,0.6460278796003032,64.6
RA-802,2024,2R,2R,Aluno-802,2013.0,2013-03-20,11.0,Masculino,2021.0,Pública,EE Maria André Schunck Dona,Cursando,,Ametista,Ametista,Topázio,Ametista,7.831797403,7.831,8.126866667,,,,,3.0,7.5,7.0,7.5,8.8,6.7,10.0,8.3,9.0,8.5,,,,Fase 2 (5° e 6° ano),0.0,,,,,0,0.259208232982146,25.92
RA-1507,2024,2R,2R,Aluno-1507,2012.0,2012-11-04,12.0,Masculino,2024.0,Pública,EE Maria André Schunck Dona,Cursando,,,,,Quartzo,5.046077056,,,,,,,3.0,6.9,4.4,7.5,5.0,3.8,5.0,4.6,5.0,5.0,,,,Fase 3 (7° e 8° ano),-1.0,,,,,1,0.7595803531169689,75.96
RA-1071,2024,2R,2R,Aluno-1071,2012.0,2012-04-25,12.0,Masculino,2023.0,Pública,EE Maria André Schunck Dona,Cursando,,,,Agata,Quartzo,4.804862338,,6.414033333,,,,,3.0,8.0,4.2,7.5,4.5,3.0,5.0,4.2,4.0,5.0,,,,Fase 3 (7° e 8° ano),-1.0,,,,,1,0.7510678903033368,75.11
RA-1508,2024,2R,2R,Aluno-1508,2013.0,2013-12-17,10.0,Feminino,2024.0,Pública,EE Helio Luiz Dobrochinski Prof,Cursando,,,,,Topázio,8.180420779,,,,,,,3.0,7.5,7.2,7.5,9.3,8.2,10.0,7.5,10.0,8.5,,,,Fase 2 (5° e 6° ano),0.0,,,,,1,0.7251820303241524,72.52
RA-1509,2024,2R,2R,Aluno-1509,2013.0,2013-05-26,11.0,Masculino,2024.0,Pública,EE Maria André Schunck Dona,Cursando,,,,,Ametista,7.560230303,,,,,,,3.0,8.5,6.5,7.5,7.5,7.4,10.0,6.7,7.0,8.0,,,,Fase 2 (5° e 6° ano),0.0,,,,,0,0.4771030881323703,47.71
RA-1510,2024,2R,2R,Aluno-1510,2013.0,2013-10-02,11.0,Feminino,2024.0,Pública,EE Maria André Schunck Dona,Cursando,,,,,Topázio,9.464745454,,,,,,,3.0,10.0,9.8,7.5,10.0,9.0,10.0,9.6,10.0,10.0,,,,Fase 2 (5° e 6° ano),0.0,,,,,0,0.27414487654674696,27.41
RA-785,2024,2U,2U,Aluno-785,2013.0,2013-07-19,11.0,Feminino,2022.0,Pública,EE Helio Luiz Dobrochinski Prof,Cursando,,,Ametista,Topázio,Topázio,9.154866667,7.642,8.137866667,,,,,3.0,9.5,10.0,7.5,9.0,8.9,10.0,8.8,8.0,10.0,,,,Fase 2 (5° e 6° ano),0.0,,,,,0,0.1856571832831898,18.57
RA-1511,2024,2U,2U,Aluno-1511,2013.0,2013-03-10,11.0,Feminino,2024.0,Pública,EE Helio Luiz Dobrochinski Prof,Cursando,,,,,Topázio,8.921707764,,,,,,,3.0,10.0,9.3,7.5,8.8,8.6,10.0,8.4,8.0,9.5,,,,Fase 2 (5° e 6° ano),0.0,,,,,0,0.402203413868136,40.22
RA-752,2024,2U,2U,Aluno-752,2011.0,2011-11-28,12.0,Feminino,2022.0,Pública,EE Donizetti Aparecido Leite Professor,Cursando,,,Topázio,Topázio,Agata,6.57279265,8.197,8.073825,,,,,3.0,9.5,7.5,7.5,5.8,5.6,5.0,5.9,7.0,4.5,,,,Fase 3 (7° e 8° ano),-1.0,,,,,0,0.4938517926196522,49.39
RA-790,2024,2U,2U,Aluno-790,2011.0,2011-08-10,13.0,Masculino,2022.0,Pública,EM Cecilia Cristina de Oliveira Rodrigues,Cursando,,,Ametista,Agata,Agata,6.808935507,7.504,6.707666667,,,,,3.0,7.5,6.8,7.5,6.8,6.9,5.0,7.2,4.0,9.5,,,,Fase 3 (7° e 8° ano),-1.0,,,,,1,0.672439158264252,67.24
RA-590,2024,2U,2U,Aluno-590,2012.0,2012-05-29,12.0,Feminino,2021.0,Privada,Colégio Nogueira e Sonho de Criança,Cursando,Ametista,Ágata,Ametista,Ametista,Agata,6.712378054,7.435,7.647666667,,,,,3.0,8.0,8.5,6.3,4.0,7.7,5.0,7.5,8.0,0.0,,,,Fase 3 (7° e 8° ano),-1.0,,,,,0,0.35157131545130565,35.16
RA-1512,2024,2U,2U,Aluno-1512,2014.0,2014-09-06,10.0,Feminino,2024.0,Pública,EE Helio Luiz Dobrochinski Prof,Cursando,,,,,Topázio,8.10445,,,,,,,3.0,9.5,10.0,7.5,5.5,7.6,10.0,7.8,7.0,4.0,,,,Fase 2 (5° e 6° ano),0.0,,,,,0,0.4308036947152736,43.08
RA-472,2024,2U,2U,Aluno-472,2010.0,2010-08-09,14.0,Feminino,2022.0,Pública,EM Cecilia Cristina de Oliveira Rodrigues,Cursando,,,Quartzo,Agata,Agata,6.639761077,5.93,6.6858,,,,,3.0,7.5,7.5,7.5,6.3,6.3,5.0,6.3,4.0,8.5,,,,Fase 3 (7° e 8° ano),-1.0,,,,,1,0.8372545874377473,83.73
RA-628,2024,2U,2U,Aluno-628,2011.0,2011-10-22,13.0,Masculino,2022.0,Pública,EM Alfredo Schunk,Cursando,,,Ametista,Topázio,Topázio,8.236616667,7.577,8.370325,,,,,3.0,9.0,10.0,7.5,9.0,7.8,5.0,7.2,8.0,10.0,,,,Fase 3 (7° e 8° ano),-1.0,,,,,0,0.4052480060411142,40.52
RA-1513,2024,2U,2U,Aluno-1513,2012.0,2012-06-13,12.0,Feminino,2024.0,Pública,EE Maria André Schunck Dona,Cursando,,,,,Agata,6.550917172,,,,,,,3.0,8.5,7.5,7.5,3.8,7.2,5.0,7.5,4.0,3.5,,,,Fase 3 (7° e 8° ano),-1.0,,,,,1,0.6485894241261534,64.86
RA-1514,2024,2U,2U,Aluno-1514,2012.0,2012-10-26,12.0,Feminino,2024.0,Pública,EM Cecilia Cristina de Oliveira Rodrigues,Cursando,,,,,Ametista,7.520576263,,,,,,,3.0,9.0,8.0,7.5,5.5,7.3,10.0,7.2,5.0,6.0,,,,Fase 2 (5° e 6° ano),0.0,,,,,1,0.5122230663585493,51.22
RA-629,2024,2U,2U,Aluno-629,2013.0,2013-03-21,11.0,Feminino,2022.0,Pública,EM Cecilia Cristina de Oliveira Rodrigues,Cursando,,,Topázio,Topázio,Topázio,8.061295238,8.11,8.013866667,,,,,3.0,10.0,9.5,7.5,6.0,7.3,10.0,7.5,6.0,6.0,,,,Fase 2 (5° e 6° ano),0.0,,,,,0,0.16374712434502914,16.37
RA-832,2024,2U,2U,Aluno-832,2013.0,2013-07-21,11.0,Masculino,2022.0,Pública,EE Helio Luiz Dobrochinski Prof,Cursando,,,Topázio,Topázio,Topázio,8.240330435,8.179,8.2697,,,,,3.0,9.0,8.7,7.5,8.0,7.5,10.0,7.5,7.0,9.0,,,,Fase 2 (5° e 6° ano),0.0,,,,,0,0.09421061834125453,9.42
RA-1515,2024,2U,2U,Aluno-1515,2012.0,2012-04-20,12.0,Feminino,2024.0,Pública,EE Maria André Schunck Dona,Cursando,,,,,Quartzo,5.832133333,,,,,,,3.0,6.4,6.7,6.3,3.5,6.7,5.0,6.9,6.0,1.0,,,,Fase 3 (7° e 8° ano),-1.0,,,,,1,0.659400609726234,65.94
RA-833,2024,2U,2U,Aluno-833,2013.0,2013-01-10,11.0,Masculino,2022.0,Pública,EM Cecilia Cristina de Oliveira Rodrigues,Cursando,,,Ametista,Ametista,Topázio,8.518457764,7.791,7.81295,,,,,3.0,9.0,9.3,7.5,8.0,7.9,10.0,8.1,9.0,7.0,,,,Fase 2 (5° e 6° ano),0.0,,,,,0,0.18948113389555218,18.95
RA-819,2024,2U,2U,Aluno-819,2014.0,2014-05-24,10.0,Masculino,2022.0,Pública,Estuda em outra cidade,Cursando,,,Ametista,Ametista,Topázio,8.652552484,7.741,7.944833333,,,,,3.0,10.0,7.8,7.5,9.0,8.5,10.0,8.4,8.0,10.0,,,,Fase 1 (3° e 4° ano),1.0,,,,,0,0.2493755857626919,24.94
RA-1073,2024,3A,3A,Aluno-1073,2011.0,2011-02-06,13.0,Feminino,2022.0,Pública,EE Mario Francisco de Amorim,Cursando,,,,Agata,Ametista,7.085994577,,6.384333333,,,,,4.0,9.2,6.4,7.5,6.5,5.8,10.0,6.9,6.5,5.0,8.0,,,Fase 3 (7° e 8° ano),0.0,,,,,0,0.30815859130416134,30.82
RA-494,2024,3A,3A,Aluno-494,2011.0,2011-04-20,13.0,Feminino,2022.0,Privada,Rede Decisão - Unidade União,Cursando,,,Ágata,Ametista,Ametista,7.922281328,6.407,7.116633333,,,,,4.0,7.5,7.3,8.8,6.3,8.9,10.0,7.8,6.0,5.5,7.5,,,Fase 3 (7° e 8° ano),0.0,,,,,0,0.28968421497537533,28.97
RA-484,2024,3A,3A,Aluno-484,2011.0,2011-07-13,13.0,Masculino,2022.0,Pública,EE Leonice de Aquino Oliveira,Cursando,,,Ágata,Quartzo,Quartzo,3.835477657,6.71,5.515466667,,,,,4.0,8.3,3.9,2.5,0.0,3.1,10.0,3.4,0.0,0.0,0.0,,,Fase 3 (7° e 8° ano),0.0,,,,,0,0.36330218389366015,36.33
RA-496,2024,3A,3A,Aluno-496,2011.0,2011-02-04,13.0,Masculino,2021.0,Privada,Recanto Betânia Centro Educacional,Cursando,Quartzo,Quartzo,Ágata,Agata,Agata,6.726607508,6.683,6.603666667,,,,,4.0,10.0,5.3,6.3,5.7,6.2,10.0,6.7,5.0,4.5,7.5,,,Fase 3 (7° e 8° ano),0.0,,,,,0,0.31401879496262075,31.4
RA-1516,2024,3A,3A,Aluno-1516,2011.0,2011-01-04,13.0,Feminino,2024.0,Privada,Colégio Arco Íris Evolução,Cursando,,,,,Ametista,7.217066033,,,,,,,4.0,9.6,5.4,9.4,4.7,7.5,10.0,8.0,0.0,5.0,9.0,,,Fase 3 (7° e 8° ano),3.0,,,,,0,0.2435174307185877,24.35
RA-1143,2024,3A,3A,Aluno-1143,2008.0,2008-04-30,16.0,Feminino,2021.0,Pública,EE Joaquim Mendes Feliz,Cursando,,,,Agata,Quartzo,5.881225668,,6.445933333,,,,,4.0,9.6,5.2,9.4,3.2,6.8,2.5,7.0,3.0,6.5,0.0,,,Fase 6 (2° EM),-3.0,,,,,1,0.5604513803053661,56.05
RA-1517,2024,3A,3A,Aluno-1517,2009.0,2009-07-31,15.0,Masculino,2024.0,Pública,EE Maria André Schunck Dona,Cursando,,,,,Agata,6.240744444,,,,,,,4.0,9.2,4.3,9.4,4.7,6.7,5.0,7.5,5.0,4.5,4.5,,,Fase 4 (9° ano),-1.0,,,,,1,0.7593057962661217,75.93
RA-1518,2024,3A,3A,Aluno-1518,2009.0,2009-06-20,15.0,Feminino,2022.0,Pública,EE Leonice de Aquino Oliveira,Cursando,,,,,Quartzo,5.721382143,,,,,,,4.0,7.1,5.7,9.4,1.8,6.6,5.0,7.7,0.0,3.5,,,,Fase 4 (9° ano),-1.0,,,,,1,0.7528184655828811,75.28
RA-227,2024,3A,3A,Aluno-227,2010.0,2010-10-12,13.0,Masculino,2022.0,Pública,Colégio Nogueira e Sonho de Criança,Cursando,,,Ágata,Ametista,Topázio,8.074015455,6.471,7.722125,,,,,4.0,9.6,8.1,9.4,6.5,7.5,10.0,7.5,4.0,6.0,9.5,,,Fase 3 (7° e 8° ano),0.0,,,,,0,0.1804524966829279,18.05
RA-487,2024,3A,3A,Aluno-487,2012.0,2012-01-13,12.0,Feminino,2021.0,Privada - Programa de Apadrinhamento,Colégio Arco Íris Evolução,Cursando,Topázio,Topázio,Topázio,Topázio,Topázio,9.417137302,8.417,8.988866667,,,,,4.0,9.2,9.4,9.4,9.7,9.2,10.0,9.1,10.0,9.0,10.0,,,Fase 3 (7° e 8° ano),0.0,,,,,0,0.052235062622364055,5.22
RA-1076,2024,3A,3A,Aluno-1076,2011.0,2011-11-08,13.0,Feminino,2021.0,Pública,EE Mario Francisco de Amorim,Cursando,,,,Ametista,Ametista,7.479598365,,7.901033333,,,,,4.0,8.3,7.8,8.1,6.3,6.5,10.0,7.0,5.5,6.5,7.0,,,Fase 3 (7° e 8° ano),0.0,,,,,0,0.13487390746867856,13.49
RA-1084,2024,3A,3A,Aluno-1084,2012.0,2012-06-13,12.0,Feminino,2023.0,Pública,EE Leonice de Aquino Oliveira,Cursando,,,,Ametista,Agata,6.907110965,,7.9948,,,,,4.0,8.8,7.7,5.6,3.7,7.5,10.0,7.0,1.0,6.0,4.0,,,Fase 3 (7° e 8° ano),0.0,,,,,0,0.1934475302958239,19.34
RA-1519,2024,3A,3A,Aluno-1519,2009.0,2009-09-09,15.0,Masculino,2024.0,,,Cursando,,,,,Ametista,7.210222118,,,,,,,4.0,9.6,5.6,8.8,4.8,7.5,10.0,8.0,0.0,6.5,8.0,,,Fase 3 (7° e 8° ano),3.0,,,,,0,0.38927173420556016,38.93
RA-490,2024,3A,3A,Aluno-490,2012.0,2012-08-04,12.0,Feminino,2022.0,Privada,Rede Decisão - Unidade União,Cursando,,,Ametista,Ametista,Ametista,7.36808429,7.576,7.429466667,,,,,4.0,9.2,5.5,8.8,6.2,7.3,10.0,7.8,5.5,6.0,7.0,,,Fase 2 (5° e 6° ano),1.0,,,,,0,0.24788989584093943,24.79
RA-346,2024,3A,3A,Aluno-346,2012.0,2012-12-03,12.0,Masculino,2022.0,Pública,Rede Decisão - Unidade União,Cursando,,,Topázio,Ametista,Ametista,7.761749603,8.143,7.305541667,,,,,4.0,10.0,9.1,2.5,6.2,8.3,10.0,8.0,6.0,4.5,8.0,,,Fase 3 (7° e 8° ano),0.0,,,,,0,0.18211919651247796,18.21
RA-546,2024,3B,3B,Aluno-546,2011.0,2011-04-06,13.0,Feminino,2021.0,Pública,EE Alexandre Rodrigues Nogueira,Cursando,,Quartzo,Ágata,Agata,Quartzo,5.70242601,6.77,6.031666667,,,,,4.0,5.8,3.8,8.1,4.7,5.5,10.0,5.2,0.0,4.0,10.0,,,Fase 3 (7° e 8° ano),0.0,,,,,0,0.22099908921645858,22.1
RA-1087,2024,3B,3B,Aluno-1087,2011.0,2011-03-15,13.0,Feminino,2023.0,Pública,EE Mario Francisco de Amorim,Cursando,,,,Ametista,Agata,6.913936532,,7.2067,,,,,4.0,7.9,8.4,8.8,2.7,6.6,10.0,7.2,2.0,5.0,1.0,,,Fase 3 (7° e 8° ano),0.0,,,,,0,0.28149728686190834,28.15
RA-493,2024,3B,3B,Aluno-493,2013.0,2013-04-19,11.0,Feminino,2021.0,Pública,EE Mario Francisco de Amorim,Cursando,Topázio,Topázio,Topázio,Ametista,Ametista,7.464325,8.306,7.934366667,,,,,4.0,10.0,8.9,10.0,3.2,6.7,10.0,7.0,3.0,4.0,2.5,,,Fase 2 (5° e 6° ano),1.0,,,,,0,0.22841335125821402,22.84
RA-1520,2024,3B,3B,Aluno-1520,2010.0,2010-06-23,14.0,Feminino,2024.0,Pública,EE Alexandre Rodrigues Nogueira,Cursando,,,,,Ametista,7.002646212,,,,,,,4.0,8.3,9.1,8.8,3.8,7.3,5.0,7.7,4.0,3.5,,,,Fase 4 (9° ano),-1.0,,,,,1,0.6200387020300224,62.0
RA-1072,2024,3B,3B,Aluno-1072,2011.0,2011-12-28,12.0,Masculino,2023.0,Pública,EE Leonice de Aquino Oliveira,Cursando,,,,Topázio,Ametista,7.815385675,,8.0152,,,,,4.0,8.8,5.6,8.8,8.2,7.5,10.0,8.0,8.0,7.0,9.5,,,Fase 3 (7° e 8° ano),0.0,,,,,0,0.17756703190069978,17.76
RA-1521,2024,3B,3B,Aluno-1521,2010.0,2010-01-24,14.0,Feminino,2024.0,Pública,EE Alexandre Rodrigues Nogueira,Cursando,,,,,Quartzo,5.065788844,,,,,,,4.0,7.5,6.2,2.5,3.2,5.5,5.0,6.1,2.0,5.5,2.0,,,Fase 4 (9° ano),-1.0,,,,,1,0.6952969562316323,69.53
RA-536,2024,3B,3B,Aluno-536,2012.0,2012-11-27,11.0,Feminino,2021.0,Pública,EE Leonice de Aquino Oliveira,Cursando,Topázio,Ametista,Ametista,Ametista,Ametista,7.770468182,7.106,7.759533333,,,,,4.0,8.3,9.1,8.1,5.5,7.4,10.0,7.2,6.5,4.5,5.5,,,Fase 2 (5° e 6° ano),1.0,,,,,0,0.24273566748058306,24.27
RA-1079,2024,3B,3B,Aluno-1079,2010.0,2010-02-12,13.0,Masculino,2023.0,Pública,EE Alexandre Rodrigues Nogueira,Cursando,,,,Agata,Quartzo,5.42534133,,6.916533333,,,,,4.0,7.5,4.5,2.5,6.3,4.2,10.0,4.2,5.0,7.5,6.5,,,Fase 3 (7° e 8° ano),0.0,,,,,1,0.6948038937931146,69.48
RA-331,2024,3B,3B,Aluno-331,2010.0,2010-04-22,14.0,Feminino,2021.0,Pública,EE Leonice de Aquino Oliveira,Cursando,Ametista,Ametista,Ágata,Ametista,Agata,6.231045707,6.636,7.039791667,,,,,4.0,8.8,7.7,8.8,3.5,5.6,5.0,6.1,4.0,3.5,3.0,,,Fase 4 (9° ano),-1.0,,,,,0,0.3839065210692547,38.39
RA-1522,2024,3B,3B,Aluno-1522,2011.0,2011-01-19,13.0,Masculino,2024.0,Pública,EE Leonice de Aquino Oliveira,Cursando,,,,,Topázio,8.3261,,,,,,,4.0,8.8,10.0,9.4,7.0,7.1,10.0,6.9,10.0,4.0,,,,Fase 3 (7° e 8° ano),0.0,,,,,0,0.41416842666461484,41.42
RA-1096,2024,3B,3B,Aluno-1096,2012.0,2012-05-12,11.0,Feminino,2023.0,Pública,EE Leonice de Aquino Oliveira,Cursando,,,,Topázio,Topázio,9.189883333,,8.615533333,,,,,4.0,9.2,9.9,8.8,8.5,9.1,10.0,9.1,8.5,7.0,10.0,,,Fase 2 (5° e 6° ano),1.0,,,,,0,0.17731421599744418,17.73
RA-513,2024,3B,3B,Aluno-513,2013.0,2013-01-17,11.0,Masculino,2021.0,Privada,Escola João Paulo II,Cursando,,Topázio,Topázio,Topázio,Topázio,8.72863254,8.229,8.297866667,,,,,4.0,10.0,8.8,8.1,7.7,8.5,10.0,9.1,9.0,5.5,8.5,,,Fase 2 (5° e 6° ano),1.0,,,,,0,0.13879480102242234,13.88
RA-531,2024,3B,3B,Aluno-531,2012.0,2012-06-19,12.0,Masculino,2022.0,Pública,EE Leonice de Aquino Oliveira,Cursando,,,Ametista,Topázio,Ametista,7.912792647,8.057,8.3252,,,,,4.0,9.2,9.8,4.4,6.7,7.3,10.0,8.0,6.5,4.5,9.0,,,Fase 3 (7° e 8° ano),0.0,,,,,0,0.1458279406598826,14.58
RA-1523,2024,3B,3B,Aluno-1523,2012.0,2012-04-12,11.0,Masculino,2024.0,Pública,EE Alexandre Rodrigues Nogueira,Cursando,,,,,Topázio,8.67371279,,,,,,,4.0,6.7,9.3,8.8,8.2,8.8,10.0,8.9,8.0,6.5,10.0,,,Fase 2 (5° e 6° ano),1.0,,,,,0,0.2971520592688701,29.72
RA-1524,2024,3B,3B,Aluno-1524,2010.0,2010-03-13,14.0,Feminino,2024.0,Pública,EE Mario Francisco de Amorim,Cursando,,,,,Quartzo,5.547380556,,,,,,,4.0,7.9,2.8,7.5,4.0,6.9,5.0,7.7,4.0,,,,,Fase 4 (9° ano),-1.0,,,,,1,0.6783452590495149,67.83
RA-1147,2024,3B,3B,Aluno-1147,2009.0,2009-04-07,15.0,Feminino,2023.0,Pública,EE Loris Nassif Mattar Profa,Cursando,,,,Ametista,Quartzo,5.833118519,,7.072983333,,,,,4.0,8.8,6.1,8.8,3.2,5.5,5.0,6.3,2.0,5.0,2.5,,,Fase 4 (9° ano),-1.0,,,,,1,0.6877044014376095,68.77
RA-479,2024,3C,3C,Aluno-479,2012.0,2012-10-08,12.0,Masculino,2021.0,Privada - Programa de Apadrinhamento,Colégio Arco Íris Evolução,Cursando,Topázio,Topázio,Topázio,Topázio,Topázio,8.901966667,8.465,8.988866667,,,,,3.0,9.2,9.9,2.5,9.7,9.5,10.0,9.4,10.0,9.0,10.0,,,Fase 2 (5° e 6° ano),1.0,,,,,0,0.04983161638493097,4.98
RA-517,2024,3C,3C,Aluno-517,2010.0,2010-07-25,14.0,Feminino,2021.0,Pública,EE Paschoal Carlos Magno,Cursando,Ametista,Ágata,Ametista,Agata,Quartzo,5.880466583,7.604,6.3104,,,,,3.0,7.5,5.3,2.5,5.0,6.1,10.0,6.0,4.5,4.0,6.5,,,Fase 3 (7° e 8° ano),0.0,,,,,0,0.437941223162783,43.79
RA-325,2024,3C,3C,Aluno-325,2012.0,2012-02-20,12.0,Masculino,2022.0,Pública,EE Paschoal Carlos Magno,Cursando,,,Ametista,Agata,Topázio,8.385133333,7.619,6.243,,,,,3.0,9.2,9.9,7.5,7.0,7.6,10.0,8.3,7.0,5.5,8.5,,,Fase 3 (7° e 8° ano),0.0,,,,,0,0.29644204659937406,29.64
RA-1525,2024,3C,3C,Aluno-1525,2011.0,2011-01-18,13.0,Masculino,2024.0,Pública,EE Joaquim Mendes Feliz,Cursando,,,,,Ametista,7.778263492,,,,,,,3.0,7.9,8.3,5.6,7.0,7.6,10.0,8.5,6.5,5.5,9.0,,,Fase 3 (7° e 8° ano),0.0,,,,,0,0.36246665489632,36.25
RA-518,2024,3C,3C,Aluno-518,2012.0,2012-03-19,12.0,Masculino,2022.0,Pública,EE Paschoal Carlos Magno,Cursando,,,Ametista,Ametista,Agata,6.346748371,7.661,7.5762,,,,,3.0,8.3,6.8,2.5,4.0,6.9,10.0,7.1,7.5,3.5,1.0,,,Fase 3 (7° e 8° ano),0.0,,,,,0,0.22957827104275177,22.96
RA-1146,2024,3C,3C,Aluno-1146,2008.0,2008-11-20,15.0,Feminino,2023.0,Pública,EE Mario Francisco de Amorim,Cursando,,,,Agata,Quartzo,5.393308605,,6.689583333,,,,,3.0,10.0,5.0,6.9,2.0,5.9,5.0,6.3,2.0,0.0,4.0,,,Fase 5 (1° EM),-2.0,,,,,1,0.6921627316661397,69.22
RA-530,2024,3C,3C,Aluno-530,2012.0,2012-02-25,12.0,Masculino,2021.0,Pública,EE Joaquim Mendes Feliz,Cursando,Topázio,Topázio,Topázio,Ametista,Ametista,7.214534419,8.338,7.653033333,,,,,3.0,8.8,6.5,9.4,4.5,7.5,10.0,7.1,4.0,6.0,3.5,,,Fase 3 (7° e 8° ano),0.0,,,,,0,0.11307648840178526,11.31
RA-524,2024,3C,3C,Aluno-524,2011.0,2011-05-09,13.0,Masculino,2021.0,Pública,EE Paschoal Carlos Magno,Cursando,Ametista,Ametista,Ágata,Ametista,Ametista,7.026322556,6.947,7.331133333,,,,,3.0,7.1,5.1,2.5,8.7,7.4,10.0,8.3,8.5,7.5,10.0,,,Fase 3 (7° e 8° ano),0.0,,,,,0,0.3860268307860316,38.6
RA-578,2024,3C,3C,Aluno-578,2012.0,2012-08-13,12.0,Masculino,2021.0,Privada - Programa de Apadrinhamento,Colégio Arco Íris Evolução,Cursando,Ametista,Topázio,Topázio,Topázio,Topázio,9.0662,8.814,9.013866667,,,,,3.0,10.0,10.0,2.5,9.8,9.5,10.0,9.6,10.0,9.5,10.0,,,Fase 2 (5° e 6° ano),1.0,,,,,0,0.11069066579378552,11.07
RA-526,2024,3C,3C,Aluno-526,2010.0,2010-05-03,14.0,Masculino,2022.0,Pública,EE Paschoal Carlos Magno,Cursando,,,Topázio,Topázio,Ametista,7.843157895,8.079,8.0957,,,,,3.0,9.6,9.4,8.1,7.3,7.5,5.0,7.3,8.5,3.5,10.0,,,Fase 4 (9° ano),-1.0,,,,,0,0.46931394530373083,46.93
RA-528,2024,3C,3C,Aluno-528,2011.0,2011-03-08,13.0,Masculino,2021.0,Pública,EE Joaquim Mendes Feliz,Cursando,,Ametista,Quartzo,Ametista,Ametista,7.276330075,5.335,7.6892,,,,,3.0,9.2,5.8,7.5,6.7,6.9,10.0,7.3,8.5,4.5,7.0,,,Fase 3 (7° e 8° ano),0.0,,,,,0,0.45120856878830096,45.12
RA-516,2024,3C,3C,Aluno-516,2013.0,2013-06-27,11.0,Masculino,2021.0,Privada - Programa de Apadrinhamento,Colégio Arco Íris Evolução,Cursando,Topázio,Topázio,Topázio,Topázio,Topázio,8.384033333,8.903,8.6807,,,,,3.0,10.0,10.0,2.5,8.8,7.6,10.0,8.5,8.0,8.5,10.0,,,Fase 2 (5° e 6° ano),1.0,,,,,0,0.16304847035496653,16.3
RA-534,2024,3C,3C,Aluno-534,2010.0,2010-04-25,14.0,Masculino,2021.0,Pública,EE Paschoal Carlos Magno,Cursando,,Ametista,Ametista,Quartzo,Ametista,7.088855054,7.131,5.8385,,,,,3.0,9.6,6.0,7.5,5.0,7.1,10.0,7.5,4.0,4.0,7.0,,,Fase 3 (7° e 8° ano),0.0,,,,,0,0.373324007069968,37.33
RA-1097,2024,3C,3C,Aluno-1097,2009.0,2009-06-07,15.0,Masculino,2023.0,Pública,EE Paschoal Carlos Magno,Cursando,,,,Agata,Quartzo,5.475324896,,6.9547,,,,,3.0,10.0,4.8,6.3,3.0,5.9,5.0,6.0,4.5,4.5,0.0,,,Fase 4 (9° ano),-1.0,,,,,1,0.7819846932740133,78.2
RA-360,2024,3C,3C,Aluno-360,2010.0,2010-04-17,14.0,Feminino,2021.0,Pública,EE Paschoal Carlos Magno,Cursando,Ametista,Ágata,Ametista,Quartzo,Agata,6.293175689,7.075,5.790875,,,,,3.0,8.3,5.6,5.0,5.8,7.0,5.0,7.7,4.0,6.0,7.5,,,Fase 4 (9° ano),-1.0,,,,,1,0.599690564507152,59.97
RA-1526,2024,3D,3D,Aluno-1526,2011.0,2011-09-08,13.0,Feminino,2024.0,Pública,EE Alexandre Rodrigues Nogueira,Cursando,,,,,Ametista,7.9798,,,,,,,4.0,9.2,10.0,8.8,3.8,8.1,10.0,8.1,2.0,5.5,,,,Fase 3 (7° e 8° ano),0.0,,,,,0,0.3439351389474786,34.39
RA-1077,2024,3D,3D,Aluno-1077,2012.0,2012-03-04,12.0,Masculino,2023.0,Pública,EE Alexandre Rodrigues Nogueira,Cursando,,,,Ametista,Quartzo,5.543865741,,7.2115,,,,,4.0,0.0,7.7,6.9,2.0,6.4,10.0,6.4,0.0,6.0,0.0,,,Fase 3 (7° e 8° ano),0.0,,,,,0,0.43441425307030374,43.44
RA-508,2024,3D,3D,Aluno-508,2012.0,2012-10-27,12.0,Masculino,2022.0,Pública,EE Alexandre Rodrigues Nogueira,Cursando,,,Ágata,Ametista,Agata,6.771708626,6.575,7.671633333,,,,,4.0,7.1,5.6,7.5,4.7,7.5,10.0,7.7,0.0,7.0,7.0,,,Fase 2 (5° e 6° ano),1.0,,,,,0,0.18391801952303694,18.39
RA-363,2024,3D,3D,Aluno-363,2010.0,2010-06-27,14.0,Masculino,2022.0,Privada,Colégio Nogueira e Sonho de Criança,Cursando,,,Ágata,Agata,Ametista,7.617803571,6.644,6.680833333,,,,,4.0,9.6,9.5,5.6,5.3,7.0,10.0,7.3,4.0,3.5,8.5,,,Fase 3 (7° e 8° ano),0.0,,,,,0,0.3836725932306163,38.37
RA-340,2024,3D,3D,Aluno-340,2011.0,2011-12-02,13.0,Masculino,2021.0,Pública,EE Alexandre Rodrigues Nogueira,Cursando,Ametista,Ágata,Ametista,Ametista,Agata,6.715437329,7.721,7.059666667,,,,,4.0,7.9,6.6,7.5,5.2,5.8,10.0,6.6,6.0,7.0,2.5,,,Fase 3 (7° e 8° ano),0.0,,,,,0,0.19346589364091055,19.35
RA-1527,2024,3D,3D,Aluno-1527,2010.0,2010-12-31,13.0,Masculino,2024.0,Pública,EE Alexandre Rodrigues Nogueira,Cursando,,,,,Topázio,8.631675,,,,,,,4.0,9.2,10.0,7.5,8.0,7.8,10.0,8.0,9.0,7.0,,,,Fase 3 (7° e 8° ano),0.0,,,,,0,0.44123462271358077,44.12
RA-509,2024,3D,3D,Aluno-509,2010.0,2010-11-28,13.0,Feminino,2021.0,Pública,EE Leonice de Aquino Oliveira,Cursando,Ametista,Ágata,Ametista,Ametista,Agata,6.918152273,7.808,7.606033333,,,,,4.0,9.2,6.4,2.5,6.0,7.2,10.0,8.3,6.0,4.5,7.5,,,Fase 3 (7° e 8° ano),0.0,,,,,0,0.17934488801877319,17.93
RA-500,2024,3D,3D,Aluno-500,2012.0,2012-06-29,12.0,Feminino,2021.0,Privada - Programa de Apadrinhamento,Colégio Arco Íris Evolução,Cursando,Topázio,Topázio,Topázio,Topázio,Topázio,8.077708333,8.232,8.427533333,,,,,4.0,9.6,10.0,2.5,6.7,8.4,10.0,8.6,6.0,6.0,8.0,,,Fase 3 (7° e 8° ano),0.0,,,,,0,0.12352961511908564,12.35
RA-1528,2024,3D,3D,Aluno-1528,2011.0,2011-01-20,13.0,Masculino,2024.0,Pública,EE Alexandre Rodrigues Nogueira,Cursando,,,,,Ametista,7.622584091,,,,,,,4.0,9.2,7.8,7.5,5.7,7.3,10.0,8.0,3.0,6.0,8.0,,,Fase 3 (7° e 8° ano),0.0,,,,,0,0.3417907568235748,34.18
RA-1089,2024,3D,3D,Aluno-1089,2012.0,2012-08-03,12.0,Feminino,2023.0,Pública,EE Bairro Boa Vista,Cursando,,,,Ametista,Ametista,7.622153175,,7.9947,,,,,4.0,9.2,7.0,8.1,6.8,7.0,10.0,7.2,6.0,6.0,8.5,,,Fase 3 (7° e 8° ano),0.0,,,,,0,0.15472625029689507,15.47
RA-1090,2024,3D,3D,Aluno-1090,2010.0,2010-07-22,14.0,Masculino,2023.0,Pública,EE Alexandre Rodrigues Nogueira,Cursando,,,,Ametista,Ametista,7.765283138,,7.844033333,,,,,4.0,9.6,7.6,7.5,6.3,7.4,10.0,7.8,3.5,7.5,8.0,,,Fase 3 (7° e 8° ano),0.0,,,,,0,0.20966310016896997,20.97
RA-503,2024,3D,3D,Aluno-503,2012.0,2012-08-09,12.0,Masculino,2021.0,Pública,EE Leonice de Aquino Oliveira,Cursando,Topázio,Topázio,Ametista,Topázio,Topázio,8.547495614,7.95,8.4682,,,,,4.0,9.6,9.8,7.5,7.7,7.8,10.0,7.8,6.0,8.0,9.0,,,Fase 2 (5° e 6° ano),1.0,,,,,0,0.0976303478855314,9.76
RA-1093,2024,3D,3D,Aluno-1093,2012.0,2012-03-22,12.0,Masculino,2023.0,Pública,EE Mario Francisco de Amorim,Cursando,,,,Topázio,Topázio,8.507902778,,8.197533333,,,,,4.0,7.5,7.7,8.1,8.7,8.9,10.0,8.9,8.5,8.0,9.5,,,Fase 3 (7° e 8° ano),0.0,,,,,0,0.15207560745111542,15.21
RA-1094,2024,3D,3D,Aluno-1094,2011.0,2011-12-25,12.0,Feminino,2023.0,Pública,EE Leonice de Aquino Oliveira,Cursando,,,,Topázio,Topázio,8.016478571,,8.1779,,,,,4.0,9.2,9.5,2.5,7.3,8.2,10.0,8.4,6.0,7.5,8.5,,,Fase 3 (7° e 8° ano),0.0,,,,,0,0.19069334001216334,19.07
RA-1095,2024,3D,3D,Aluno-1095,2010.0,2010-11-07,14.0,Masculino,2023.0,Pública,EE Mario Francisco de Amorim,Cursando,,,,Agata,Agata,6.108547515,,6.238,,,,,4.0,7.5,7.8,7.5,2.3,5.1,10.0,5.5,3.0,2.0,2.0,,,Fase 3 (7° e 8° ano),0.0,,,,,0,0.370404087771068,37.04
RA-1098,2024,3D,3D,Aluno-1098,2010.0,2010-10-22,14.0,Feminino,2023.0,Pública,EE Alexandre Rodrigues Nogueira,Cursando,,,,Ametista,Agata,6.574456251,,7.2787,,,,,4.0,8.8,5.8,7.5,3.5,6.7,10.0,7.3,1.0,3.5,6.0,,,Fase 3 (7° e 8° ano),0.0,,,,,0,0.3234377680708828,32.34
RA-1106,2024,3F,3F,Aluno-1106,2011.0,2011-05-19,13.0,Masculino,2023.0,Pública,EE João Ortiz Rodrigues,Cursando,,,,Ametista,Quartzo,5.936272086,,7.1642,,,,,4.0,8.3,5.4,7.5,0.0,7.5,10.0,7.7,0.0,0.0,0.0,,,Fase 3 (7° e 8° ano),0.0,,,,,0,0.25405600040251375,25.41
RA-568,2024,3F,3F,Aluno-568,2008.0,2008-08-05,16.0,Masculino,2021.0,Pública,EE Joaquim Mendes Feliz,Cursando,Ametista,Ametista,Ametista,Agata,Quartzo,5.545864286,7.306,6.9647,,,,,5.0,7.9,3.3,8.1,5.2,5.5,5.0,6.6,5.0,5.5,5.0,,,Fase 5 (1° EM),-2.0,,,,,1,0.6312654664968602,63.13
RA-558,2024,3F,3F,Aluno-558,2008.0,2008-02-09,16.0,Masculino,2022.0,Pública,EE Alexandre Rodrigues Nogueira,Cursando,,,Quartzo,Agata,Quartzo,5.048054503,5.539,6.615333333,,,,,5.0,9.2,3.8,8.1,3.0,4.3,5.0,6.1,2.5,4.0,2.5,,,Fase 5 (1° EM),-2.0,,,,,1,0.7291864649071857,72.92
RA-559,2024,3F,3F,Aluno-559,2011.0,2011-08-04,13.0,Masculino,2021.0,Pública,EE João Ortiz Rodrigues,Cursando,,Ametista,Ametista,Ametista,Agata,6.158158974,7.634,7.947366667,,,,,5.0,10.0,5.7,8.1,3.2,4.7,10.0,6.3,1.0,2.5,6.0,,,Fase 3 (7° e 8° ano),0.0,,,,,0,0.19492629625637303,19.49
RA-1529,2024,3F,3F,Aluno-1529,2010.0,2010-01-04,14.0,Feminino,2024.0,Pública,EE João Ortiz Rodrigues,Cursando,,,,,Agata,6.710079487,,,,,,,5.0,6.7,7.4,7.5,5.5,7.0,5.0,8.1,6.0,5.5,5.0,,,Fase 4 (9° ano),-1.0,,,,,1,0.501645950964985,50.16
RA-1111,2024,3F,3F,Aluno-1111,2012.0,2012-09-07,12.0,Feminino,2023.0,Pública,EE Leonice de Aquino Oliveira,Cursando,,,,Agata,Agata,6.116032816,,6.559166667,,,,,5.0,6.2,4.6,7.5,5.0,5.8,10.0,6.6,5.0,4.0,6.0,,,Fase 2 (5° e 6° ano),1.0,,,,,0,0.4444418318870202,44.44
RA-1108,2024,3F,3F,Aluno-1108,2010.0,2010-12-16,13.0,Masculino,2023.0,Pública,EE João Ortiz Rodrigues,Cursando,,,,Agata,Agata,6.01721501,,6.310833333,,,,,5.0,9.2,3.8,8.1,3.7,5.4,10.0,7.2,3.5,3.5,4.0,,,Fase 3 (7° e 8° ano),0.0,,,,,0,0.2789289265515099,27.89
RA-542,2024,3F,3F,Aluno-542,2011.0,2011-09-20,13.0,Feminino,2021.0,Pública,EE João Ortiz Rodrigues,Cursando,Ametista,Ágata,Ametista,Ametista,Agata,6.720564959,7.221,7.816533333,,,,,5.0,8.8,6.5,8.1,3.9,6.2,10.0,7.0,1.5,5.0,5.3,,,Fase 3 (7° e 8° ano),0.0,,,,,0,0.07393139210494545,7.39
RA-543,2024,3F,3F,Aluno-543,2012.0,2012-08-31,12.0,Feminino,2022.0,Pública,EE João Ortiz Rodrigues,Cursando,,,Ametista,Ametista,Topázio,8.046787112,7.05,7.971833333,,,,,5.0,8.8,9.6,2.5,6.8,8.7,10.0,8.9,7.0,6.5,7.0,,,Fase 2 (5° e 6° ano),1.0,,,,,0,0.3676318178294677,36.76
RA-1530,2024,3F,3F,Aluno-1530,2011.0,2011-07-08,13.0,Masculino,2024.0,Pública,EE João Ortiz Rodrigues,Cursando,,,,,Quartzo,4.639153571,,,,,,,5.0,0.0,2.5,8.1,2.8,5.3,10.0,7.0,1.5,7.0,0.0,,,Fase 3 (7° e 8° ano),0.0,,,,,0,0.31243761882451926,31.24
RA-555,2024,3F,3F,Aluno-555,2010.0,2010-11-05,14.0,Masculino,2021.0,Pública,EE Leonice de Aquino Oliveira,Cursando,Ametista,Ametista,Quartzo,Quartzo,Quartzo,5.111470186,5.949,5.898133333,,,,,5.0,10.0,2.8,6.9,4.3,5.0,5.0,5.0,5.0,4.0,4.0,,,Fase 4 (9° ano),-1.0,,,,,1,0.6798135474131627,67.98
RA-1531,2024,3F,3F,Aluno-1531,2010.0,2010-01-24,14.0,Masculino,2024.0,Pública,EE João Ortiz Rodrigues,Cursando,,,,,Ametista,7.049179013,,,,,,,5.0,8.8,8.0,7.5,5.8,7.1,5.0,7.3,4.5,8.0,5.0,,,Fase 4 (9° ano),-1.0,,,,,1,0.5703758382393167,57.04
RA-1099,2024,3G,3G,Aluno-1099,2010.0,2010-07-18,14.0,Feminino,2023.0,Pública,EE Leonice de Aquino Oliveira,Cursando,,,,Ametista,Ametista,7.332483333,,7.113533333,,,,,4.0,8.3,8.1,10.0,3.8,6.6,10.0,7.8,2.5,3.5,5.5,,,Fase 3 (7° e 8° ano),0.0,,,,,0,0.32094803476977574,32.09
RA-1154,2024,3G,3G,Aluno-1154,2010.0,2010-05-23,14.0,Masculino,2023.0,Pública,EE João Ortiz Rodrigues,Cursando,,,,Ametista,Ametista,7.566075,,7.701125,,,,,4.0,7.9,9.2,7.5,8.0,6.7,5.0,7.3,7.0,7.0,10.0,,,Fase 4 (9° ano),-1.0,,,,,0,0.39352348773000223,39.35
RA-1100,2024,3G,3G,Aluno-1100,2012.0,2012-10-08,12.0,Masculino,2023.0,Pública,EE João Ortiz Rodrigues,Cursando,,,,Topázio,Agata,6.649708333,,8.261033333,,,,,4.0,7.5,7.1,7.5,4.7,5.6,10.0,6.7,4.0,4.0,6.0,,,Fase 2 (5° e 6° ano),1.0,,,,,0,0.22243845973388116,22.24
RA-381,2024,3G,3G,Aluno-381,2009.0,2009-02-03,15.0,Masculino,2021.0,Pública,EE Alexandre Rodrigues Nogueira,Cursando,Ágata,Ágata,Ágata,Quartzo,Quartzo,5.940775,6.454,5.758041667,,,,,4.0,8.3,6.1,7.5,3.7,6.1,5.0,6.7,2.5,4.5,4.0,,,Fase 5 (1° EM),-2.0,,,,,1,0.9043106075800083,90.43
RA-364,2024,3G,3G,Aluno-364,2011.0,2011-02-10,13.0,Masculino,2021.0,Pública,EE Leonice de Aquino Oliveira,Cursando,Ametista,Topázio,Topázio,Ametista,Topázio,8.269703758,8.75,7.734891667,,,,,4.0,8.8,9.5,7.5,7.5,7.2,10.0,8.0,8.0,5.0,9.5,,,Fase 3 (7° e 8° ano),0.0,,,,,0,0.11084915703672735,11.08
RA-539,2024,3G,3G,Aluno-539,2011.0,2011-08-09,13.0,Feminino,2022.0,Privada - Programa de Apadrinhamento,Colégio Arco Íris Evolução,Cursando,,,Ametista,Ametista,Topázio,8.465533333,7.665,7.796866667,,,,,4.0,10.0,9.2,7.5,5.8,9.1,10.0,8.8,5.0,3.5,9.0,,,Fase 3 (7° e 8° ano),0.0,,,,,0,0.13504036702406913,13.5
RA-573,2024,3G,3G,Aluno-573,2011.0,2011-04-08,13.0,Masculino,2021.0,Pública,EE João Ortiz Rodrigues,Cursando,Ametista,Topázio,Topázio,Ametista,Ametista,7.83905,8.261,7.774366667,,,,,4.0,9.2,9.5,8.8,5.0,6.8,10.0,7.8,6.0,3.5,5.5,,,Fase 3 (7° e 8° ano),0.0,,,,,0,0.1215605114308966,12.16
RA-1107,2024,3G,3G,Aluno-1107,2010.0,2010-12-20,13.0,Feminino,2023.0,Pública,EE João Ortiz Rodrigues,Cursando,,,,Ametista,Quartzo,5.9731,,7.9327,,,,,4.0,8.8,6.2,2.5,2.5,6.8,10.0,7.5,1.0,3.5,3.0,,,Fase 3 (7° e 8° ano),0.0,,,,,0,0.29147797757060057,29.15
RA-368,2024,3G,3G,Aluno-368,2009.0,2009-12-10,15.0,Masculino,2021.0,Pública,EE João Ortiz Rodrigues,Cursando,Ametista,Ametista,Ágata,Quartzo,Agata,6.782158333,6.969,5.796458333,,,,,4.0,7.9,6.2,7.5,7.0,6.7,5.0,7.7,4.5,7.0,9.5,,,Fase 4 (9° ano),-1.0,,,,,1,0.6929234105627805,69.29
RA-387,2024,3G,3G,Aluno-387,2009.0,2009-07-20,15.0,Masculino,2021.0,Pública,EE Leonice de Aquino Oliveira,Cursando,Ágata,Ágata,Ágata,Quartzo,Agata,6.1255,6.323,4.794333333,,,,,4.0,7.5,7.2,7.5,4.3,6.0,5.0,6.3,5.0,4.0,4.0,,,Fase 4 (9° ano),-1.0,,,,,1,0.8892961947975363,88.93
RA-556,2024,3G,3G,Aluno-556,2011.0,2011-02-05,13.0,Feminino,2021.0,Pública,EE João Ortiz Rodrigues,Cursando,Topázio,Ametista,Ametista,Ametista,Quartzo,5.833377381,7.181,7.7482,,,,,4.0,7.1,6.2,2.5,3.8,6.2,10.0,6.4,1.5,4.5,5.5,,,Fase 3 (7° e 8° ano),0.0,,,,,0,0.21421312315000235,21.42
RA-389,2024,3G,3G,Aluno-389,2011.0,2011-12-01,13.0,Masculino,2021.0,Pública,EE João Ortiz Rodrigues,Cursando,Ametista,Ágata,Ametista,Agata,Ametista,7.207955128,7.184,6.687,,,,,4.0,9.6,6.7,8.8,5.2,6.7,10.0,6.6,6.5,4.0,5.0,,,Fase 3 (7° e 8° ano),0.0,,,,,0,0.19949967239364763,19.95
RA-390,2024,3G,3G,Aluno-390,2010.0,2010-10-11,13.0,Feminino,2022.0,Pública,EE João Ortiz Rodrigues,Cursando,,,Ágata,Agata,Agata,6.547223684,6.776,6.905741667,,,,,4.0,7.5,6.1,8.8,4.2,6.1,10.0,6.6,3.0,2.5,7.0,,,Fase 3 (7° e 8° ano),0.0,,,,,0,0.22560105256766216,22.56
RA-376,2024,3G,3G,Aluno-376,2010.0,2010-08-01,14.0,Feminino,2021.0,Pública,EE Leonice de Aquino Oliveira,Cursando,Ametista,Ágata,Ágata,Ametista,Quartzo,5.896573589,6.957,7.1392,,,,,4.0,10.0,8.3,2.5,2.8,6.3,5.0,6.6,2.0,5.0,1.5,,,Fase 4 (9° ano),-1.0,,,,,0,0.42770895356413496,42.77
RA-584,2024,3G,3G,Aluno-584,2012.0,2012-03-13,12.0,Feminino,2021.0,Pública,EE João Ortiz Rodrigues,Cursando,Topázio,Ametista,Ágata,Ametista,Agata,6.752914394,6.714,7.697533333,,,,,4.0,8.8,5.6,8.8,4.3,6.4,10.0,7.3,2.0,5.0,6.0,,,Fase 3 (7° e 8° ano),0.0,,,,,0,0.1133974395900994,11.34
RA-535,2024,3H,3H,Aluno-535,2012.0,2012-09-02,12.0,Feminino,2021.0,Pública,EE João Ortiz Rodrigues,Cursando,Topázio,Ametista,Ágata,Topázio,Ametista,7.659555952,6.953,8.0027,,,,,5.0,9.2,7.2,8.1,6.0,7.5,10.0,8.0,7.0,5.5,5.5,,,Fase 3 (7° e 8° ano),0.0,,,,,0,0.12553299907550033,12.55
RA-547,2024,3H,3H,Aluno-547,2011.0,2011-06-24,13.0,Feminino,2021.0,Pública,EE João Ortiz Rodrigues,Cursando,Ágata,Ágata,Ametista,Agata,Ametista,7.210290672,7.745,6.467,,,,,5.0,8.8,7.0,8.1,6.8,5.9,10.0,5.6,9.0,4.5,7.0,,,Fase 3 (7° e 8° ano),0.0,,,,,0,0.23982298394196472,23.98
RA-557,2024,3H,3H,Aluno-557,2012.0,2012-12-01,12.0,Masculino,2021.0,Privada - Programa de Apadrinhamento,Colégio Arco Íris Evolução,Cursando,Ametista,Topázio,Topázio,Topázio,Topázio,9.350986466,8.334,8.7717,,,,,5.0,10.0,8.8,7.5,9.7,9.6,10.0,10.0,10.0,9.0,10.0,,,Fase 3 (7° e 8° ano),0.0,,,,,0,0.11222322645691969,11.22
RA-548,2024,3H,3H,Aluno-548,2010.0,2010-11-15,13.0,Masculino,2021.0,Pública,EE João Ortiz Rodrigues,Cursando,Ametista,Ametista,Ametista,Ametista,Ametista,7.240168803,7.292,7.4322,,,,,5.0,9.2,7.6,7.5,6.7,5.6,10.0,5.9,9.0,5.0,6.0,,,Fase 3 (7° e 8° ano),0.0,,,,,0,0.32020036401444235,32.02
RA-1102,2024,3H,3H,Aluno-1102,2012.0,2012-06-10,12.0,Masculino,2023.0,Pública,EE Leonice de Aquino Oliveira,Cursando,,,,Topázio,Topázio,8.440611905,,8.123033333,,,,,5.0,8.8,9.4,8.1,9.3,7.1,10.0,5.9,10.0,8.0,10.0,,,Fase 2 (5° e 6° ano),1.0,,,,,0,0.2507263260820175,25.07
RA-1532,2024,3H,3H,Aluno-1532,2009.0,2009-09-22,15.0,Masculino,2024.0,Pública,EE João Ortiz Rodrigues,Cursando,,,,,Quartzo,4.548544781,,,,,,,5.0,0.0,3.9,7.5,2.0,6.8,5.0,7.5,0.0,6.0,0.0,,,Fase 4 (9° ano),-1.0,,,,,1,0.7887695515293277,78.88
RA-538,2024,3H,3H,Aluno-538,2009.0,2009-11-23,14.0,Masculino,2022.0,Pública,EE Mario Francisco de Amorim,Cursando,,,Ágata,Agata,Agata,6.514094017,6.309,6.413466667,,,,,5.0,8.8,7.7,7.5,6.2,5.3,5.0,5.6,10.0,4.5,4.0,,,Fase 4 (9° ano),-1.0,,,,,1,0.626333206872024,62.63
RA-365,2024,3H,3H,Aluno-365,2012.0,2012-11-19,11.0,Feminino,2022.0,Pública,EE Loris Nassif Mattar Profa,Cursando,,,Topázio,Topázio,Topázio,8.526983333,8.063,8.6587,,,,,5.0,9.6,10.0,7.5,6.7,8.2,10.0,8.4,8.0,7.0,5.0,,,Fase 2 (5° e 6° ano),1.0,,,,,0,0.2117588294631345,21.18
RA-563,2024,3H,3H,Aluno-563,2011.0,2011-11-29,12.0,Feminino,2021.0,Pública,EE João Ortiz Rodrigues,Cursando,Topázio,Ametista,Topázio,Ametista,Topázio,8.595447619,8.22,7.684133333,,,,,5.0,9.2,9.5,8.1,8.3,7.5,10.0,8.1,10.0,9.0,6.0,,,Fase 3 (7° e 8° ano),0.0,,,,,0,0.15812056733251398,15.81
RA-1157,2024,3H,3H,Aluno-1157,2009.0,2009-08-24,15.0,Masculino,2023.0,Pública,EE Olivia de Faria Nogueira,Cursando,,,,Ametista,Ametista,7.916082937,,7.086633333,,,,,5.0,9.6,9.1,7.5,7.0,8.5,5.0,8.0,8.0,6.0,7.0,,,Fase 4 (9° ano),-1.0,,,,,1,0.6475712637674236,64.76
RA-258,2024,3H,3H,Aluno-258,2010.0,2010-11-26,13.0,Feminino,2021.0,Pública,EE João Ortiz Rodrigues,Cursando,Ametista,Topázio,Ágata,,Agata,6.429063889,6.926,,,,,,5.0,7.1,6.9,7.5,2.5,6.7,10.0,7.3,,5.0,0.0,,,Fase 3 (7° e 8° ano),0.0,,,,,0,0.283384131148368,28.34
RA-369,2024,3H,3H,Aluno-369,2011.0,2011-10-03,13.0,Masculino,2022.0,Pública,EE Leonice de Aquino Oliveira,Cursando,,,Ágata,Agata,Quartzo,5.667282265,6.973,6.0197,,,,,5.0,8.8,4.9,7.5,1.7,5.4,10.0,6.4,0.0,0.0,5.0,,,Fase 3 (7° e 8° ano),0.0,,,,,0,0.2916426564665536,29.16
RA-375,2024,3H,3H,Aluno-375,2011.0,2011-06-21,13.0,Masculino,2021.0,Pública,EE Leonice de Aquino Oliveira,Cursando,Topázio,Topázio,Ametista,Ametista,Ametista,7.970034615,7.831,7.070833333,,,,,5.0,9.6,9.4,7.5,6.8,6.4,10.0,7.2,9.0,5.5,6.0,,,Fase 3 (7° e 8° ano),0.0,,,,,0,0.44764221291676587,44.76
RA-1533,2024,3I,3I,Aluno-1533,2010.0,2010-01-11,14.0,Feminino,2024.0,Pública,EE Joaquim Mendes Feliz,Cursando,,,,,Topázio,9.089828986,,,,,,,4.0,9.2,9.7,8.1,9.5,8.3,10.0,8.5,10.0,8.5,10.0,,,Fase 3 (7° e 8° ano),0.0,,,,,0,0.440386737120319,44.04
RA-1534,2024,3I,3I,Aluno-1534,2010.0,2010-12-28,13.0,Feminino,2024.0,Pública,EE Paschoal Carlos Magno,Cursando,,,,,Ametista,7.188366667,,,,,,,4.0,7.9,9.7,8.1,1.2,8.1,10.0,8.0,2.0,1.5,0.0,,,Fase 3 (7° e 8° ano),0.0,,,,,0,0.26286541668722674,26.29
RA-1160,2024,3I,3I,Aluno-1160,2010.0,2010-01-04,14.0,Masculino,2023.0,Pública,EE Joaquim Mendes Feliz,Cursando,,,,Agata,Agata,6.274190982,,6.636166667,,,,,4.0,8.8,8.2,7.5,3.2,6.2,5.0,6.3,5.5,2.0,2.0,,,Fase 4 (9° ano),-1.0,,,,,0,0.4529140734086035,45.29
RA-562,2024,3I,3I,Aluno-562,2011.0,2011-07-27,13.0,Feminino,2021.0,Pública,EE Joaquim Mendes Feliz,Cursando,,Ametista,Ametista,Agata,Topázio,8.392733333,7.855,6.824833333,,,,,4.0,8.3,9.8,8.1,7.8,7.3,10.0,7.6,7.5,7.5,8.5,,,Fase 3 (7° e 8° ano),0.0,,,,,0,0.36499142060846834,36.5
RA-1112,2024,3I,3I,Aluno-1112,2011.0,2011-06-28,13.0,Masculino,2023.0,Pública,EE Joaquim Mendes Feliz,Cursando,,,,Ametista,Agata,6.856082394,,7.088866667,,,,,4.0,9.6,9.0,8.1,4.0,4.7,10.0,5.4,4.0,4.0,4.0,,,Fase 3 (7° e 8° ano),0.0,,,,,0,0.41533764446097865,41.53
RA-1535,2024,3I,3I,Aluno-1535,2011.0,2011-08-09,13.0,Feminino,2024.0,Pública,EE Paschoal Carlos Magno,Cursando,,,,,Ametista,7.10939097,,,,,,,4.0,8.8,5.1,7.5,5.8,7.9,10.0,7.1,7.5,5.5,4.5,,,Fase 3 (7° e 8° ano),0.0,,,,,0,0.47772382677403447,47.77
RA-1536,2024,3I,3I,Aluno-1536,2009.0,2009-10-24,15.0,Feminino,2024.0,Pública,EE Paschoal Carlos Magno,Cursando,,,,,Ametista,7.653744444,,,,,,,4.0,9.2,8.7,8.1,7.0,7.5,5.0,7.9,10.0,3.5,7.5,,,Fase 4 (9° ano),-1.0,,,,,1,0.6040034877160491,60.4
RA-357,2024,3I,3I,Aluno-357,2010.0,2010-05-30,14.0,Masculino,2022.0,Pública,EE Joaquim Mendes Feliz,Cursando,,,Ametista,Topázio,Ametista,7.731569404,7.836,8.2832,,,,,4.0,8.8,9.0,8.1,7.7,7.1,5.0,7.9,8.5,7.0,7.5,,,Fase 4 (9° ano),-1.0,,,,,0,0.38668266510230487,38.67
RA-583,2024,3I,3I,Aluno-583,2010.0,2010-12-10,14.0,Feminino,2021.0,Pública,EE Joaquim Mendes Feliz,Cursando,Ametista,Ametista,Ametista,Ametista,Ametista,7.447591036,7.456,7.838866667,,,,,4.0,7.9,8.9,8.1,5.0,6.9,10.0,6.9,6.5,4.5,4.0,,,Fase 3 (7° e 8° ano),0.0,,,,,0,0.15634577903850203,15.63
RA-1537,2024,3I,3I,Aluno-1537,2010.0,2010-06-22,14.0,Feminino,2024.0,Pública,EE Joaquim Mendes Feliz,Cursando,,,,,Topázio,8.176263231,,,,,,,4.0,9.2,8.3,8.1,8.7,8.7,5.0,8.1,10.0,6.0,10.0,,,Fase 4 (9° ano),-1.0,,,,,1,0.622636950420767,62.26
RA-599,2024,3K,3K,Aluno-599,2012.0,2012-10-31,12.0,Masculino,2022.0,Pública,EE Maria André Schunck Dona,Cursando,,,Topázio,Topázio,Topázio,8.356935294,8.2,8.532866667,,,,,3.0,10.0,8.6,9.4,7.7,7.3,10.0,7.1,8.0,7.0,8.0,,,Fase 2 (5° e 6° ano),1.0,,,,,0,0.16754622325841154,16.75
RA-651,2024,3K,3K,Aluno-651,2012.0,2012-08-10,12.0,Feminino,2022.0,Pública,EE Mario Francisco de Amorim,Cursando,,,Ametista,Ametista,Topázio,8.6893,7.866,7.332,,,,,3.0,9.2,10.0,7.5,7.5,8.3,10.0,8.5,10.0,6.0,6.5,,,Fase 2 (5° e 6° ano),1.0,,,,,0,0.33631175244597117,33.63
RA-1131,2024,3K,3K,Aluno-1131,2011.0,2011-04-19,13.0,Feminino,2023.0,Privada - Programa de Apadrinhamento,Colégio Arco Íris Evolução,Cursando,,,,Topázio,Topázio,8.288955556,,8.316133333,,,,,3.0,8.3,9.3,6.3,8.3,7.9,10.0,7.3,8.0,7.0,10.0,,,Fase 3 (7° e 8° ano),0.0,,,,,0,0.3498497958142728,34.98
RA-403,2024,3K,3K,Aluno-403,2010.0,2010-02-07,14.0,Masculino,2021.0,Pública,EE Maria André Schunck Dona,Cursando,Ametista,Ametista,Ametista,Ametista,Topázio,8.008488889,7.455,7.716366667,,,,,3.0,8.8,7.4,7.5,7.7,7.6,10.0,8.5,6.0,8.0,9.0,,,Fase 3 (7° e 8° ano),0.0,,,,,0,0.15075423654820472,15.08
RA-1538,2024,3K,3K,Aluno-1538,2010.0,2010-11-29,13.0,Masculino,2021.0,Pública,EE Maria André Schunck Dona,Cursando,,,,,Ametista,7.96317037,,,,,,,3.0,9.2,7.9,8.1,7.2,7.1,10.0,7.9,7.5,6.0,8.0,,,Fase 2 (5° e 6° ano),1.0,,,,,0,0.319358358481251,31.94
RA-469,2024,3K,3K,Aluno-469,2011.0,2011-07-10,13.0,Feminino,2022.0,Pública,EE Maria André Schunck Dona,Cursando,,,Ametista,Ametista,Ametista,7.684639869,7.624,7.482533333,,,,,3.0,9.2,9.5,7.5,5.0,6.9,10.0,7.3,6.0,4.0,5.0,,,Fase 3 (7° e 8° ano),0.0,,,,,0,0.3710786668223218,37.11
RA-1121,2024,3K,3K,Aluno-1121,2012.0,2012-08-01,12.0,Masculino,2023.0,Pública,EE Maria André Schunck Dona,Cursando,,,,Topázio,Topázio,8.407166667,,8.049,,,,,3.0,9.6,10.0,7.5,6.7,8.3,10.0,7.1,9.0,5.0,6.0,,,Fase 3 (7° e 8° ano),0.0,,,,,0,0.31308918708136474,31.31
RA-1122,2024,3K,3K,Aluno-1122,2012.0,2012-09-30,12.0,Masculino,2023.0,Pública,EE Maria André Schunck Dona,Cursando,,,,Ametista,Ametista,7.817322222,,7.3715,,,,,3.0,8.8,9.9,7.5,5.3,7.2,10.0,7.1,5.0,4.5,6.5,,,Fase 2 (5° e 6° ano),1.0,,,,,0,0.46523683293367135,46.52
RA-422,2024,3K,3K,Aluno-422,2010.0,2010-10-01,14.0,Masculino,2022.0,Pública,EE Maria André Schunck Dona,Cursando,,,Ágata,Quartzo,Quartzo,5.544981481,6.746,5.57,,,,,3.0,7.5,6.2,7.5,2.8,5.5,5.0,6.5,3.0,4.5,1.0,,,Fase 4 (9° ano),-1.0,,,,,1,0.5902229940181397,59.02
RA-1117,2024,3K,3K,Aluno-1117,2012.0,2012-04-10,12.0,Feminino,2023.0,Pública,EE Maria André Schunck Dona,Cursando,,,,Topázio,Ametista,7.601562963,,8.382366667,,,,,3.0,8.8,8.3,7.5,5.7,6.8,10.0,8.1,5.0,5.0,7.0,,,Fase 2 (5° e 6° ano),1.0,,,,,0,0.18697720349724747,18.7
RA-1539,2024,3K,3K,Aluno-1539,2011.0,2011-10-28,13.0,Feminino,2024.0,Pública,EE Maria André Schunck Dona,Cursando,,,,,Ametista,7.709588889,,,,,,,3.0,6.7,9.0,6.9,6.8,7.1,10.0,7.7,6.0,7.0,7.5,,,Fase 3 (7° e 8° ano),0.0,,,,,0,0.4312508908632686,43.13
RA-618,2024,3K,3K,Aluno-618,2009.0,2009-06-02,15.0,Masculino,2021.0,Pública,EE Donizetti Aparecido Leite Professor,Cursando,Ametista,Ametista,Ametista,Agata,Agata,6.718348148,7.18,6.4745,,,,,3.0,10.0,8.3,6.9,4.2,6.8,5.0,6.7,5.0,4.5,3.0,,,Fase 5 (1° EM),-2.0,,,,,1,0.7608084493164397,76.08
RA-669,2024,3K,3K,Aluno-669,2011.0,2011-11-20,12.0,Masculino,2022.0,Pública,EE Maria André Schunck Dona,Cursando,,,Ametista,Ametista,Agata,6.64387037,7.475,7.345033333,,,,,3.0,7.5,4.9,7.5,5.3,6.9,10.0,7.3,5.0,6.0,5.0,,,Fase 3 (7° e 8° ano),0.0,,,,,0,0.28821503180839736,28.82
RA-408,2024,3K,3K,Aluno-408,2010.0,2010-08-29,14.0,Feminino,2022.0,Pública,EE Maria André Schunck Dona,Cursando,,,Ágata,Ametista,Agata,6.52762963,6.725,7.242133333,,,,,3.0,7.5,5.0,7.5,4.8,6.8,10.0,7.1,3.0,5.5,6.0,,,Fase 3 (7° e 8° ano),0.0,,,,,0,0.29636332821637135,29.64
RA-610,2024,3K,3K,Aluno-610,2013.0,2013-05-01,11.0,Feminino,2022.0,Pública,EE Maria André Schunck Dona,Cursando,,,Topázio,Topázio,Ametista,7.894888889,8.18,8.2857,,,,,3.0,9.6,9.7,3.8,6.3,8.3,10.0,6.9,8.0,5.0,6.0,,,Fase 2 (5° e 6° ano),1.0,,,,,0,0.23896070977484077,23.9
RA-409,2024,3K,3K,Aluno-409,2011.0,2011-04-07,13.0,Feminino,2022.0,Pública,EE Maria André Schunck Dona,Cursando,,,Topázio,Ametista,Topázio,8.225462963,8.15,7.621466667,,,,,3.0,9.6,9.2,7.5,7.2,7.2,10.0,7.9,7.0,7.5,7.0,,,Fase 3 (7° e 8° ano),0.0,,,,,0,0.13265797593065617,13.27
RA-464,2024,3L,3L,Aluno-464,2009.0,2009-12-09,15.0,Feminino,2022.0,Pública,EE Maria André Schunck Dona,Cursando,,,Ágata,Agata,Agata,6.872009064,6.745,6.081675,,,,,4.0,9.2,7.9,8.8,4.3,7.1,5.0,7.2,3.0,3.5,6.5,,,Fase 4 (9° ano),-1.0,,,,,1,0.7406668181565563,74.07
RA-1165,2024,3L,3L,Aluno-1165,2011.0,2011-06-17,13.0,Feminino,2023.0,Pública,EM Alfredo Schunk,Cursando,,,,Ametista,Ametista,7.908044272,,7.880716667,,,,,4.0,8.8,6.8,8.1,8.0,7.8,10.0,6.9,9.0,7.5,7.5,,,Fase 3 (7° e 8° ano),0.0,,,,,0,0.21481519524912854,21.48
RA-466,2024,3L,3L,Aluno-466,2009.0,2009-10-22,15.0,Masculino,2022.0,Pública,EE Maria André Schunck Dona,Cursando,,,Ágata,Agata,Agata,6.778749123,6.826,6.595533333,,,,,4.0,8.8,7.2,8.8,4.0,7.7,5.0,7.5,3.0,6.5,2.5,,,Fase 4 (9° ano),-1.0,,,,,1,0.6919008961949159,69.19
RA-414,2024,3L,3L,Aluno-414,2010.0,2010-10-24,14.0,Feminino,2021.0,Pública,EE Maria André Schunck Dona,Cursando,,Ágata,Ametista,Ametista,Ametista,7.187625926,7.284,7.25025,,,,,4.0,7.9,8.4,7.5,6.0,5.7,10.0,6.3,9.0,3.0,6.0,,,Fase 3 (7° e 8° ano),0.0,,,,,0,0.3724161878783002,37.24
RA-401,2024,3L,3L,Aluno-401,2010.0,2010-10-28,14.0,Feminino,2021.0,Pública,EE Maria André Schunck Dona,Cursando,,Quartzo,Ágata,Agata,Agata,6.728911404,6.645,6.363666667,,,,,4.0,6.7,6.8,6.9,4.8,6.9,10.0,6.6,7.0,5.0,2.5,,,Fase 3 (7° e 8° ano),0.0,,,,,0,0.25804432733084964,25.8
RA-1141,2024,3L,3L,Aluno-1141,2011.0,2011-06-27,13.0,Feminino,2023.0,Pública,EE Maria André Schunck Dona,Cursando,,,,Ametista,Agata,6.793890867,,7.2757,,,,,4.0,9.6,6.2,7.5,4.2,6.8,10.0,6.6,5.0,4.5,3.0,,,Fase 3 (7° e 8° ano),0.0,,,,,0,0.2718504237319166,27.19
RA-592,2024,3L,3L,Aluno-592,2012.0,2012-09-21,12.0,Feminino,2021.0,Privada,Escola João Paulo II,Cursando,Ametista,Ametista,Ametista,Ametista,Ametista,7.121622214,7.381,7.935466667,,,,,4.0,7.9,6.1,2.5,7.8,7.6,10.0,7.7,7.0,8.0,8.5,,,Fase 2 (5° e 6° ano),1.0,,,,,0,0.19527993942896477,19.53
RA-474,2024,3L,3L,Aluno-474,2009.0,2009-08-19,15.0,Masculino,2021.0,Pública,EE Maria André Schunck Dona,Cursando,Ametista,Ametista,Ágata,Quartzo,Agata,6.024753704,6.446,5.283583333,,,,,4.0,9.2,5.8,7.5,3.0,6.9,5.0,7.2,4.0,3.0,2.0,,,Fase 4 (9° ano),-1.0,,,,,1,0.881270004268316,88.13
RA-602,2024,3L,3L,Aluno-602,2011.0,2011-02-25,13.0,Masculino,2021.0,Pública,EE Maria André Schunck Dona,Cursando,Ametista,Ametista,Ametista,Topázio,Topázio,8.647409314,8.041,8.5592,,,,,4.0,9.6,9.7,7.5,7.3,8.5,10.0,8.3,9.0,5.0,8.0,,,Fase 3 (7° e 8° ano),0.0,,,,,0,0.10817047157733724,10.82
RA-666,2024,3L,3L,Aluno-666,2012.0,2012-09-05,12.0,Masculino,2022.0,Pública,EE Maria André Schunck Dona,Cursando,,,Ametista,Topázio,Topázio,8.185838803,7.929,8.720366667,,,,,4.0,10.0,7.9,7.5,7.2,8.4,10.0,7.5,10.0,5.5,6.0,,,Fase 3 (7° e 8° ano),0.0,,,,,0,0.20886384275498368,20.89
RA-604,2024,3L,3L,Aluno-604,2012.0,2012-05-10,12.0,Feminino,2021.0,Pública,EE Maria André Schunck Dona,Cursando,,Ametista,Ametista,Topázio,Ametista,7.429623555,8.018,8.548033333,,,,,4.0,8.3,7.5,8.1,7.0,6.2,10.0,6.4,8.0,5.5,7.5,,,Fase 2 (5° e 6° ano),1.0,,,,,0,0.25067561882678474,25.07
RA-476,2024,3L,3L,Aluno-476,2010.0,2010-07-23,14.0,Feminino,2021.0,Pública,EE Maria André Schunck Dona,Cursando,Ágata,Ametista,Ágata,Agata,Agata,6.735998246,6.931,6.492408333,,,,,4.0,7.9,6.6,7.5,4.5,6.7,10.0,6.3,7.0,4.0,2.5,,,Fase 3 (7° e 8° ano),0.0,,,,,0,0.2655729877894786,26.56
RA-423,2024,3L,3L,Aluno-423,2010.0,2010-09-22,14.0,Feminino,2022.0,Pública,EE Maria André Schunck Dona,Cursando,,,Ágata,Agata,Agata,6.616193705,6.647,6.607533333,,,,,4.0,5.8,6.5,8.1,4.3,6.8,10.0,6.9,6.0,3.5,3.5,,,Fase 3 (7° e 8° ano),0.0,,,,,0,0.18929287364909048,18.93
RA-631,2024,3L,3L,Aluno-631,2010.0,2010-08-28,14.0,Masculino,2022.0,Pública,EE Maria André Schunck Dona,Cursando,,,Ágata,Quartzo,Agata,6.79567342,6.928,5.954666667,,,,,4.0,8.3,7.2,8.8,4.2,6.2,10.0,5.6,7.0,3.5,2.0,,,Fase 3 (7° e 8° ano),0.0,,,,,0,0.2078243893720292,20.78
RA-658,2024,3M,3M,Aluno-658,2012.0,2012-10-27,12.0,Feminino,2022.0,Pública,EM Cecilia Cristina de Oliveira Rodrigues,Cursando,,,Ametista,Topázio,Ametista,7.507033333,7.407,8.438533333,,,,,5.0,8.8,10.0,8.1,3.7,6.7,10.0,7.4,5.5,2.5,3.0,,,Fase 2 (5° e 6° ano),1.0,,,,,0,0.19100325359662662,19.1
RA-1540,2024,3M,3M,Aluno-1540,2010.0,2010-05-27,14.0,Feminino,2024.0,Pública,EE Donizetti Aparecido Leite Professor,Cursando,,,,,Quartzo,5.696233333,,,,,,,5.0,8.3,5.0,7.5,2.7,6.8,5.0,7.1,2.0,2.0,4.0,,,Fase 4 (9° ano),-1.0,,,,,1,0.6049912492372731,60.5
RA-1541,2024,3M,3M,Aluno-1541,2011.0,2011-07-21,13.0,Masculino,2024.0,Pública,EM Alfredo Schunk,Cursando,,,,,Topázio,8.337,,,,,,,5.0,9.2,8.6,6.9,8.2,7.7,10.0,8.3,9.0,7.0,8.5,,,Fase 3 (7° e 8° ano),0.0,,,,,0,0.3430953954548297,34.31
RA-1114,2024,3M,3M,Aluno-1114,2011.0,2011-11-14,12.0,Feminino,2023.0,Pública,EM Cecilia Cristina de Oliveira Rodrigues,Cursando,,,,Ametista,Ametista,7.437466667,,7.5667,,,,,5.0,8.8,9.5,2.5,5.0,7.8,10.0,8.4,5.0,3.0,7.0,,,Fase 3 (7° e 8° ano),0.0,,,,,0,0.2815499599219649,28.15
RA-662,2024,3M,3M,Aluno-662,2011.0,2011-09-30,13.0,Feminino,2022.0,Pública,EM Cecilia Cristina de Oliveira Rodrigues,Cursando,,,Ametista,Agata,Ametista,7.107477855,7.044,6.733566667,,,,,5.0,7.9,7.6,7.5,4.2,7.2,10.0,7.6,4.5,5.0,3.0,,,Fase 3 (7° e 8° ano),0.0,,,,,0,0.2505198135452358,25.05
RA-760,2024,3M,3M,Aluno-760,2011.0,2011-11-01,13.0,Masculino,2021.0,Pública,EM Cecilia Cristina de Oliveira Rodrigues,Cursando,,Ametista,Topázio,Agata,Agata,6.942581818,8.172,6.548333333,,,,,5.0,9.2,7.1,7.5,5.0,6.2,10.0,6.3,2.5,3.5,9.0,,,Fase 3 (7° e 8° ano),0.0,,,,,0,0.20015888953801533,20.02
RA-1542,2024,3M,3M,Aluno-1542,2008.0,2008-09-18,16.0,Feminino,2024.0,Pública,EE Donizetti Aparecido Leite Professor,Cursando,,,,,Agata,6.088607992,,,,,,,5.0,7.5,6.3,8.1,3.2,7.0,5.0,7.4,1.0,3.5,5.0,,,Fase 5 (1° EM),-2.0,,,,,1,0.8072496971141234,80.72
RA-404,2024,3M,3M,Aluno-404,2010.0,2010-10-09,14.0,Feminino,2021.0,Pública,EM Cecilia Cristina de Oliveira Rodrigues,Cursando,Ametista,Ágata,Ágata,Agata,Agata,6.624588235,6.658,6.7093,,,,,5.0,8.3,6.3,2.5,5.7,7.0,10.0,7.5,6.0,5.0,6.0,,,Fase 3 (7° e 8° ano),0.0,,,,,0,0.4592959345257262,45.93
RA-1119,2024,3M,3M,Aluno-1119,2010.0,2010-04-29,14.0,Feminino,2023.0,Pública,EM Cecilia Cristina de Oliveira Rodrigues,Cursando,,,,Ametista,Ametista,7.388266667,,7.192,,,,,5.0,9.6,8.7,7.5,5.7,7.7,5.0,7.6,6.0,3.5,7.5,,,Fase 4 (9° ano),-1.0,,,,,1,0.5470967316136357,54.71
RA-1116,2024,3M,3M,Aluno-1116,2009.0,2009-10-27,15.0,Masculino,2023.0,Pública,EM Cecilia Cristina de Oliveira Rodrigues,Cursando,,,,Agata,Quartzo,3.789477778,,6.956533333,,,,,5.0,0.0,3.4,6.3,2.3,5.1,5.0,5.1,1.0,3.0,3.0,,,Fase 4 (9° ano),-1.0,,,,,1,0.7931419351215113,79.31
RA-667,2024,3M,3M,Aluno-667,2011.0,2011-04-22,13.0,Masculino,2021.0,Pública,EM Cecilia Cristina de Oliveira Rodrigues,Cursando,,Ametista,Quartzo,Agata,Ametista,7.177130604,5.844,6.774866667,,,,,5.0,9.2,7.0,7.5,4.7,7.0,10.0,7.8,5.5,4.5,4.0,,,Fase 3 (7° e 8° ano),0.0,,,,,0,0.3629920235368182,36.3
RA-605,2024,3M,3M,Aluno-605,2010.0,2010-11-29,13.0,Feminino,2021.0,Pública,EM Cecilia Cristina de Oliveira Rodrigues,Cursando,,Ametista,Ametista,Ametista,Agata,6.017522222,7.276,7.709366667,,,,,5.0,7.5,6.2,6.9,2.7,5.5,10.0,7.0,1.5,3.5,3.0,,,Fase 3 (7° e 8° ano),0.0,,,,,0,0.15678193559760742,15.68
RA-1543,2024,3M,3M,Aluno-1543,2010.0,2010-08-02,14.0,Masculino,2024.0,Pública,EE Donizetti Aparecido Leite Professor,Cursando,,,,,Agata,6.754584615,,,,,,,5.0,7.5,8.1,7.5,5.0,7.1,5.0,7.3,6.0,4.0,,,,Fase 4 (9° ano),-1.0,,,,,1,0.6556463541094247,65.56
RA-1118,2024,3M,3M,Aluno-1118,2010.0,2010-04-11,14.0,Feminino,2023.0,Pública,EM Alfredo Schunk,Cursando,,,,Ametista,Ametista,7.030554592,,7.163833333,,,,,5.0,7.1,7.8,9.4,3.8,6.9,10.0,6.8,3.0,4.5,4.0,,,Fase 3 (7° e 8° ano),0.0,,,,,0,0.3550973010966192,35.51
RA-1544,2024,3M,3M,Aluno-1544,2010.0,2010-04-26,14.0,Feminino,2024.0,Pública,EM Cecilia Cristina de Oliveira Rodrigues,Cursando,,,,,Agata,6.905568627,,,,,,,5.0,8.3,8.7,6.9,5.8,6.6,5.0,6.6,5.5,5.5,6.5,,,Fase 4 (9° ano),-1.0,,,,,1,0.6556002360108312,65.56
RA-1545,2024,3N,3N,Aluno-1545,2012.0,2012-01-13,12.0,Feminino,2024.0,Pública,EE Paschoal Carlos Magno,Cursando,,,,,Ametista,7.296598576,,,,,,,2.0,7.5,6.2,8.1,8.2,6.2,10.0,6.3,8.0,6.5,10.0,,,Fase 3 (7° e 8° ano),0.0,,,,,0,0.3387767388893228,33.88
RA-1127,2024,3N,3N,Aluno-1127,2012.0,2012-07-03,12.0,Feminino,2023.0,Pública,EE Donizetti Aparecido Leite Professor,Cursando,,,,Topázio,Topázio,8.180966667,,8.3167,,,,,2.0,9.2,10.0,7.5,5.8,7.7,10.0,8.1,8.5,4.5,4.5,,,Fase 3 (7° e 8° ano),0.0,,,,,0,0.33875749045816184,33.88
RA-1129,2024,3N,3N,Aluno-1129,2012.0,2012-01-31,12.0,Masculino,2023.0,Pública,EE Donizetti Aparecido Leite Professor,Cursando,,,,Ametista,Ametista,7.360417647,,7.309333333,,,,,2.0,9.2,7.1,8.1,6.8,5.7,10.0,6.9,9.0,5.5,6.0,,,Fase 3 (7° e 8° ano),0.0,,,,,0,0.45447330640237005,45.45
RA-1546,2024,3N,3N,Aluno-1546,2010.0,2010-06-29,14.0,Masculino,2024.0,Pública,EE Paschoal Carlos Magno,Cursando,,,,,Agata,6.900662108,,,,,,,2.0,8.3,6.4,8.8,4.7,6.2,10.0,7.5,5.0,3.0,6.0,,,Fase 3 (7° e 8° ano),0.0,,,,,1,0.5258355929034259,52.58
RA-1130,2024,3N,3N,Aluno-1130,2012.0,2012-03-21,12.0,Masculino,2023.0,Pública,EE Donizetti Aparecido Leite Professor,Cursando,,,,Topázio,Agata,6.563952941,,8.0037,,,,,2.0,8.8,6.3,8.1,4.3,5.3,10.0,6.9,7.5,3.5,2.0,,,Fase 3 (7° e 8° ano),0.0,,,,,0,0.25074894408958526,25.07
RA-1168,2024,3N,3N,Aluno-1168,2010.0,2010-03-26,14.0,Feminino,2023.0,Pública,EE Paschoal Carlos Magno,Cursando,,,,Quartzo,Agata,6.864053922,,5.886625,,,,,2.0,9.6,7.7,7.5,5.7,6.3,5.0,7.2,8.5,3.5,5.0,,,Fase 4 (9° ano),-1.0,,,,,1,0.6778455122246793,67.78
RA-613,2024,3N,3N,Aluno-613,2009.0,2009-10-25,15.0,Masculino,2021.0,Pública,EE Donizetti Aparecido Leite Professor,Cursando,Ametista,Ametista,Topázio,Agata,Ametista,7.4019,8.121,6.864508333,,,,,2.0,8.3,9.6,7.5,7.3,6.3,5.0,6.9,8.0,6.0,8.0,,,Fase 4 (9° ano),-1.0,,,,,1,0.6016331225473129,60.16
RA-433,2024,3N,3N,Aluno-433,2010.0,2010-10-10,14.0,Masculino,2022.0,Pública,EE Donizetti Aparecido Leite Professor,Cursando,,,Quartzo,Agata,Ametista,7.218157143,5.557,6.5982,,,,,2.0,7.9,8.4,8.1,4.8,6.4,10.0,6.9,6.5,4.0,4.0,,,Fase 3 (7° e 8° ano),0.0,,,,,0,0.3788259800286477,37.88
RA-1547,2024,3N,3N,Aluno-1547,2009.0,2009-11-20,14.0,Feminino,2024.0,Pública,EE Donizetti Aparecido Leite Professor,Cursando,,,,,Agata,6.748480627,,,,,,,2.0,7.9,6.5,8.1,6.7,6.3,5.0,7.5,9.5,6.0,4.5,,,Fase 4 (9° ano),-1.0,,,,,0,0.49521594177387,49.52
RA-1548,2024,3N,3N,Aluno-1548,2011.0,2011-01-25,13.0,Feminino,2024.0,Pública,Estuda em outra cidade,Cursando,,,,,Agata,6.482499715,,,,,,,2.0,8.3,5.2,7.5,4.8,5.7,10.0,7.5,9.0,4.5,1.0,,,Fase 3 (7° e 8° ano),0.0,,,,,0,0.3720007710072554,37.2
RA-304,2024,3N,3N,Aluno-304,2007.0,2007-02-12,16.0,Masculino,2021.0,Pública,EE Maria André Schunck Dona,Cursando,Ametista,Ágata,Ágata,Agata,Agata,6.852411485,6.355,6.241583333,,,,,2.0,10.0,7.8,7.5,7.2,5.8,2.5,6.9,9.0,5.5,7.0,,,Fase 6 (2° EM),-3.0,,,,,1,0.8564165236408994,85.64
RA-1549,2024,3N,3N,Aluno-1549,2009.0,2009-01-31,15.0,Masculino,2024.0,Pública,EE Maria André Schunck Dona,Cursando,,,,,Agata,6.5148622,,,,,,,2.0,9.6,7.4,7.5,4.2,6.3,5.0,7.2,5.5,3.0,4.0,,,Fase 5 (1° EM),-2.0,,,,,1,0.7503501284486714,75.04
RA-632,2024,3P,3P,Aluno-632,2012.0,2012-04-21,12.0,Feminino,2022.0,Pública,EE Maria André Schunck Dona,Cursando,,,Ágata,Ametista,Ametista,7.515491249,6.996,7.8768,,,,,4.0,7.9,9.0,6.9,4.2,7.9,10.0,8.3,0.0,6.0,6.5,,,Fase 3 (7° e 8° ano),0.0,,,,,0,0.2615612326867158,26.16
RA-633,2024,3P,3P,Aluno-633,2011.0,2011-03-06,13.0,Feminino,2021.0,Pública,EE Maria André Schunck Dona,Cursando,Ametista,Ágata,Ametista,Agata,Quartzo,5.228470175,7.476,6.6552,,,,,4.0,4.6,4.7,2.5,3.3,6.1,10.0,6.9,4.0,6.0,0.0,,,Fase 3 (7° e 8° ano),0.0,,,,,0,0.2517977794891163,25.18
RA-1137,2024,3P,3P,Aluno-1137,2013.0,2013-02-27,11.0,Feminino,2023.0,Pública,EE Maria André Schunck Dona,Cursando,,,,Topázio,Ametista,7.183752652,,8.743366667,,,,,4.0,8.3,7.6,8.1,3.5,7.5,10.0,8.3,1.0,4.5,5.0,,,Fase 2 (5° e 6° ano),1.0,,,,,0,0.13384580101418883,13.38
RA-646,2024,3P,3P,Aluno-646,2009.0,2009-12-19,14.0,Masculino,2021.0,Pública,EE Donizetti Aparecido Leite Professor,Cursando,Ametista,Ametista,Topázio,Topázio,Ametista,7.715491667,8.181,8.3547,,,,,4.0,10.0,9.3,7.5,6.2,7.7,5.0,8.3,9.0,4.5,5.0,,,Fase 4 (9° ano),-1.0,,,,,0,0.4115291939752851,41.15
RA-1550,2024,3P,3P,Aluno-1550,2009.0,2009-10-21,15.0,Masculino,2024.0,Pública,EE Maria André Schunck Dona,Cursando,,,,,Agata,6.064236111,,,,,,,4.0,9.6,5.2,7.5,4.3,6.2,5.0,7.0,5.0,3.0,5.0,,,Fase 4 (9° ano),-1.0,,,,,1,0.7112583185089215,71.13
RA-1139,2024,3P,3P,Aluno-1139,2012.0,2012-09-16,12.0,Masculino,2023.0,Pública,EE Maria André Schunck Dona,Cursando,,,,Ametista,Agata,6.906276358,,7.6647,,,,,4.0,8.3,6.2,7.5,4.7,7.0,10.0,7.5,5.0,3.0,6.0,,,Fase 2 (5° e 6° ano),1.0,,,,,0,0.19451392165304024,19.45
RA-444,2024,3P,3P,Aluno-444,2009.0,2009-12-15,14.0,Masculino,2021.0,Pública,EE Maria André Schunck Dona,Cursando,Ágata,Ametista,Ágata,Quartzo,Quartzo,5.410188638,6.665,5.958791667,,,,,4.0,8.3,6.4,2.5,3.7,6.0,5.0,6.3,2.0,5.0,4.0,,,Fase 4 (9° ano),-1.0,,,,,0,0.4510508151268038,45.11
RA-445,2024,3P,3P,Aluno-445,2010.0,2010-07-30,14.0,Masculino,2022.0,Pública,EE Maria André Schunck Dona,Cursando,,,Ágata,Ametista,Ametista,7.341624603,6.924,7.9087,,,,,4.0,7.9,8.7,7.5,4.0,7.4,10.0,7.8,3.0,6.0,3.0,,,Fase 3 (7° e 8° ano),0.0,,,,,0,0.1575779589018279,15.76
RA-639,2024,3P,3P,Aluno-639,2012.0,2012-02-24,12.0,Feminino,2021.0,Pública,EE Maria André Schunck Dona,Cursando,,Ametista,Ágata,Ametista,Quartzo,5.769380764,6.613,7.5853,,,,,4.0,7.9,5.3,2.5,3.8,6.2,10.0,6.7,1.0,4.5,6.0,,,Fase 3 (7° e 8° ano),0.0,,,,,0,0.3835819340596086,38.36
RA-1142,2024,3P,3P,Aluno-1142,2012.0,2012-05-28,12.0,Feminino,2023.0,Pública,EM Cecilia Cristina de Oliveira Rodrigues,Cursando,,,,Topázio,Topázio,8.390566667,,9.175033333,,,,,4.0,8.3,9.1,7.5,8.5,7.3,10.0,8.1,10.0,8.0,7.5,,,Fase 3 (7° e 8° ano),0.0,,,,,0,0.2415074603568227,24.15
RA-1551,2024,3P,3P,Aluno-1551,2009.0,2009-04-05,15.0,Masculino,2024.0,Pública,EE Donizetti Aparecido Leite Professor,Cursando,,,,,Quartzo,5.971708754,,,,,,,4.0,9.6,4.8,7.5,3.5,6.8,5.0,7.5,1.0,5.5,4.0,,,Fase 5 (1° EM),-2.0,,,,,1,0.8240531571258555,82.41
RA-458,2024,3P,3P,Aluno-458,2009.0,2009-12-09,15.0,Masculino,2021.0,Pública,EE Maria André Schunck Dona,Cursando,Ametista,Quartzo,Ágata,Agata,Quartzo,5.680161508,6.512,6.312083333,,,,,4.0,8.8,3.7,6.9,4.0,6.8,5.0,7.0,3.0,4.0,5.0,,,Fase 4 (9° ano),-1.0,,,,,1,0.7565214574574864,75.65
RA-1552,2024,3P,3P,Aluno-1552,2011.0,2011-02-23,13.0,Masculino,2024.0,Pública,EM Cecilia Cristina de Oliveira Rodrigues,Cursando,,,,,Ametista,7.443301282,,,,,,,4.0,9.6,9.7,7.5,3.2,7.2,10.0,7.2,1.0,4.5,4.0,,,Fase 3 (7° e 8° ano),0.0,,,,,0,0.4697702481997904,46.98
RA-1170,2024,3P,3P,Aluno-1170,2009.0,2009-07-04,15.0,Masculino,2023.0,Pública,EE Donizetti Aparecido Leite Professor,Cursando,,,,Agata,Agata,6.095440873,,6.874683333,,,,,4.0,9.2,5.6,8.1,3.5,6.7,5.0,7.0,1.0,2.5,7.0,,,Fase 5 (1° EM),-2.0,,,,,1,0.573292754764672,57.33
RA-642,2024,3P,3P,Aluno-642,2012.0,2012-02-01,12.0,Feminino,2021.0,Pública,EE Maria André Schunck Dona,Cursando,,Topázio,Ametista,Topázio,Ametista,7.08259127,7.75,8.416866667,,,,,4.0,9.6,9.1,3.8,4.0,7.0,10.0,7.2,2.0,5.0,5.0,,,Fase 3 (7° e 8° ano),0.0,,,,,0,0.3025889156170325,30.26
RA-1553,2024,3R,3R,Aluno-1553,2011.0,2011-05-16,13.0,Masculino,2024.0,Pública,EE Donizetti Aparecido Leite Professor,Cursando,,,,,Ametista,7.641184314,,,,,,,3.0,8.3,9.0,7.5,4.3,7.8,10.0,8.3,6.0,5.0,2.0,,,Fase 3 (7° e 8° ano),0.0,,,,,0,0.3334511498173816,33.35
RA-1554,2024,3R,3R,Aluno-1554,2009.0,2009-03-14,15.0,Masculino,2024.0,Pública,EE Maria André Schunck Dona,Cursando,,,,,Agata,6.941692593,,,,,,,3.0,6.7,9.6,8.8,4.0,7.2,5.0,7.3,3.0,,5.0,,,Fase 5 (1° EM),-2.0,,,,,1,0.7575278419996344,75.75
RA-649,2024,3R,3R,Aluno-649,2010.0,2010-08-07,14.0,Feminino,2021.0,Pública,EE Paschoal Carlos Magno,Cursando,Ágata,Ametista,Ametista,Ametista,Agata,6.985329692,7.302,7.579533333,,,,,3.0,8.8,6.0,8.8,3.7,7.3,10.0,8.3,5.5,4.0,1.5,,,Fase 3 (7° e 8° ano),0.0,,,,,0,0.13954883720782735,13.95
RA-1136,2024,3R,3R,Aluno-1136,2009.0,2009-11-23,14.0,Feminino,2023.0,Pública,EE Donizetti Aparecido Leite Professor,Cursando,,,,Agata,Quartzo,5.458179832,,6.7351,,,,,3.0,8.8,4.5,8.1,1.7,6.4,5.0,7.5,1.0,2.0,2.0,,,Fase 4 (9° ano),-1.0,,,,,1,0.5827871075707537,58.28
RA-653,2024,3R,3R,Aluno-653,2011.0,2011-03-29,13.0,Feminino,2022.0,Pública,EE Donizetti Aparecido Leite Professor,Cursando,,,Topázio,Ametista,Topázio,8.103217647,8.101,7.385666667,,,,,3.0,8.8,9.5,8.8,5.2,7.9,10.0,8.3,6.5,4.5,4.5,,,Fase 3 (7° e 8° ano),0.0,,,,,0,0.1411469774971111,14.11
RA-456,2024,3R,3R,Aluno-456,2010.0,2010-11-20,13.0,Feminino,2022.0,Pública,EE Donizetti Aparecido Leite Professor,Cursando,,,Ametista,Ametista,Topázio,8.331124561,7.193,7.518,,,,,3.0,7.1,9.4,7.5,6.5,8.9,10.0,9.2,9.0,6.0,4.5,,,Fase 3 (7° e 8° ano),0.0,,,,,0,0.42851698281819367,42.85
RA-655,2024,3R,3R,Aluno-655,2010.0,2010-09-23,14.0,Feminino,2021.0,Pública,EE Donizetti Aparecido Leite Professor,Cursando,Ametista,Ametista,Ametista,Topázio,Topázio,8.2386,7.785,8.3198,,,,,3.0,7.5,10.0,8.8,6.8,7.2,10.0,8.1,8.0,4.0,8.5,,,Fase 3 (7° e 8° ano),0.0,,,,,0,0.14225701863926524,14.23
RA-656,2024,3R,3R,Aluno-656,2011.0,2011-06-22,13.0,Feminino,2021.0,Pública,EE Donizetti Aparecido Leite Professor,Cursando,Topázio,Ametista,Ágata,Agata,Agata,6.668152941,6.652,6.780833333,,,,,3.0,9.2,6.0,7.5,4.2,6.1,10.0,7.5,5.0,3.5,4.0,,,Fase 3 (7° e 8° ano),0.0,,,,,0,0.22847191136870124,22.85
RA-657,2024,3R,3R,Aluno-657,2010.0,2010-09-11,13.0,Feminino,2021.0,Pública,EE Donizetti Aparecido Leite Professor,Cursando,,Ametista,Topázio,Topázio,Topázio,8.207433333,8.093,8.3532,,,,,3.0,8.8,9.6,6.9,7.5,7.1,10.0,8.1,8.0,4.5,10.0,,,Fase 3 (7° e 8° ano),0.0,,,,,0,0.16798507148046007,16.8
RA-1555,2024,3R,3R,Aluno-1555,2011.0,2011-01-13,13.0,Masculino,2024.0,Pública,EE Donizetti Aparecido Leite Professor,Cursando,,,,,Ametista,7.482733333,,,,,,,3.0,8.3,10.0,6.3,3.0,8.1,10.0,8.1,9.0,0.0,0.0,,,Fase 3 (7° e 8° ano),0.0,,,,,0,0.31503088628682735,31.5
RA-461,2024,3R,3R,Aluno-461,2010.0,2010-12-30,13.0,Feminino,2021.0,Pública,EE Donizetti Aparecido Leite Professor,Cursando,Ametista,Ametista,Quartzo,Ametista,Ametista,7.544755929,5.451,7.2379,,,,,3.0,8.8,9.2,7.5,4.5,7.1,10.0,7.7,3.0,4.5,6.0,,,Fase 3 (7° e 8° ano),0.0,,,,,0,0.3175001818170753,31.75
RA-398,2024,3U,3U,Aluno-398,2012.0,2012-06-01,12.0,Feminino,2022.0,Pública,EE Donizetti Aparecido Leite Professor,Cursando,,,Ametista,Ametista,Ametista,7.2458,7.742,7.153766667,,,,,3.0,7.1,5.7,7.5,8.0,6.6,10.0,7.3,8.5,7.5,8.0,,,Fase 3 (7° e 8° ano),0.0,,,,,0,0.4894903161374165,48.95
RA-586,2024,3U,3U,Aluno-586,2012.0,2012-11-18,11.0,Feminino,2021.0,Privada - Programa de Apadrinhamento,Colégio Arco Íris Evolução,Cursando,,Topázio,Ametista,Topázio,Topázio,8.702387302,7.988,8.4242,,,,,3.0,9.2,9.2,7.5,8.5,8.1,10.0,8.8,7.5,8.0,10.0,,,Fase 2 (5° e 6° ano),1.0,,,,,0,0.06346426067599921,6.35
RA-623,2024,3U,3U,Aluno-623,2009.0,2009-09-25,15.0,Masculino,2022.0,Pública,EE Donizetti Aparecido Leite Professor,Cursando,,,Ametista,Ametista,Agata,6.357733333,7.524,7.8307,,,,,3.0,8.3,7.4,6.9,4.0,7.1,5.0,6.5,3.5,2.5,6.0,,,Fase 4 (9° ano),-1.0,,,,,1,0.5915756424686682,59.16
RA-588,2024,3U,3U,Aluno-588,2013.0,2013-05-16,11.0,Feminino,2021.0,Privada - Programa de Apadrinhamento,Colégio Arco Íris Evolução,Cursando,,Topázio,Topázio,Topázio,Topázio,8.676133333,8.622,8.3527,,,,,3.0,9.2,9.8,7.5,7.8,8.0,10.0,8.8,8.5,8.0,7.0,,,Fase 2 (5° e 6° ano),1.0,,,,,0,0.06591908771442653,6.59
RA-626,2024,3U,3U,Aluno-626,2011.0,2011-06-27,13.0,Masculino,2021.0,Pública,EE Donizetti Aparecido Leite Professor,Cursando,,Ágata,Quartzo,Ametista,Agata,6.407590226,5.818,7.231033333,,,,,3.0,9.6,3.4,6.9,5.3,6.4,10.0,7.3,5.5,3.5,7.0,,,Fase 3 (7° e 8° ano),0.0,,,,,0,0.35598986008964495,35.6
RA-1556,2024,3U,3U,Aluno-1556,2010.0,2010-07-31,14.0,Masculino,2024.0,Pública,EE Donizetti Aparecido Leite Professor,Cursando,,,,,Agata,6.666811111,,,,,,,3.0,7.9,5.2,7.5,4.0,7.4,10.0,7.9,3.5,,4.5,,,Fase 3 (7° e 8° ano),0.0,,,,,1,0.5514506122774607,55.15
RA-455,2024,3U,3U,Aluno-455,2010.0,2010-06-28,14.0,Feminino,2022.0,Pública,EE Donizetti Aparecido Leite Professor,Cursando,,,Ágata,,Ametista,7.098988889,6.876,,,,,,3.0,8.8,6.1,8.1,4.5,7.3,10.0,8.3,3.0,6.5,4.0,,,Fase 3 (7° e 8° ano),0.0,,,,,0,0.27525481219267467,27.53
RA-614,2024,3U,3U,Aluno-614,2010.0,2010-06-13,14.0,Masculino,2021.0,Pública,EE Paschoal Carlos Magno,Cursando,,Topázio,Topázio,Topázio,Ametista,7.8285,8.339,8.2282,,,,,3.0,9.6,9.7,7.5,6.8,7.6,5.0,7.9,8.0,4.5,8.0,,,Fase 4 (9° ano),-1.0,,,,,0,0.3603202617557803,36.03
RA-434,2024,3U,3U,Aluno-434,2011.0,2011-01-19,13.0,Masculino,2022.0,Pública,EE Donizetti Aparecido Leite Professor,Cursando,,,Ametista,Ametista,Agata,6.610947619,7.403,7.069766667,,,,,3.0,7.1,5.1,7.5,5.5,6.6,10.0,7.3,5.5,5.5,5.5,,,Fase 3 (7° e 8° ano),0.0,,,,,0,0.27019115087560924,27.02
RA-603,2024,3U,3U,Aluno-603,2011.0,2011-11-25,12.0,Masculino,2022.0,Pública,EE Donizetti Aparecido Leite Professor,Cursando,,,Ametista,Agata,Agata,6.942277778,7.78,6.748833333,,,,,3.0,9.6,7.2,6.9,4.7,6.2,10.0,6.9,4.5,5.5,4.0,,,Fase 3 (7° e 8° ano),0.0,,,,,0,0.24467918234709893,24.47
RA-1133,2024,3U,3U,Aluno-1133,2013.0,2013-02-19,11.0,Feminino,2023.0,Pública,EE Donizetti Aparecido Leite Professor,Cursando,,,,Topázio,Topázio,8.238553968,,8.600033333,,,,,4.0,9.2,9.8,8.8,4.5,8.8,10.0,8.1,5.0,3.5,5.0,,,Fase 2 (5° e 6° ano),1.0,,,,,0,0.12291617368938772,12.29
RA-616,2024,3U,3U,Aluno-616,2010.0,2010-09-08,14.0,Masculino,2021.0,Pública,EE Donizetti Aparecido Leite Professor,Cursando,Ágata,Ametista,Ametista,Quartzo,Quartzo,5.457877193,7.303,5.612,,,,,3.0,7.5,3.1,6.9,3.8,4.9,10.0,6.5,3.0,3.5,5.0,,,Fase 3 (7° e 8° ano),0.0,,,,,0,0.3469469969979042,34.69
RA-1134,2024,3U,3U,Aluno-1134,2011.0,2011-11-28,12.0,Masculino,2023.0,Pública,EE Donizetti Aparecido Leite Professor,Cursando,,,,Ametista,Ametista,7.756457143,,7.769866667,,,,,3.0,8.8,8.9,7.5,6.0,6.9,10.0,7.7,6.0,5.5,6.5,,,Fase 3 (7° e 8° ano),0.0,,,,,0,0.28970621110708045,28.97
RA-1557,2024,3U,3U,Aluno-1557,2010.0,2010-07-08,14.0,Feminino,2024.0,Pública,EE Donizetti Aparecido Leite Professor,Cursando,,,,,Topázio,8.2285,,,,,,,3.0,9.6,8.9,7.5,7.0,7.7,10.0,7.9,6.0,,8.0,,,Fase 3 (7° e 8° ano),0.0,,,,,0,0.40632367927459717,40.63
RA-670,2024,3U,3U,Aluno-670,2012.0,2012-05-09,12.0,Feminino,2022.0,Privada - Programa de Apadrinhamento,Colégio Arco Íris Evolução,Cursando,,,Ametista,Topázio,Topázio,8.860253968,7.451,8.6067,,,,,3.0,9.6,9.4,7.5,8.7,8.2,10.0,9.0,9.0,7.0,10.0,,,Fase 2 (5° e 6° ano),1.0,,,,,0,0.14918789689962766,14.92
RA-620,2024,3U,3U,Aluno-620,2010.0,2010-07-22,14.0,Masculino,2021.0,Pública,EE Donizetti Aparecido Leite Professor,Cursando,,Ametista,Ágata,Ametista,Quartzo,5.766892064,6.018,7.043666667,,,,,3.0,8.3,4.0,7.5,2.5,5.9,10.0,7.1,3.5,2.5,1.5,,,Fase 3 (7° e 8° ano),0.0,,,,,1,0.6440017845137551,64.4
RA-1149,2024,4A,4A,Aluno-1149,2009.0,2009-09-06,15.0,Feminino,2023.0,Pública,EE Joaquim Mendes Feliz,Cursando,,,,Ametista,Topázio,8.1371,,7.410108333,,,,,5.0,8.3,10.0,10.0,6.0,8.7,5.0,8.6,2.0,6.0,10.0,,,Fase 5 (1° EM),-1.0,,,,,1,0.6187571124359283,61.88
RA-1558,2024,4A,4A,Aluno-1558,2008.0,2008-07-30,16.0,Masculino,2024.0,Pública,EE Joaquim Mendes Feliz,Cursando,,,,,Ametista,7.643772048,,,,,,,5.0,9.2,8.7,8.8,5.5,8.3,5.0,8.5,5.0,5.5,6.0,,,Fase 5 (1° EM),-1.0,,,,,1,0.6941065140794255,69.41
RA-326,2024,4A,4A,Aluno-326,2010.0,2010-07-21,14.0,Feminino,2022.0,Privada,Recanto Betânia Centro Educacional,Cursando,,,Topázio,Topázio,Topázio,8.832389092,8.22,8.65075,,,,,5.0,9.2,9.0,6.3,9.3,8.7,10.0,8.9,10.0,9.0,9.0,,,Fase 3 (7° e 8° ano),1.0,,,,,0,0.09590523145385654,9.59
RA-339,2024,4A,4A,Aluno-339,2011.0,2011-01-06,13.0,Feminino,2021.0,Pública,EE Leonice de Aquino Oliveira,Cursando,Topázio,Ametista,Topázio,Ametista,Ametista,7.711540746,8.488,7.377583333,,,,,5.0,7.5,7.2,5.6,8.2,7.7,10.0,8.0,8.0,7.0,9.5,,,Fase 3 (7° e 8° ano),1.0,,,,,0,0.12904256152374033,12.9
RA-179,2024,4A,4A,Aluno-179,2010.0,2010-11-24,13.0,Masculino,2022.0,Privada,Recanto Betânia Centro Educacional,Cursando,,,Ametista,Topázio,Topázio,8.932712281,7.993,8.437641667,,,,,5.0,9.2,9.4,9.4,8.2,8.4,10.0,8.8,7.0,8.0,9.5,,,Fase 3 (7° e 8° ano),1.0,,,,,0,0.07877791028482571,7.88
RA-1559,2024,4A,4A,Aluno-1559,2009.0,2009-01-29,15.0,Feminino,2024.0,Pública,EE Paschoal Carlos Magno,Cursando,,,,,Agata,6.330428438,,,,,,,5.0,7.9,5.3,6.9,4.7,7.6,5.0,8.4,8.0,0.0,6.0,,,Fase 5 (1° EM),-1.0,,,,,1,0.7037080120396005,70.37
RA-332,2024,4A,4A,Aluno-332,2009.0,2009-06-05,15.0,Masculino,2021.0,Privada - Programa de Apadrinhamento,Colégio Arco Íris Evolução,Cursando,Ametista,Ametista,Ametista,Topázio,Topázio,8.421271701,7.883,8.002591667,,,,,5.0,9.6,7.6,9.4,7.0,8.7,10.0,8.6,7.0,7.0,7.0,,,Fase 3 (7° e 8° ano),1.0,,,,,0,0.14495398529079317,14.5
RA-1560,2024,4A,4A,Aluno-1560,2010.0,2010-04-08,14.0,Feminino,2024.0,Privada,Colégio Arco Íris Evolução,Cursando,,,,,Topázio,8.472103175,,,,,,,5.0,9.2,9.2,5.6,8.2,8.3,10.0,8.5,6.0,8.5,10.0,,,Fase 3 (7° e 8° ano),1.0,,,,,0,0.4786509267759417,47.87
RA-1153,2024,4A,4A,Aluno-1153,2009.0,2009-06-24,15.0,Feminino,2021.0,Privada - Programa de Apadrinhamento,Colégio Arco Íris Evolução,Cursando,,,,Ametista,Topázio,8.26887619,,7.968658333,,,,,5.0,8.8,9.7,5.6,8.5,9.1,5.0,8.8,8.0,8.5,9.0,,,Fase 5 (1° EM),-1.0,,,,,0,0.43539730899370716,43.54
RA-183,2024,4A,4A,Aluno-183,2009.0,2009-08-15,15.0,Feminino,2022.0,Pública,EE Mario Francisco de Amorim,Cursando,,,Ametista,Ametista,Topázio,8.266902372,7.3,7.586241667,,,,,5.0,7.9,9.2,6.3,7.5,8.4,10.0,8.3,5.0,7.5,10.0,,,Fase 4 (9° ano),0.0,,,,,0,0.27521263967689374,27.52
RA-199,2024,4A,4A,Aluno-199,2009.0,2009-11-01,15.0,Masculino,2022.0,Privada,Estuda em outra cidade,Cursando,,,Ametista,Ametista,Ametista,7.419398246,7.564,7.892341667,,,,,5.0,8.3,7.6,6.9,7.2,8.2,5.0,8.1,5.0,9.0,7.5,,,Fase 5 (1° EM),-1.0,,,,,1,0.5274761707764496,52.75
RA-1561,2024,4A,4A,Aluno-1561,2008.0,2008-06-07,16.0,Masculino,2024.0,Pública,EE Joaquim Mendes Feliz,Cursando,,,,,Ametista,7.940220635,,,,,,,5.0,9.6,9.2,5.0,9.0,7.7,5.0,8.0,8.5,8.5,10.0,,,Fase 5 (1° EM),-1.0,,,,,1,0.6086691071882815,60.87
RA-336,2024,4A,4A,Aluno-336,2009.0,2009-08-28,15.0,Masculino,2021.0,Pública,EE Mario Francisco de Amorim,Cursando,Ametista,Ágata,Ágata,Quartzo,Agata,6.834286748,6.787,5.887708333,,,,,5.0,7.5,5.5,6.3,5.8,7.2,10.0,7.5,6.0,6.5,5.0,,,Fase 4 (9° ano),0.0,,,,,1,0.5096453390919967,50.96
RA-347,2024,4A,4A,Aluno-347,2010.0,2010-07-13,14.0,Feminino,2021.0,Pública,EE Leonice de Aquino Oliveira,Cursando,Topázio,Ametista,Ametista,Ametista,Topázio,8.384742584,7.908,7.61835,,,,,5.0,8.8,9.7,6.9,7.7,7.8,10.0,8.0,6.5,7.5,9.0,,,Fase 3 (7° e 8° ano),1.0,,,,,0,0.10835972571603075,10.84
RA-397,2024,4A,4A,Aluno-397,2008.0,2008-05-13,16.0,Feminino,2021.0,Pública,EE Paschoal Carlos Magno,Cursando,Quartzo,Quartzo,Quartzo,Agata,Agata,6.807291922,5.852,6.207083333,,,,,5.0,7.9,7.9,5.6,5.7,7.4,5.0,7.6,5.0,4.5,7.5,,,Fase 6 (2° EM),-2.0,,,,,1,0.8102712523609101,81.03
RA-338,2024,4B,4B,Aluno-338,2010.0,2010-08-04,14.0,Masculino,2021.0,Pública,EE Leonice de Aquino Oliveira,Cursando,Ametista,Ametista,Ágata,Topázio,Topázio,8.052795331,6.837,8.287441667,,,,,4.0,9.2,7.4,7.5,6.8,8.8,10.0,7.6,5.0,8.0,7.5,,,Fase 4 (9° ano),0.0,,,,,0,0.3537562532857866,35.38
RA-392,2024,4B,4B,Aluno-392,2008.0,2008-03-16,16.0,Masculino,2022.0,Pública,EE Alexandre Rodrigues Nogueira,Cursando,,,Ágata,Agata,Quartzo,4.363946336,6.418,6.567208333,,,,,4.0,9.6,5.4,5.6,1.0,3.5,5.0,3.5,0.0,2.0,1.0,,,Fase 5 (1° EM),-1.0,,,,,1,0.8103959109169294,81.04
RA-352,2024,4B,4B,Aluno-352,2011.0,2011-03-26,13.0,Masculino,2021.0,Pública,EE Loris Nassif Mattar Profa,Cursando,Ametista,Ametista,Ametista,Ametista,Quartzo,5.979482935,7.834,7.840341667,,,,,4.0,8.3,4.5,6.3,3.2,6.8,10.0,6.4,2.0,5.5,2.0,,,Fase 3 (7° e 8° ano),1.0,,,,,0,0.1619833483306316,16.2
RA-1562,2024,4B,4B,Aluno-1562,2008.0,2008-05-02,16.0,Feminino,2024.0,Pública,EE Alexandre Rodrigues Nogueira,Cursando,,,,,Quartzo,5.458833333,,,,,,,4.0,6.3,8.7,5.0,0.5,6.9,5.0,6.3,0.5,,,,,Fase 6 (2° EM),-2.0,,,,,1,0.8281219067143831,82.81
RA-367,2024,4B,4B,Aluno-367,2010.0,2010-12-27,13.0,Feminino,2021.0,Pública,EE Leonice de Aquino Oliveira,Cursando,Topázio,Ametista,Ágata,Ametista,Ametista,7.209434085,6.95,7.38685,,,,,4.0,9.2,7.3,6.3,5.0,7.6,10.0,6.9,2.0,5.5,7.5,,,Fase 3 (7° e 8° ano),1.0,,,,,0,0.2348709570122351,23.49
RA-1563,2024,4B,4B,Aluno-1563,2009.0,2009-03-03,15.0,Feminino,2024.0,Pública,EE Alexandre Rodrigues Nogueira,Cursando,,,,,Ametista,7.604211111,,,,,,,4.0,8.8,8.3,7.5,7.0,8.5,5.0,7.3,5.0,7.5,8.5,,,Fase 5 (1° EM),-1.0,,,,,1,0.76469152138452,76.47
RA-1564,2024,4B,4B,Aluno-1564,2009.0,2009-06-19,15.0,Masculino,2024.0,Pública,EE Alexandre Rodrigues Nogueira,Cursando,,,,,Quartzo,5.076146881,,,,,,,4.0,8.3,4.9,6.9,2.2,5.3,5.0,5.8,1.0,3.5,2.0,,,Fase 5 (1° EM),-1.0,,,,,1,0.8189754976662005,81.9
RA-1565,2024,4B,4B,Aluno-1565,2008.0,2008-08-15,16.0,Masculino,2024.0,Pública,EE Alexandre Rodrigues Nogueira,Cursando,,,,,Quartzo,5.816448179,,,,,,,4.0,0.0,8.1,7.5,5.5,6.0,5.0,6.4,7.0,3.0,6.5,,,Fase 5 (1° EM),-1.0,,,,,1,0.7907019064838582,79.07
RA-1566,2024,4B,4B,Aluno-1566,2007.0,2007-03-09,17.0,Feminino,2024.0,Pública,EE Alexandre Rodrigues Nogueira,Cursando,,,,,Ametista,7.759243871,,,,,,,4.0,9.2,9.2,7.5,6.5,8.3,5.0,7.8,3.0,8.0,8.5,,,Fase 6 (2° EM),-2.0,,,,,1,0.7459104745180938,74.59
RA-1567,2024,4B,4B,Aluno-1567,2008.0,2008-08-06,16.0,Feminino,2024.0,Pública,EE Alexandre Rodrigues Nogueira,Cursando,,,,,Ametista,7.913942088,,,,,,,4.0,8.3,8.8,7.5,8.2,8.3,5.0,7.8,5.0,9.5,10.0,,,Fase 6 (2° EM),-2.0,,,,,1,0.7717706421744579,77.18
RA-356,2024,4B,4B,Aluno-356,2010.0,2010-08-07,14.0,Masculino,2021.0,Pública,EE Alexandre Rodrigues Nogueira,Cursando,Topázio,Topázio,Ágata,Agata,Agata,6.627336017,6.69,6.452008333,,,,,4.0,8.3,6.7,5.6,5.3,6.5,10.0,5.3,1.0,7.0,8.0,,,Fase 3 (7° e 8° ano),1.0,,,,,0,0.3611831801845413,36.12
RA-1568,2024,4B,4B,Aluno-1568,2009.0,2009-03-03,15.0,Feminino,2024.0,Pública,EE Paschoal Carlos Magno,Cursando,,,,,Ametista,7.800326144,,,,,,,4.0,9.2,7.5,7.5,8.2,8.5,5.0,8.0,7.5,7.5,9.5,,,Fase 5 (1° EM),-1.0,,,,,1,0.7772602456442427,77.73
RA-247,2024,4B,4B,Aluno-247,2009.0,2009-11-25,14.0,Feminino,2021.0,Pública,EE Loris Nassif Mattar Profa,Cursando,,Ágata,Ametista,Ametista,Agata,6.64648574,7.72,7.221958333,,,,,4.0,0.0,8.3,6.3,4.3,8.6,10.0,7.8,0.0,5.0,8.0,,,Fase 4 (9° ano),0.0,,,,,0,0.18299627671462673,18.3
RA-204,2024,4B,4B,Aluno-204,2009.0,2009-08-07,15.0,Feminino,2021.0,Pública,EE Alexandre Rodrigues Nogueira,Cursando,Ametista,Ametista,Ágata,Ametista,Ametista,7.838218895,6.943,7.557558333,,,,,4.0,9.2,6.8,6.3,7.5,8.6,10.0,7.1,5.0,7.5,10.0,,,Fase 4 (9° ano),0.0,,,,,1,0.5753247468156228,57.53
RA-1569,2024,4B,4B,Aluno-1569,2007.0,2007-10-24,17.0,Feminino,2024.0,Pública,EE Alexandre Rodrigues Nogueira,Cursando,,,,,Quartzo,5.719155556,,,,,,,4.0,6.7,7.1,6.3,2.2,6.9,5.0,6.9,2.0,3.0,1.5,,,Fase 6 (2° EM),-2.0,,,,,1,0.8298267531271438,82.98
RA-1570,2024,4B,4B,Aluno-1570,2008.0,2008-06-08,16.0,Feminino,2024.0,Pública,EE Alexandre Rodrigues Nogueira,Cursando,,,,,Ametista,7.894084175,,,,,,,4.0,9.6,7.5,7.5,8.3,8.7,5.0,7.8,6.5,9.0,9.5,,,Fase 5 (1° EM),-1.0,,,,,1,0.8297951440341949,82.98
RA-1571,2024,4B,4B,Aluno-1571,2008.0,2008-08-17,16.0,Masculino,2024.0,Pública,EE Alexandre Rodrigues Nogueira,Cursando,,,,,Ametista,7.248455556,,,,,,,4.0,8.3,9.1,5.0,5.7,8.5,5.0,7.5,5.0,6.0,6.0,,,Fase 5 (1° EM),-1.0,,,,,1,0.7889037042518626,78.89
RA-1572,2024,4C,4C,Aluno-1572,2009.0,2009-05-30,15.0,Feminino,2024.0,Pública,EE Paschoal Carlos Magno,Cursando,,,,,Topázio,8.080345635,,,,,,,3.0,9.2,9.8,7.5,7.5,8.4,5.0,7.7,7.5,6.5,8.5,,,Fase 5 (1° EM),-1.0,,,,,1,0.658608202684031,65.86
RA-1150,2024,4C,4C,Aluno-1150,2007.0,2007-10-15,17.0,Masculino,2023.0,Pública,EE Olivia de Faria Nogueira,Cursando,,,,Ametista,Ametista,7.102321296,,7.076008333,,,,,3.0,8.3,6.5,7.5,6.8,7.9,5.0,7.7,4.0,6.5,10.0,,,Fase 6 (2° EM),-2.0,,,,,1,0.7096465670248243,70.96
RA-1573,2024,4C,4C,Aluno-1573,2008.0,2008-08-17,16.0,Masculino,2024.0,Pública,EE Olivia de Faria Nogueira,Cursando,,,,,Agata,6.743847969,,,,,,,3.0,9.2,6.1,6.3,5.0,8.6,5.0,7.7,0.0,6.0,9.0,,,Fase 5 (1° EM),-1.0,,,,,1,0.7032283348451791,70.32
RA-1574,2024,4C,4C,Aluno-1574,2008.0,2008-08-23,16.0,Feminino,2024.0,Pública,EE Paschoal Carlos Magno,Cursando,,,,,Ametista,7.77724418,,,,,,,3.0,8.8,8.4,7.5,7.3,8.6,5.0,7.8,7.0,6.0,9.0,,,Fase 5 (1° EM),-1.0,,,,,1,0.7530352168456896,75.3
RA-1151,2024,4C,4C,Aluno-1151,2011.0,2011-04-03,13.0,Feminino,2023.0,Pública,EE Paschoal Carlos Magno,Cursando,,,,Ametista,Topázio,8.749111111,,7.829958333,,,,,3.0,7.5,9.7,5.6,9.0,9.4,10.0,8.1,9.0,8.0,10.0,,,Fase 3 (7° e 8° ano),1.0,,,,,0,0.19037882519552124,19.04
RA-1575,2024,4C,4C,Aluno-1575,2008.0,2008-10-19,16.0,Feminino,2024.0,Pública,EE Olivia de Faria Nogueira,Cursando,,,,,Ametista,7.318459391,,,,,,,3.0,9.2,8.6,6.9,5.3,8.3,5.0,7.7,0.0,7.5,8.5,,,Fase 5 (1° EM),-1.0,,,,,1,0.7579300390826111,75.79
RA-1081,2024,4C,4C,Aluno-1081,2009.0,2009-07-29,15.0,Feminino,2023.0,Privada - Programa de Apadrinhamento,Colégio Arco Íris Evolução,Cursando,,,,Ametista,Topázio,8.545295238,,7.666033333,,,,,3.0,6.7,9.5,5.0,8.8,9.0,10.0,9.2,9.5,8.0,9.0,,,Fase 4 (9° ano),0.0,,,,,0,0.22176657373244912,22.18
RA-342,2024,4C,4C,Aluno-342,2008.0,2008-07-21,16.0,Feminino,2021.0,Pública,EE Mario Francisco de Amorim,Cursando,,Quartzo,Ágata,Ametista,Agata,6.757026587,6.941,7.539875,,,,,3.0,8.8,7.7,6.3,4.5,7.7,5.0,7.7,6.5,7.0,0.0,,,Fase 5 (1° EM),-1.0,,,,,1,0.7424633694505779,74.25
RA-1576,2024,4C,4C,Aluno-1576,2008.0,2008-07-16,16.0,Feminino,2024.0,Pública,EE Loris Nassif Mattar Profa,Cursando,,,,,Ametista,7.463620238,,,,,,,3.0,8.3,9.5,5.6,6.7,8.4,5.0,6.4,7.5,4.5,8.0,,,Fase 5 (1° EM),-1.0,,,,,1,0.8143768941478859,81.44
RA-187,2024,4C,4C,Aluno-187,2010.0,2010-06-28,14.0,Feminino,2021.0,Privada - Programa de Apadrinhamento,Colégio Arco Íris Evolução,Cursando,Ametista,Topázio,Ametista,Ametista,Topázio,8.568424074,7.928,7.809875,,,,,3.0,8.8,9.5,5.6,7.8,9.1,10.0,8.4,7.5,7.0,9.0,,,Fase 4 (9° ano),0.0,,,,,0,0.07193336089776346,7.19
RA-359,2024,4C,4C,Aluno-359,2010.0,2010-08-21,14.0,Feminino,2021.0,Pública,EE Joaquim Mendes Feliz,Cursando,Ametista,Ágata,Ágata,Ametista,Ametista,7.492006349,6.606,7.627125,,,,,3.0,9.2,7.2,6.3,5.5,8.3,10.0,7.5,4.0,4.5,8.0,,,Fase 3 (7° e 8° ano),1.0,,,,,0,0.3479836619231269,34.8
RA-1577,2024,4C,4C,Aluno-1577,2008.0,2008-09-20,16.0,Masculino,2024.0,Pública,EE Mario Francisco de Amorim,Cursando,,,,,Agata,6.305585582,,,,,,,3.0,10.0,5.0,7.5,4.3,7.3,5.0,7.3,4.0,7.0,2.0,,,Fase 5 (1° EM),-1.0,,,,,1,0.7481922050817248,74.82
RA-236,2024,4F,4F,Aluno-236,2010.0,2010-06-21,14.0,Feminino,2022.0,Pública,EE Loris Nassif Mattar Profa,Cursando,,,Ametista,Ametista,Agata,6.98083374,7.11,7.337116667,,,,,5.0,9.2,7.9,6.3,4.5,6.4,10.0,6.9,1.5,4.0,8.0,,,Fase 4 (9° ano),0.0,,,,,0,0.23414520240079856,23.41
RA-249,2024,4F,4F,Aluno-249,2008.0,2008-08-05,16.0,Masculino,2021.0,Pública,EE Paschoal Carlos Magno,Cursando,Ágata,Ágata,Quartzo,Quartzo,Agata,6.125104329,5.097,5.444625,,,,,5.0,7.1,6.6,5.0,5.0,7.1,5.0,6.8,1.0,8.0,6.0,,,Fase 6 (2° EM),-2.0,,,,,1,0.9299478784290354,92.99
RA-239,2024,4F,4F,Aluno-239,2007.0,2007-05-22,17.0,Feminino,2021.0,Pública,EE Paschoal Carlos Magno,Cursando,,Quartzo,Quartzo,Agata,Agata,6.782180869,4.572,6.411333333,,,,,5.0,8.8,6.4,5.6,6.7,8.5,2.5,7.9,4.0,10.0,6.0,,,Fase 7 (3° EM),-3.0,,,,,1,0.8687496326417095,86.87
RA-382,2024,4F,4F,Aluno-382,2008.0,2008-08-19,16.0,Masculino,2021.0,Pública,EE Alexandre Rodrigues Nogueira,Cursando,Ametista,Ágata,Ágata,Agata,Quartzo,5.805712281,6.777,6.223833333,,,,,5.0,9.2,6.3,5.6,3.0,6.4,5.0,6.8,2.0,3.0,4.0,,,Fase 5 (1° EM),-1.0,,,,,1,0.8330636799615401,83.31
RA-383,2024,4F,4F,Aluno-383,2011.0,2011-01-20,13.0,Masculino,2021.0,Pública,EE João Ortiz Rodrigues,Cursando,Topázio,Ametista,Topázio,Ametista,Topázio,8.036024387,8.4,7.5408,,,,,5.0,9.2,8.6,7.5,5.8,8.5,10.0,7.9,1.0,8.0,8.5,,,Fase 3 (7° e 8° ano),1.0,,,,,0,0.10222620238072792,10.22
RA-1155,2024,4F,4F,Aluno-1155,2009.0,2009-02-18,15.0,Feminino,2023.0,Pública,EE Alexandre Rodrigues Nogueira,Cursando,,,,Ametista,Ametista,7.119011111,,7.821633333,,,,,5.0,8.3,8.9,5.0,4.7,8.9,5.0,8.0,6.0,8.0,0.0,,,Fase 5 (1° EM),-1.0,,,,,1,0.5356413616583524,53.56
RA-384,2024,4F,4F,Aluno-384,2010.0,2010-09-02,14.0,Feminino,2021.0,Pública,EE João Ortiz Rodrigues,Cursando,Ametista,Ametista,Ametista,Agata,Topázio,8.072200721,7.558,6.757958333,,,,,5.0,7.5,8.6,7.5,7.5,7.9,10.0,7.6,5.0,9.5,8.0,,,Fase 4 (9° ano),0.0,,,,,0,0.3422296182733474,34.22
RA-1156,2024,4F,4F,Aluno-1156,2011.0,2011-05-19,13.0,Feminino,2023.0,Pública,EE João Ortiz Rodrigues,Cursando,,,,Ametista,Agata,6.677713564,,7.340775,,,,,5.0,7.5,7.8,7.5,2.0,7.5,10.0,7.1,6.0,0.0,0.0,,,Fase 3 (7° e 8° ano),1.0,,,,,0,0.23154641824292221,23.15
RA-1578,2024,4F,4F,Aluno-1578,2010.0,2010-12-29,13.0,Feminino,2024.0,Pública,EE Olivia de Faria Nogueira,Cursando,,,,,Ametista,7.880605848,,,,,,,5.0,8.3,6.8,7.5,7.3,8.6,10.0,7.5,6.0,6.0,10.0,,,Fase 3 (7° e 8° ano),1.0,,,,,0,0.40695189922915914,40.7
RA-388,2024,4F,4F,Aluno-388,2008.0,2008-07-14,16.0,Feminino,2021.0,Pública,EE Joaquim Mendes Feliz,Cursando,Ágata,Ágata,Ágata,Quartzo,Quartzo,5.965307936,6.654,5.630833333,,,,,5.0,7.5,6.3,7.5,4.3,5.8,5.0,6.8,1.0,7.0,5.0,,,Fase 5 (1° EM),-1.0,,,,,1,0.7305734630398003,73.06
RA-260,2024,4F,4F,Aluno-260,2009.0,2009-05-11,15.0,Feminino,2021.0,Pública,EE João Ortiz Rodrigues,Cursando,Topázio,Ametista,Ametista,Topázio,Topázio,8.448920635,7.44,8.080008333,,,,,5.0,8.8,9.7,7.5,7.0,8.5,10.0,7.9,7.5,5.5,8.0,,,Fase 4 (9° ano),0.0,,,,,0,0.2659512762892232,26.6
RA-395,2024,4F,4F,Aluno-395,2011.0,2011-03-19,13.0,Feminino,2021.0,Pública,EE Olivia de Faria Nogueira,Cursando,Ametista,Topázio,Ametista,Ametista,Ametista,7.169905291,7.683,7.469175,,,,,5.0,8.8,6.9,6.3,4.3,8.5,10.0,7.3,2.5,5.5,5.0,,,Fase 3 (7° e 8° ano),1.0,,,,,0,0.1522173630321274,15.22
RA-262,2024,4F,4F,Aluno-262,2007.0,2007-06-07,17.0,Masculino,2021.0,Privada,Colégio Nogueira e Sonho de Criança,Cursando,,Quartzo,Quartzo,Quartzo,Quartzo,5.806145462,4.786,4.406458333,,,,,5.0,7.9,4.9,7.5,4.2,6.3,5.0,7.0,1.0,4.5,7.0,,,Fase 6 (2° EM),-2.0,,,,,1,0.8479253474555484,84.79
RA-1579,2024,4F,4F,Aluno-1579,2008.0,2008-02-21,16.0,Feminino,2022.0,Pública,EE Joaquim Mendes Feliz,Cursando,,,,,Ametista,7.894385711,,,,,,,5.0,8.8,9.1,5.6,7.2,9.3,5.0,8.5,7.5,6.0,8.0,,,Fase 6 (2° EM),-2.0,,,,,1,0.7191103314225371,71.91
RA-1580,2024,4F,4F,Aluno-1580,2008.0,2008-07-18,16.0,Masculino,2024.0,Pública,EE Paschoal Carlos Magno,Cursando,,,,,Ametista,7.790523996,,,,,,,5.0,8.8,9.0,7.5,6.2,9.2,5.0,7.9,5.0,7.5,6.0,,,Fase 5 (1° EM),-1.0,,,,,1,0.6887266395155348,68.87
RA-377,2024,4F,4F,Aluno-377,2010.0,2010-02-25,14.0,Feminino,2021.0,Pública,EE João Ortiz Rodrigues,Cursando,,Quartzo,Ágata,Ametista,Ametista,7.480115873,6.743,7.205041667,,,,,5.0,9.2,7.7,7.5,5.2,7.6,10.0,7.1,4.0,6.5,5.0,,,Fase 4 (9° ano),0.0,,,,,0,0.2546316676447169,25.46
RA-250,2024,4H,4H,Aluno-250,2010.0,2010-05-30,14.0,Feminino,2022.0,Privada - Programa de Apadrinhamento,Colégio Arco Íris Evolução,Cursando,,,Ametista,Ametista,Topázio,9.049892593,7.958,7.598208333,,,,,3.0,9.2,9.6,6.9,9.2,9.0,10.0,9.0,10.0,7.5,10.0,,,Fase 4 (9° ano),0.0,,,,,0,0.18709229672998387,18.71
RA-1581,2024,4H,4H,Aluno-1581,2008.0,2008-09-17,16.0,Masculino,2024.0,Pública,EE Olivia de Faria Nogueira,Cursando,,,,,Agata,6.978702286,,,,,,,3.0,8.3,7.8,6.3,6.3,7.4,5.0,7.1,7.0,4.5,7.5,,,Fase 5 (1° EM),-1.0,,,,,1,0.7951141964472623,79.51
RA-1582,2024,4H,4H,Aluno-1582,2009.0,2009-07-04,15.0,Masculino,2024.0,Pública,EE Paschoal Carlos Magno,Cursando,,,,,Agata,6.472788889,,,,,,,3.0,8.3,8.1,6.3,4.5,6.7,5.0,6.7,7.0,2.0,4.5,,,Fase 5 (1° EM),-1.0,,,,,1,0.6663053682644885,66.63
RA-1583,2024,4H,4H,Aluno-1583,2009.0,2009-02-02,15.0,Feminino,2024.0,Pública,EE Mario Francisco de Amorim,Cursando,,,,,Ametista,7.819757971,,,,,,,3.0,7.9,7.8,6.3,8.2,9.0,5.0,9.2,8.0,6.5,10.0,,,Fase 5 (1° EM),-1.0,,,,,1,0.7526883857729533,75.27
RA-450,2024,4L,4L,Aluno-450,2009.0,2009-03-14,15.0,Masculino,2021.0,Pública,EE Donizetti Aparecido Leite Professor,Cursando,,Ágata,Ametista,Agata,Ametista,7.526188207,7.843,6.819625,,,,,4.0,8.8,9.0,5.6,7.5,7.6,5.0,7.8,8.0,8.5,6.0,,,Fase 5 (1° EM),-1.0,,,,,1,0.6320839973560042,63.21
RA-426,2024,4L,4L,Aluno-426,2008.0,2008-09-12,15.0,Feminino,2022.0,Pública,EE Donizetti Aparecido Leite Professor,Cursando,,,Ágata,Agata,Agata,6.643003019,6.35,6.329158333,,,,,4.0,7.9,7.9,4.4,4.8,8.0,5.0,7.7,3.5,7.0,4.0,,,Fase 5 (1° EM),-1.0,,,,,1,0.8290286634977374,82.9
RA-1584,2024,4L,4L,Aluno-1584,2009.0,2009-04-22,15.0,Feminino,2024.0,Pública,Estuda em outra cidade,Cursando,,,,,Ametista,7.429837831,,,,,,,4.0,8.3,9.2,7.5,5.5,8.2,5.0,7.8,6.0,5.5,5.0,,,Fase 5 (1° EM),-1.0,,,,,1,0.6640552812974427,66.41
RA-313,2024,4L,4L,Aluno-313,2008.0,2008-11-18,15.0,Feminino,2022.0,Pública,EE Donizetti Aparecido Leite Professor,Cursando,,,Quartzo,Ametista,Ametista,7.25285,5.8,7.011091667,,,,,4.0,8.8,9.7,5.6,4.8,8.2,5.0,7.8,1.0,8.0,5.5,,,Fase 5 (1° EM),-1.0,,,,,1,0.8092939490115265,80.93
RA-467,2024,4L,4L,Aluno-467,2009.0,2009-09-06,15.0,Feminino,2022.0,Pública,EE Maria André Schunck Dona,Cursando,,,Ágata,Agata,Ametista,7.729811842,6.38,6.552916667,,,,,4.0,7.9,9.1,5.0,6.8,7.5,10.0,7.3,5.5,9.0,6.0,,,Fase 4 (9° ano),0.0,,,,,1,0.7931286080873712,79.31
RA-1585,2024,4L,4L,Aluno-1585,2009.0,2009-03-23,15.0,Feminino,2024.0,Pública,EE Donizetti Aparecido Leite Professor,Cursando,,,,,Agata,6.730367017,,,,,,,4.0,10.0,6.8,7.5,4.0,7.8,5.0,7.7,5.0,3.0,4.0,,,Fase 5 (1° EM),-1.0,,,,,1,0.7619889615207747,76.2
RA-432,2024,4L,4L,Aluno-432,2008.0,2008-08-07,16.0,Feminino,2021.0,Pública,EE Donizetti Aparecido Leite Professor,Cursando,Quartzo,Quartzo,Ágata,Agata,Ametista,7.167975,6.34,6.850183333,,,,,4.0,7.5,10.0,6.3,5.5,7.3,5.0,7.3,5.0,6.0,5.5,,,Fase 5 (1° EM),-1.0,,,,,1,0.8630020391822639,86.3
RA-1586,2024,4L,4L,Aluno-1586,2009.0,2009-02-25,15.0,Feminino,2024.0,Pública,EE Donizetti Aparecido Leite Professor,Cursando,,,,,Agata,6.555764327,,,,,,,4.0,10.0,6.1,5.0,5.7,7.5,5.0,6.9,3.5,5.5,8.0,,,Fase 5 (1° EM),-1.0,,,,,1,0.6810720008641878,68.11
RA-470,2024,4L,4L,Aluno-470,2009.0,2009-08-19,15.0,Feminino,2021.0,Pública,EE Maria André Schunck Dona,Cursando,Ametista,Ametista,Ametista,Agata,Agata,6.981130848,7.378,6.993766667,,,,,4.0,9.6,8.0,7.5,3.3,6.5,10.0,7.0,3.5,4.0,2.5,,,Fase 4 (9° ano),0.0,,,,,0,0.3995512234579789,39.96
RA-417,2024,4L,4L,Aluno-417,2009.0,2009-04-12,14.0,Feminino,2022.0,Pública,EE Neide Celestina de Oliveira Profa,Cursando,,,Topázio,Topázio,Topázio,8.533628558,8.428,8.257658333,,,,,4.0,8.3,8.4,7.5,8.8,8.3,10.0,8.4,9.0,10.0,7.5,,,Fase 4 (9° ano),0.0,,,,,0,0.09750246436975692,9.75
RA-407,2024,4L,4L,Aluno-407,2009.0,2009-07-16,15.0,Masculino,2022.0,Pública,EE Maria André Schunck Dona,Cursando,,,Ametista,Ametista,Ametista,7.087512817,7.195,7.665083333,,,,,4.0,8.3,7.6,6.3,3.7,7.9,10.0,8.0,2.0,5.0,4.0,,,Fase 4 (9° ano),0.0,,,,,0,0.39160047682549454,39.16
RA-1587,2024,4L,4L,Aluno-1587,2008.0,2008-10-01,16.0,Feminino,2024.0,Pública,EE Donizetti Aparecido Leite Professor,Cursando,,,,,Ametista,7.34055,,,,,,,4.0,9.2,10.0,7.5,3.8,8.2,5.0,7.8,7.5,0.0,,,,Fase 6 (2° EM),-2.0,,,,,1,0.6762982864909213,67.63
RA-1588,2024,4L,4L,Aluno-1588,2010.0,2010-02-06,14.0,Feminino,2024.0,Pública,EE Maria André Schunck Dona,Cursando,,,,,Ametista,7.303823728,,,,,,,4.0,7.9,8.6,7.5,4.0,7.4,10.0,7.5,3.5,4.5,,,,Fase 4 (9° ano),0.0,,,,,1,0.5890860110014932,58.91
RA-424,2024,4L,4L,Aluno-424,2010.0,2010-09-05,14.0,Feminino,2022.0,Pública,EM Cecilia Cristina de Oliveira Rodrigues,Cursando,,,Ametista,Ametista,Ametista,7.341187281,7.94,7.72685,,,,,4.0,8.3,9.6,7.5,3.3,7.2,10.0,7.3,2.0,6.0,2.0,,,Fase 4 (9° ano),0.0,,,,,0,0.22246567991983124,22.25
RA-1193,2024,4L,4L,Aluno-1193,2009.0,2009-03-01,15.0,Feminino,2023.0,Pública,EE Donizetti Aparecido Leite Professor,Cursando,,,,Agata,Agata,6.630481579,,6.018083333,,,,,4.0,8.8,7.8,5.6,4.0,7.8,5.0,7.8,3.0,6.0,3.0,,,Fase 5 (1° EM),-1.0,,,,,1,0.7594432316549257,75.94
RA-411,2024,4M,4M,Aluno-411,2010.0,2010-05-13,14.0,Feminino,2021.0,Privada,Rede Decisão - Unidade União,Cursando,Ametista,Ametista,Ametista,Ametista,Ametista,7.279762963,7.232,7.779983333,,,,,4.0,7.1,9.1,5.6,4.8,7.4,10.0,7.3,3.5,7.0,4.0,,,Fase 4 (9° ano),0.0,,,,,0,0.26638843577559684,26.64
RA-412,2024,4M,4M,Aluno-412,2010.0,2010-04-26,14.0,Feminino,2021.0,Pública,EE Maria André Schunck Dona,Cursando,Ágata,Ágata,Ametista,Ametista,Topázio,8.04437807,7.556,7.373891667,,,,,4.0,8.3,8.5,6.3,7.3,8.1,10.0,8.0,8.0,6.0,8.0,,,Fase 4 (9° ano),0.0,,,,,0,0.34441649060864404,34.44
RA-428,2024,4M,4M,Aluno-428,2009.0,2009-07-12,14.0,Masculino,2022.0,Pública,EE Donizetti Aparecido Leite Professor,Cursando,,,Ametista,Ametista,Ametista,7.534949123,7.683,7.821816667,,,,,4.0,9.2,8.9,5.6,5.0,7.6,10.0,7.5,3.0,4.0,8.0,,,Fase 4 (9° ano),0.0,,,,,0,0.18644954886069315,18.64
RA-315,2024,4M,4M,Aluno-315,2009.0,2009-03-04,15.0,Feminino,2022.0,Pública,EE Donizetti Aparecido Leite Professor,Cursando,,,Quartzo,Quartzo,Agata,6.07687037,5.672,5.977708333,,,,,4.0,0.0,5.9,7.5,6.8,7.6,5.0,7.5,6.5,6.5,7.5,,,Fase 5 (1° EM),-1.0,,,,,1,0.6226131539693099,62.26
RA-442,2024,4M,4M,Aluno-442,2011.0,2011-02-01,13.0,Feminino,2022.0,Pública,EE Maria André Schunck Dona,Cursando,,,Topázio,Agata,Agata,6.905439216,8.226,6.814166667,,,,,4.0,8.3,5.9,5.6,5.0,7.9,10.0,7.5,4.5,7.0,3.5,,,Fase 3 (7° e 8° ano),1.0,,,,,0,0.13755184207021176,13.76
RA-301,2024,4M,4M,Aluno-301,2009.0,2009-11-07,15.0,Feminino,2021.0,Pública,EE Maria André Schunck Dona,Cursando,Ametista,Ametista,Ágata,Agata,Topázio,8.410830702,6.802,6.760341667,,,,,4.0,9.2,7.5,7.5,9.0,8.2,10.0,8.0,10.0,9.0,8.0,,,Fase 4 (9° ano),0.0,,,,,0,0.47517456700377,47.52
RA-1163,2024,4M,4M,Aluno-1163,2009.0,2009-07-24,15.0,Masculino,2023.0,Pública,EE Maria André Schunck Dona,Cursando,,,,Ametista,Topázio,8.679478947,,7.749391667,,,,,4.0,8.3,9.8,7.5,7.8,8.8,10.0,8.1,9.5,6.5,7.5,,,Fase 4 (9° ano),0.0,,,,,0,0.21307490778582713,21.31
RA-402,2024,4M,4M,Aluno-402,2010.0,2010-01-30,14.0,Feminino,2021.0,Pública,EE Donizetti Aparecido Leite Professor,Cursando,Ágata,Ágata,Quartzo,Agata,Quartzo,5.683064815,5.261,6.632716667,,,,,4.0,7.5,3.1,6.3,4.2,6.1,10.0,6.4,3.0,3.5,6.0,,,Fase 4 (9° ano),0.0,,,,,0,0.42648631122195224,42.65
RA-1589,2024,4M,4M,Aluno-1589,2009.0,2009-07-03,15.0,Feminino,2024.0,Pública,EE Donizetti Aparecido Leite Professor,Cursando,,,,,Quartzo,5.260851852,,,,,,,4.0,0.0,6.3,7.5,2.5,7.5,5.0,7.5,3.0,2.0,,,,Fase 5 (1° EM),-1.0,,,,,1,0.7420315975925443,74.2
RA-1162,2024,4M,4M,Aluno-1162,2009.0,2009-11-27,14.0,Feminino,2023.0,Pública,EE Maria André Schunck Dona,Cursando,,,,Ametista,Ametista,7.473167836,,7.44215,,,,,4.0,7.9,9.1,6.3,5.7,7.0,10.0,6.9,4.0,7.5,5.5,,,Fase 4 (9° ano),0.0,,,,,1,0.5871589917661886,58.72
RA-471,2024,4M,4M,Aluno-471,2009.0,2009-07-12,14.0,Feminino,2021.0,Pública,EE Maria André Schunck Dona,Cursando,Ágata,Ágata,Ágata,Agata,Agata,6.635847118,6.535,6.855541667,,,,,4.0,0.0,7.0,7.5,5.5,8.0,10.0,7.7,4.0,5.5,7.0,,,Fase 4 (9° ano),0.0,,,,,0,0.3518139443898693,35.18
RA-416,2024,4M,4M,Aluno-416,2010.0,2010-08-31,14.0,Masculino,2021.0,Privada - Programa de Apadrinhamento,Colégio Arco Íris Evolução,Cursando,Ametista,Ametista,Ametista,Topázio,Topázio,8.700808577,7.913,8.144425,,,,,4.0,8.8,9.0,7.5,8.0,9.1,10.0,8.5,8.0,7.5,8.5,,,Fase 3 (7° e 8° ano),1.0,,,,,0,0.06988879278494257,6.99
RA-303,2024,4M,4M,Aluno-303,2008.0,2008-03-29,16.0,Masculino,2021.0,Pública,EE Donizetti Aparecido Leite Professor,Cursando,Ametista,Ágata,Ágata,Quartzo,Agata,6.24434269,6.03,5.914291667,,,,,4.0,8.8,4.0,7.5,5.7,7.5,5.0,6.9,5.0,5.0,7.0,,,Fase 6 (2° EM),-2.0,,,,,1,0.7403313085308679,74.03
RA-418,2024,4M,4M,Aluno-418,2012.0,2012-09-03,12.0,Feminino,2021.0,Privada - Programa de Apadrinhamento,Colégio Arco Íris Evolução,Cursando,Topázio,Topázio,Topázio,Topázio,Topázio,9.125183333,8.175,8.1686,,,,,4.0,8.8,10.0,7.5,9.3,9.0,10.0,8.2,9.5,8.5,10.0,,,Fase 3 (7° e 8° ano),1.0,,,,,0,0.05907675570559409,5.91
RA-419,2024,4M,4M,Aluno-419,2010.0,2010-04-10,14.0,Feminino,2021.0,Privada - Programa de Apadrinhamento,Colégio Arco Íris Evolução,Cursando,Ametista,Ametista,Ametista,Ametista,Topázio,8.355707895,7.359,7.7261,,,,,4.0,7.1,9.4,6.3,8.2,8.5,10.0,8.0,6.5,8.0,10.0,,,Fase 3 (7° e 8° ano),1.0,,,,,0,0.1318443740535188,13.18
RA-420,2024,4M,4M,Aluno-420,2011.0,2011-03-04,13.0,Feminino,2021.0,Privada - Programa de Apadrinhamento,Colégio Arco Íris Evolução,Cursando,Topázio,Ametista,Ametista,Ametista,Ametista,7.544228947,7.461,7.356358333,,,,,4.0,8.3,9.6,6.3,4.0,8.0,10.0,7.8,3.0,4.5,4.5,,,Fase 3 (7° e 8° ano),1.0,,,,,0,0.2052977608866871,20.53
RA-1166,2024,4M,4M,Aluno-1166,2008.0,2008-10-23,16.0,Feminino,2023.0,Pública,EE Donizetti Aparecido Leite Professor,Cursando,,,,Ametista,Ametista,7.452799123,,7.307858333,,,,,4.0,8.3,8.5,6.3,6.3,8.6,5.0,8.0,5.0,7.0,7.0,,,Fase 5 (1° EM),-1.0,,,,,1,0.7634434655251772,76.34
RA-425,2024,4M,4M,Aluno-425,2010.0,2010-01-21,14.0,Masculino,2022.0,Pública,EE Maria André Schunck Dona,Cursando,,,Topázio,Topázio,Topázio,9.016616667,8.117,8.10555,,,,,4.0,10.0,10.0,6.3,9.0,8.8,10.0,8.2,10.0,7.5,9.5,,,Fase 4 (9° ano),0.0,,,,,0,0.14559566651897568,14.56
RA-1590,2024,4N,4N,Aluno-1590,2009.0,2009-02-28,15.0,Feminino,2024.0,Pública,EE Maria André Schunck Dona,Cursando,,,,,Topázio,8.190787509,,,,,,,5.0,7.9,8.3,7.5,8.7,8.8,5.0,10.0,8.5,8.0,9.5,,,Fase 5 (1° EM),-1.0,,,,,1,0.7001635656180354,70.02
RA-1591,2024,4N,4N,Aluno-1591,2007.0,2007-12-11,16.0,Feminino,2024.0,Pública,EE Maria André Schunck Dona,Cursando,,,,,Agata,6.170795286,,,,,,,5.0,7.1,6.4,7.5,3.5,7.1,5.0,8.1,3.0,4.5,3.0,,,Fase 6 (2° EM),-2.0,,,,,1,0.7837941076694125,78.38
RA-273,2024,4N,4N,Aluno-273,2008.0,2008-10-27,16.0,Feminino,2021.0,Pública,EE Maria André Schunck Dona,Cursando,Ametista,Ametista,Quartzo,Agata,Agata,6.59913078,5.679,6.337116667,,,,,5.0,9.2,7.3,6.3,4.5,6.9,5.0,8.1,3.0,6.5,4.0,,,Fase 5 (1° EM),-1.0,,,,,1,0.8534151151144721,85.34
RA-1592,2024,4N,4N,Aluno-1592,2009.0,2009-04-06,15.0,Feminino,2024.0,Pública,EE Maria André Schunck Dona,Cursando,,,,,Agata,6.81254548,,,,,,,5.0,7.9,6.9,7.5,5.5,7.4,5.0,8.1,4.0,7.5,5.0,,,Fase 5 (1° EM),-1.0,,,,,1,0.7645789342085528,76.46
RA-457,2024,4N,4N,Aluno-457,2010.0,2010-07-23,14.0,Feminino,2022.0,Pública,EE Donizetti Aparecido Leite Professor,Cursando,,,Ametista,Topázio,Topázio,8.589275604,7.68,8.256833333,,,,,5.0,8.3,8.7,7.5,8.7,7.8,10.0,9.7,8.0,8.0,10.0,,,Fase 3 (7° e 8° ano),1.0,,,,,0,0.16267976407076984,16.27
RA-305,2024,4N,4N,Aluno-305,2008.0,2008-10-19,16.0,Masculino,2021.0,Pública,EE Maria André Schunck Dona,Cursando,Ametista,Ágata,Ágata,Agata,Agata,6.693026812,6.058,6.394291667,,,,,5.0,8.3,7.9,6.3,4.8,7.0,5.0,7.8,3.0,3.0,8.5,,,Fase 5 (1° EM),-1.0,,,,,1,0.7390029820032384,73.9
RA-421,2024,4N,4N,Aluno-421,2011.0,2011-11-02,13.0,Masculino,2021.0,Pública,Estuda em outra cidade,Cursando,,Topázio,Topázio,Topázio,Topázio,8.488232329,8.717,8.030716667,,,,,5.0,8.8,9.5,7.5,6.7,8.6,10.0,9.1,5.0,6.0,9.0,,,Fase 3 (7° e 8° ano),1.0,,,,,0,0.07043845006900018,7.04
RA-1169,2024,4N,4N,Aluno-1169,2009.0,2009-05-01,15.0,Feminino,2023.0,Pública,EE Maria André Schunck Dona,Cursando,,,,Ametista,Agata,6.885305556,,7.213625,,,,,5.0,6.3,8.4,5.6,6.8,6.8,5.0,7.8,6.0,6.5,8.0,,,Fase 5 (1° EM),-1.0,,,,,1,0.659614048452667,65.96
RA-1593,2024,4N,4N,Aluno-1593,2008.0,2008-11-15,15.0,Masculino,2024.0,Pública,EE Maria André Schunck Dona,Cursando,,,,,Agata,6.638525017,,,,,,,5.0,6.2,4.9,6.3,6.5,8.5,5.0,9.1,9.0,6.5,4.0,,,Fase 5 (1° EM),-1.0,,,,,1,0.7003764400076763,70.04
RA-1594,2024,4N,4N,Aluno-1594,2008.0,2008-02-28,16.0,Masculino,2024.0,Pública,EE Maria André Schunck Dona,Cursando,,,,,Quartzo,5.731267288,,,,,,,5.0,9.6,6.1,6.3,3.0,6.0,5.0,6.3,1.0,4.0,4.0,,,Fase 6 (2° EM),-2.0,,,,,1,0.8526170847230604,85.26
RA-283,2024,4N,4N,Aluno-283,2008.0,2008-06-27,16.0,Masculino,2021.0,Pública,EE Maria André Schunck Dona,Cursando,Ágata,Ágata,Ametista,Ametista,Ametista,7.944430952,7.131,7.549025,,,,,5.0,8.8,9.8,6.9,8.0,7.7,5.0,7.8,6.5,8.0,9.5,,,Fase 6 (2° EM),-2.0,,,,,1,0.7402660892818451,74.03
RA-459,2024,4N,4N,Aluno-459,2010.0,2010-04-20,14.0,Masculino,2021.0,Pública,EE Donizetti Aparecido Leite Professor,Cursando,Ametista,Ametista,Ametista,Topázio,Ametista,7.233804589,7.28,8.240016667,,,,,5.0,7.9,8.5,5.6,4.7,7.4,10.0,7.8,0.0,6.0,8.0,,,Fase 4 (9° ano),0.0,,,,,0,0.14208553884679687,14.21
RA-454,2024,4R,4R,Aluno-454,2007.0,2007-09-18,17.0,Masculino,2021.0,Pública,EE Paschoal Carlos Magno,Cursando,Quartzo,Ágata,Quartzo,Quartzo,Quartzo,5.852294347,5.561,4.603416667,,,,,6.0,9.6,6.6,6.3,3.7,5.8,5.0,5.4,3.0,2.0,6.0,,,Fase 6 (2° EM),-2.0,,,,,1,0.9218724984390105,92.19
RA-1595,2024,4R,4R,Aluno-1595,2010.0,2010-02-23,14.0,Masculino,2024.0,Pública,EM Cecilia Cristina de Oliveira Rodrigues,Cursando,,,,,Agata,6.659930423,,,,,,,6.0,8.3,7.9,6.3,2.3,7.0,10.0,7.4,3.0,0.0,4.0,,,Fase 4 (9° ano),0.0,,,,,0,0.41087757573110745,41.09
RA-1596,2024,4R,4R,Aluno-1596,2007.0,2007-07-07,17.0,Feminino,2024.0,Pública,EE Donizetti Aparecido Leite Professor,Cursando,,,,,Ametista,7.261016667,,,,,,,6.0,8.8,10.0,7.5,3.3,8.2,5.0,8.2,5.0,0.0,5.0,,,Fase 6 (2° EM),-2.0,,,,,1,0.5967526268400603,59.68
RA-170,2024,4R,4R,Aluno-170,2008.0,2008-10-23,16.0,Feminino,2021.0,Privada - Programa de Apadrinhamento,Colégio Arco Íris Evolução,Cursando,Ametista,Ametista,Ágata,Ametista,Ametista,7.646383333,7.007,7.062433333,,,,,6.0,9.2,8.5,5.6,8.0,8.0,5.0,7.6,10.0,6.5,7.5,,,Fase 5 (1° EM),-1.0,,,,,1,0.7870851653986263,78.71
RA-1597,2024,4R,4R,Aluno-1597,2008.0,2008-01-06,16.0,Feminino,2024.0,Pública,EE Donizetti Aparecido Leite Professor,Cursando,,,,,Agata,6.718706349,,,,,,,6.0,7.5,8.4,7.5,2.8,8.3,5.0,8.1,2.0,0.0,6.5,,,Fase 5 (1° EM),-1.0,,,,,1,0.7668705630871838,76.69
RA-1171,2024,4R,4R,Aluno-1171,2009.0,2009-04-24,15.0,Masculino,2023.0,Pública,EE Donizetti Aparecido Leite Professor,Cursando,,,,Ametista,Ametista,7.623681746,,7.856033333,,,,,6.0,8.3,7.2,7.5,7.5,8.6,5.0,8.6,5.0,9.5,8.0,,,Fase 5 (1° EM),-1.0,,,,,1,0.5502281925205516,55.02
RA-116,2024,5A,5A,Aluno-116,2006.0,2006-08-31,18.0,Feminino,2021.0,Pública,EE Joaquim Mendes Feliz,Cursando,Ametista,Ágata,Ágata,Agata,Agata,6.337470707,6.854,6.433075,,,,,5.0,8.3,7.5,5.6,4.5,6.7,5.0,6.9,6.5,2.0,5.0,,,Fase 7 (3° EM),-2.0,,,,,1,0.753150718984163,75.32
RA-217,2024,5A,5A,Aluno-217,2007.0,2007-06-11,17.0,Feminino,2021.0,Privada - Programa de Apadrinhamento,Colégio Arco Íris Evolução,Cursando,,Ametista,Ametista,Agata,Ametista,7.42091645,7.397,6.96965,,,,,5.0,8.3,8.9,6.3,7.8,7.0,5.0,7.1,9.0,7.0,7.5,,,Fase 6 (2° EM),-1.0,,,,,1,0.7674504415331777,76.75
RA-103,2024,5A,5A,Aluno-103,2009.0,2009-05-17,15.0,Feminino,2021.0,Privada - Programa de Apadrinhamento,Colégio Arco Íris Evolução,Cursando,Ágata,Ametista,Topázio,Topázio,Topázio,8.775268254,8.107,8.0239,,,,,5.0,8.3,9.6,6.3,9.2,8.9,10.0,7.9,9.0,9.0,9.5,,,Fase 5 (1° EM),0.0,,,,,0,0.17253815115372248,17.25
RA-178,2024,5A,5A,Aluno-178,2008.0,2008-05-10,16.0,Feminino,2021.0,Privada - Programa de Apadrinhamento,Colégio Arco Íris Evolução,Cursando,Ametista,Ametista,Ágata,Ametista,Ametista,7.234168831,7.025,7.406658333,,,,,5.0,9.6,8.7,6.3,4.2,6.5,10.0,7.6,2.5,2.5,7.5,,,Fase 5 (1° EM),0.0,,,,,0,0.372656371938479,37.27
RA-1172,2024,5A,5A,Aluno-1172,2007.0,2007-08-27,17.0,Feminino,2023.0,Pública,EE Donizetti Aparecido Leite Professor,Cursando,,,,Ametista,Quartzo,5.719565079,,7.030108333,,,,,5.0,7.5,6.1,6.3,3.3,6.2,5.0,7.3,0.0,5.0,5.0,,,Fase 6 (2° EM),-1.0,,,,,1,0.6832483175838818,68.32
RA-180,2024,5A,5A,Aluno-180,2010.0,2010-09-22,14.0,Masculino,2021.0,Privada - Programa de Apadrinhamento,Colégio Arco Íris Evolução,Cursando,Topázio,Topázio,Topázio,Topázio,Topázio,8.801463636,8.442,8.283216667,,,,,5.0,9.2,9.4,7.5,8.5,8.7,10.0,8.1,9.0,8.5,8.0,,,Fase 3 (7° e 8° ano),2.0,,,,,0,0.0818814303059723,8.19
RA-181,2024,5A,5A,Aluno-181,2009.0,2009-01-03,15.0,Feminino,2021.0,Privada - Programa de Apadrinhamento,Colégio Arco Íris Evolução,Cursando,Topázio,Ametista,Topázio,Ametista,Ametista,7.439841414,8.623,7.671208333,,,,,5.0,7.5,8.7,6.3,4.3,8.4,10.0,7.6,0.0,7.5,5.5,,,Fase 5 (1° EM),0.0,,,,,0,0.10598567967740088,10.6
RA-121,2024,5A,5A,Aluno-121,2006.0,2006-12-11,17.0,Feminino,2021.0,Pública,EE Joaquim Mendes Feliz,Cursando,,Ágata,Ametista,Agata,Ametista,7.476158297,7.245,6.811875,,,,,5.0,8.8,8.2,6.3,8.8,6.8,5.0,7.3,7.5,9.0,10.0,,,Fase 7 (3° EM),-2.0,,,,,1,0.7707343647625287,77.07
RA-211,2024,5A,5A,Aluno-211,2009.0,2009-06-15,15.0,Masculino,2021.0,Privada - Programa de Apadrinhamento,Colégio Arco Íris Evolução,Cursando,,Topázio,Topázio,Topázio,Topázio,8.283601876,8.465,8.024791667,,,,,5.0,9.6,9.4,7.5,7.0,7.9,10.0,7.3,5.5,6.5,9.0,,,Fase 5 (1° EM),0.0,,,,,0,0.12759111708532697,12.76
RA-1198,2024,5A,5A,Aluno-1198,2007.0,2007-11-08,17.0,Feminino,2023.0,Pública,EE Joaquim Mendes Feliz,Cursando,,,,Ametista,Agata,6.921774892,,7.515233333,,,,,5.0,8.8,9.5,7.5,3.5,7.3,5.0,7.4,0.0,1.0,9.5,,,Fase 6 (2° EM),-1.0,,,,,1,0.7058452553077038,70.58
RA-110,2024,5A,5A,Aluno-110,2008.0,2008-07-19,16.0,Masculino,2021.0,Privada - Programa de Apadrinhamento,Colégio Arco Íris Evolução,Cursando,Ametista,Topázio,Topázio,Topázio,Topázio,8.632493939,8.15,8.0879,,,,,5.0,9.2,9.7,6.3,8.5,8.5,10.0,7.5,10.0,7.0,8.5,,,Fase 5 (1° EM),0.0,,,,,0,0.20765583414894143,20.77
RA-189,2024,5A,5A,Aluno-189,2008.0,2008-12-23,15.0,Masculino,2021.0,Privada - Programa de Apadrinhamento,Colégio Arco Íris Evolução,Cursando,Ametista,Ametista,Ametista,Ametista,Topázio,8.586533333,7.629,7.727325,,,,,5.0,10.0,10.0,6.3,8.2,8.2,10.0,6.9,7.0,7.5,10.0,,,Fase 5 (1° EM),0.0,,,,,0,0.41680498000696,41.68
RA-127,2024,5A,5A,Aluno-127,2008.0,2008-07-18,16.0,Feminino,2022.0,Privada - Programa de Apadrinhamento,Colégio Arco Íris Evolução,Cursando,,,Topázio,Ametista,Topázio,8.560593939,8.283,7.91935,,,,,5.0,8.8,9.5,7.5,7.8,8.5,10.0,7.6,10.0,3.5,10.0,,,Fase 5 (1° EM),0.0,,,,,0,0.274047965113919,27.4
RA-115,2024,5A,5A,Aluno-115,2006.0,2006-11-18,17.0,Feminino,2021.0,Pública,EE Joaquim Mendes Feliz,Cursando,Ametista,Ametista,Quartzo,Agata,Quartzo,5.404184696,5.886,6.319141667,,,,,5.0,7.9,4.2,6.3,4.2,5.7,5.0,6.8,6.5,4.5,1.5,,,Fase 7 (3° EM),-2.0,,,,,1,0.8404121090341293,84.04
RA-215,2024,5B,5B,Aluno-215,2009.0,2009-02-21,15.0,Feminino,2021.0,Pública,EE Paschoal Carlos Magno,Cursando,,Ágata,Ametista,Ametista,Ametista,7.045258874,7.172,7.166475,,,,,5.0,7.1,6.5,6.3,5.7,7.4,10.0,8.0,5.0,2.0,10.0,,,Fase 5 (1° EM),0.0,,,,,0,0.29261125727730386,29.26
RA-1598,2024,5B,5B,Aluno-1598,2009.0,2009-02-27,15.0,Feminino,2024.0,Pública,EE Paschoal Carlos Magno,Cursando,,,,,Topázio,8.465628571,,,,,,,5.0,9.6,8.9,7.5,7.5,8.2,10.0,8.4,7.5,7.5,,,,Fase 5 (1° EM),0.0,,,,,1,0.5912683632587475,59.13
RA-1174,2024,5B,5B,Aluno-1174,2008.0,2008-10-19,16.0,Feminino,2023.0,Pública,EE Olivia de Faria Nogueira,Cursando,,,,Ametista,Ametista,7.37421342,,7.333591667,,,,,5.0,8.8,8.3,6.3,5.0,7.3,10.0,7.5,5.0,3.0,7.0,,,Fase 5 (1° EM),0.0,,,,,0,0.4786371468996976,47.86
RA-192,2024,5B,5B,Aluno-192,2007.0,2007-01-16,17.0,Masculino,2021.0,Privada,Rede Decisão - Unidade União,Cursando,,Quartzo,Quartzo,Agata,Agata,6.882960606,4.932,6.616016667,,,,,5.0,8.3,6.4,7.5,7.2,6.9,5.0,7.1,4.0,7.5,10.0,,,Fase 7 (3° EM),-2.0,,,,,1,0.84946858733563,84.95
RA-220,2024,5B,5B,Aluno-220,2009.0,2009-01-30,15.0,Feminino,2022.0,Pública,EE Joaquim Mendes Feliz,Cursando,,,Ágata,Ametista,Ametista,7.698777056,7.028,7.102016667,,,,,5.0,8.8,8.2,6.3,6.8,7.3,10.0,7.3,8.0,3.5,9.0,,,Fase 5 (1° EM),0.0,,,,,0,0.4258644924674128,42.59
RA-186,2024,5B,5B,Aluno-186,2009.0,2009-10-07,15.0,Feminino,2021.0,Privada,Colégio Nogueira e Sonho de Criança,Cursando,Ametista,Ametista,Ametista,Ametista,Topázio,8.325963636,7.832,7.817541667,,,,,5.0,7.9,9.6,6.3,7.2,8.7,10.0,8.1,6.0,7.0,8.5,,,Fase 4 (9° ano),1.0,,,,,0,0.14153205171431574,14.15
RA-1181,2024,5B,5B,Aluno-1181,2009.0,2009-05-01,15.0,Feminino,2023.0,Pública,EE Paschoal Carlos Magno,Cursando,,,,Agata,Agata,6.201581674,,6.971266667,,,,,5.0,9.2,5.0,6.3,3.8,5.9,10.0,7.1,1.0,1.0,9.5,,,Fase 5 (1° EM),0.0,,,,,0,0.41363177082398445,41.36
RA-1599,2024,5B,5B,Aluno-1599,2006.0,2006-11-19,17.0,Feminino,2024.0,Pública,EE Joaquim Mendes Feliz,Cursando,,,,,Ametista,7.605933333,,,,,,,5.0,8.3,9.7,7.5,6.5,7.6,5.0,7.8,7.0,6.0,,,,Fase 7 (3° EM),-2.0,,,,,1,0.6626718288855724,66.27
RA-111,2024,5B,5B,Aluno-111,2009.0,2009-06-27,15.0,Feminino,2021.0,Privada - Programa de Apadrinhamento,Colégio Arco Íris Evolução,Cursando,Ametista,Topázio,Topázio,Ametista,Topázio,8.667693939,8.646,7.566458333,,,,,5.0,9.2,9.5,6.3,8.3,8.7,10.0,8.1,8.0,7.0,10.0,,,Fase 5 (1° EM),0.0,,,,,0,0.13388052229780578,13.39
RA-1600,2024,5B,5B,Aluno-1600,2007.0,2007-08-06,17.0,Feminino,2024.0,Pública,EE Paschoal Carlos Magno,Cursando,,,,,Agata,6.750618519,,,,,,,5.0,8.8,8.4,6.3,5.7,6.0,5.0,7.3,5.0,2.0,10.0,,,Fase 7 (3° EM),-2.0,,,,,1,0.7145937350377656,71.46
RA-1601,2024,5C,5C,Aluno-1601,2007.0,2007-08-10,17.0,Feminino,2024.0,Pública,EE Leonice de Aquino Oliveira,Cursando,,,,,Ametista,7.2431,,,,,,,4.0,8.8,7.0,7.5,6.5,8.3,5.0,7.5,5.0,5.0,9.5,,,Fase 6 (2° EM),-1.0,,,,,1,0.7932249429765962,79.32
RA-176,2024,5C,5C,Aluno-176,2009.0,2009-08-28,15.0,Feminino,2021.0,Privada - Programa de Apadrinhamento,Colégio Arco Íris Evolução,Cursando,Topázio,Ametista,Topázio,Topázio,Topázio,8.828632576,8.427,8.316833333,,,,,4.0,9.6,9.5,6.3,8.8,8.5,10.0,8.6,9.0,8.0,9.5,,,Fase 4 (9° ano),1.0,,,,,0,0.10798286772925678,10.8
RA-1602,2024,5C,5C,Aluno-1602,2009.0,2009-09-05,15.0,Feminino,2024.0,Pública,EE Leonice de Aquino Oliveira,Cursando,,,,,Topázio,8.041889815,,,,,,,4.0,7.9,8.8,7.5,7.2,7.9,10.0,7.3,9.5,2.0,10.0,,,Fase 5 (1° EM),0.0,,,,,1,0.5112372069807435,51.12
RA-1603,2024,5C,5C,Aluno-1603,2008.0,2008-02-13,16.0,Feminino,2024.0,Pública,EE Olivia de Faria Nogueira,Cursando,,,,,Ametista,7.836518518,,,,,,,4.0,7.5,9.3,7.5,8.3,7.8,5.0,7.5,8.5,7.0,9.5,,,Fase 6 (2° EM),-1.0,,,,,1,0.7517473762122171,75.17
RA-1604,2024,5C,5C,Aluno-1604,2008.0,2008-02-22,16.0,Masculino,2024.0,Pública,EE Maria André Schunck Dona,Cursando,,,,,Topázio,8.011855556,,,,,,,4.0,9.2,7.8,7.5,8.5,8.9,5.0,8.1,10.0,5.5,10.0,,,Fase 6 (2° EM),-1.0,,,,,1,0.7781278657316716,77.81
RA-193,2024,5C,5C,Aluno-193,2010.0,2010-02-17,14.0,Masculino,2021.0,Privada - Programa de Apadrinhamento,Colégio Arco Íris Evolução,Cursando,Topázio,Topázio,Topázio,Ametista,Topázio,8.46504697,8.155,7.718566667,,,,,4.0,8.8,9.8,6.3,7.0,8.8,10.0,8.4,6.5,4.5,10.0,,,Fase 4 (9° ano),1.0,,,,,0,0.14967383746501942,14.97
RA-195,2024,5C,5C,Aluno-195,2009.0,2009-12-10,15.0,Feminino,2021.0,Privada - Programa de Apadrinhamento,Colégio Arco Íris Evolução,Cursando,Ametista,Ametista,Ametista,Ametista,Topázio,8.469049603,8.017,7.60205,,,,,4.0,7.5,9.7,6.3,7.8,9.0,10.0,8.0,9.0,6.5,8.0,,,Fase 4 (9° ano),1.0,,,,,0,0.09857351477401485,9.86
RA-196,2024,5C,5C,Aluno-196,2010.0,2010-01-23,14.0,Masculino,2021.0,Privada - Programa de Apadrinhamento,Colégio Arco Íris Evolução,Cursando,Ametista,Topázio,Topázio,Ametista,Topázio,8.823550938,8.124,7.560991667,,,,,4.0,8.8,9.7,7.5,8.0,8.9,10.0,8.8,8.0,7.0,9.0,,,Fase 4 (9° ano),1.0,,,,,0,0.09918697922304284,9.92
RA-197,2024,5C,5C,Aluno-197,2009.0,2009-12-19,14.0,Feminino,2021.0,Privada - Programa de Apadrinhamento,Colégio Arco Íris Evolução,Cursando,,Topázio,Topázio,Ametista,Topázio,8.568238636,8.218,7.967608333,,,,,4.0,7.5,9.8,6.3,8.3,8.8,10.0,8.0,7.0,8.0,10.0,,,Fase 5 (1° EM),0.0,,,,,0,0.02439203049470602,2.44
RA-229,2024,5C,5C,Aluno-229,2010.0,2010-09-04,14.0,Masculino,2022.0,Privada - Programa de Apadrinhamento,Colégio Arco Íris Evolução,Cursando,,,Topázio,Topázio,Topázio,8.852545635,8.62,8.207591667,,,,,4.0,9.6,9.8,5.6,8.8,8.8,10.0,8.3,9.5,7.0,10.0,,,Fase 4 (9° ano),1.0,,,,,0,0.08003047375539075,8.0
RA-202,2024,5C,5C,Aluno-202,2008.0,2008-02-06,16.0,Feminino,2021.0,Pública,EE Leonice de Aquino Oliveira,Cursando,Ametista,Ametista,Quartzo,Agata,Ametista,7.351215476,5.201,6.791641667,,,,,4.0,8.3,7.9,6.3,7.5,7.8,5.0,7.7,8.5,6.0,8.0,,,Fase 6 (2° EM),-1.0,,,,,1,0.8188671896216825,81.89
RA-1176,2024,5C,5C,Aluno-1176,2010.0,2010-05-23,14.0,Masculino,2023.0,Privada - Programa de Apadrinhamento,Colégio Arco Íris Evolução,Cursando,,,,Topázio,Topázio,8.91481627,,8.881483333,,,,,4.0,8.8,9.7,6.3,9.2,8.9,10.0,8.6,10.0,8.0,9.5,,,Fase 4 (9° ano),1.0,,,,,0,0.1686797368059292,16.87
RA-1177,2024,5C,5C,Aluno-1177,2008.0,2008-11-15,15.0,Feminino,2023.0,Pública,EE Mario Francisco de Amorim,Cursando,,,,Topázio,Topázio,8.323303947,,8.345491667,,,,,4.0,8.8,9.8,6.3,7.3,8.1,10.0,7.7,9.5,5.5,7.0,,,Fase 5 (1° EM),0.0,,,,,0,0.25880070017000617,25.88
RA-146,2024,5D,5D,Aluno-146,2007.0,2007-06-06,17.0,Feminino,2022.0,Pública,EE Mario Francisco de Amorim,Cursando,,,Ametista,Ametista,Topázio,8.134554885,7.947,7.584483333,,,,,5.0,8.8,9.5,5.6,9.3,8.3,5.0,7.7,9.0,9.0,10.0,,,Fase 7 (3° EM),-2.0,,,,,1,0.5395466715505209,53.95
RA-1199,2024,5D,5D,Aluno-1199,2006.0,2006-11-01,18.0,Masculino,2023.0,Concluiu o 3º EM,Concluiu o 3º EM,Cursando,,,,Ametista,Ametista,7.614235714,,7.024933333,,,,,5.0,7.5,8.6,5.0,9.0,8.5,5.0,6.6,10.0,7.0,10.0,,,Fase 7 (3° EM),-2.0,,,,,1,0.7765127243872365,77.65
RA-1178,2024,5D,5D,Aluno-1178,2007.0,2007-01-05,17.0,Masculino,2023.0,Pública,EE Mario Francisco de Amorim,Cursando,,,,Ametista,Topázio,8.093474603,,7.066475,,,,,5.0,8.8,9.7,6.3,8.3,8.7,5.0,7.5,9.0,8.0,8.0,,,Fase 6 (2° EM),-1.0,,,,,1,0.7313820066182072,73.14
RA-149,2024,5D,5D,Aluno-149,2007.0,2007-05-02,17.0,Feminino,2022.0,Pública,EE Leonice de Aquino Oliveira,Cursando,,,Ágata,Quartzo,Quartzo,5.731617385,6.323,5.622266667,,,,,5.0,9.6,4.1,6.3,3.8,6.6,5.0,7.3,0.0,6.5,5.0,,,Fase 7 (3° EM),-2.0,,,,,1,0.8968040032840721,89.68
RA-1605,2024,5D,5D,Aluno-1605,2008.0,2008-05-06,16.0,Masculino,2024.0,Pública,EE Leonice de Aquino Oliveira,Cursando,,,,,Quartzo,4.920488889,,,,,,,5.0,0.0,5.1,7.5,2.5,7.0,5.0,7.5,0.0,7.5,0.0,,,Fase 6 (2° EM),-1.0,,,,,1,0.7728208818032719,77.28
RA-107,2024,5D,5D,Aluno-107,2007.0,2007-11-25,16.0,Feminino,2021.0,Pública,EE Mario Francisco de Amorim,Cursando,Topázio,Ágata,Ágata,Agata,Agata,6.676130827,6.258,6.845208333,,,,,5.0,7.5,8.0,7.5,4.7,7.0,5.0,7.5,0.0,4.5,9.5,,,Fase 6 (2° EM),-1.0,,,,,1,0.7236990272954299,72.37
RA-184,2024,5D,5D,Aluno-184,2010.0,2010-03-27,14.0,Masculino,2021.0,Privada - Programa de Apadrinhamento,Colégio Arco Íris Evolução,Cursando,Ametista,Ametista,Ametista,Topázio,Topázio,8.471456704,7.28,8.430241667,,,,,5.0,8.8,8.7,6.3,8.2,9.0,10.0,8.0,9.5,5.0,10.0,,,Fase 4 (9° ano),1.0,,,,,0,0.16942899433117758,16.94
RA-1606,2024,5D,5D,Aluno-1606,2006.0,2006-12-17,17.0,Feminino,2024.0,Pública,EE Paschoal Carlos Magno,Cursando,,,,,Quartzo,5.82167963,,,,,,,5.0,8.3,5.1,7.5,2.5,7.1,5.0,7.8,7.5,0.0,0.0,,,Fase 7 (3° EM),-2.0,,,,,1,0.7268801860785001,72.69
RA-1607,2024,5D,5D,Aluno-1607,2008.0,2008-02-28,16.0,Masculino,2024.0,Pública,EE Olivia de Faria Nogueira,Cursando,,,,,Quartzo,4.899894444,,,,,,,5.0,5.8,6.2,5.6,0.0,6.8,5.0,6.6,,0.0,0.0,,,Fase 6 (2° EM),-1.0,,,,,1,0.6840079023027391,68.4
RA-1608,2024,5D,5D,Aluno-1608,2009.0,2009-04-19,15.0,Masculino,2024.0,Pública,EE Paschoal Carlos Magno,Cursando,,,,,Ametista,7.072539815,,,,,,,5.0,8.8,7.2,7.5,5.0,6.8,10.0,6.4,8.5,3.5,3.0,,,Fase 5 (1° EM),0.0,,,,,0,0.4725158141908026,47.25
RA-1173,2024,5D,5D,Aluno-1173,2009.0,2009-05-31,15.0,Masculino,2023.0,Pública,EE Leonice de Aquino Oliveira,Cursando,,,,Ametista,Topázio,8.220132916,,7.67285,,,,,5.0,9.2,9.7,7.5,5.8,8.2,10.0,8.1,6.0,7.5,4.0,,,Fase 5 (1° EM),0.0,,,,,0,0.28570384707387414,28.57
RA-237,2024,5F,5F,Aluno-237,2008.0,2008-06-25,16.0,Feminino,2022.0,Privada - Programa de Apadrinhamento,Colégio Arco Íris Evolução,Cursando,,,Topázio,Ametista,Ametista,7.931384271,8.084,7.436566667,,,,,3.0,8.8,9.7,6.3,7.7,8.3,5.0,7.9,6.0,7.0,10.0,,,Fase 6 (2° EM),-1.0,,,,,1,0.5050421236665182,50.5
RA-147,2024,5F,5F,Aluno-147,2008.0,2008-03-19,16.0,Feminino,2022.0,Pública,EE Joaquim Mendes Feliz,Cursando,,,Ametista,Quartzo,Ametista,7.400477922,7.541,5.5425,,,,,3.0,8.3,9.3,7.5,6.2,7.4,5.0,7.5,6.0,2.5,10.0,,,Fase 6 (2° EM),-1.0,,,,,1,0.6639194673380431,66.39
RA-131,2024,5F,5F,Aluno-131,2007.0,2007-02-15,17.0,Feminino,2021.0,Pública,EE Paschoal Carlos Magno,Cursando,Topázio,Ametista,Ametista,Quartzo,Ametista,7.263155556,7.174,5.952358333,,,,,3.0,8.8,9.4,7.5,5.0,7.4,5.0,7.7,4.0,5.0,6.0,,,Fase 7 (3° EM),-2.0,,,,,1,0.626884861905168,62.69
RA-1609,2024,5F,5F,Aluno-1609,2007.0,2007-02-22,17.0,Feminino,2024.0,Pública,EE Joaquim Mendes Feliz,Cursando,,,,,Ametista,7.577233333,,,,,,,3.0,8.3,9.7,7.5,6.0,7.9,5.0,7.7,6.0,4.0,8.0,,,Fase 7 (3° EM),-2.0,,,,,1,0.7868081930532628,78.68
RA-137,2024,5F,5F,Aluno-137,2005.0,2005-12-29,18.0,Feminino,2021.0,Concluiu o 3º EM,Concluiu o 3º EM,Cursando,Quartzo,Ágata,Ametista,Quartzo,Agata,6.576761183,7.056,5.937025,,,,,3.0,9.6,7.6,5.0,6.8,6.3,5.0,4.8,2.0,8.5,10.0,,,Fase 7 (3° EM),-2.0,,,,,1,0.7615210273687477,76.15
RA-1184,2024,5F,5F,Aluno-1184,2007.0,2007-09-08,17.0,Masculino,2023.0,Pública,EE Joaquim Mendes Feliz,Cursando,,,,Ametista,Ametista,7.411701732,,7.381566667,,,,,3.0,6.7,8.7,7.5,7.7,7.5,5.0,7.3,6.0,7.0,10.0,,,Fase 6 (2° EM),-1.0,,,,,1,0.7138732588162959,71.39
RA-138,2024,5F,5F,Aluno-138,2007.0,2007-03-16,17.0,Masculino,2021.0,Pública,EE Paschoal Carlos Magno,Cursando,Ametista,Ágata,Ágata,Agata,Ametista,7.386027417,6.738,6.784075,,,,,3.0,9.6,8.8,7.5,5.8,7.4,5.0,7.7,7.5,5.0,5.0,,,Fase 7 (3° EM),-2.0,,,,,1,0.6828775273070177,68.29
RA-1610,2024,5F,5F,Aluno-1610,2007.0,2007-12-02,17.0,Masculino,2024.0,Pública,EE Paschoal Carlos Magno,Cursando,,,,,Agata,6.702372928,,,,,,,3.0,9.2,7.8,7.5,5.2,6.1,5.0,7.3,4.0,2.0,9.5,,,Fase 7 (3° EM),-2.0,,,,,1,0.7793391856268153,77.93
RA-1611,2024,5F,5F,Aluno-1611,2007.0,2007-06-02,17.0,Masculino,2024.0,Pública,EE Joaquim Mendes Feliz,Cursando,,,,,Agata,6.458918622,,,,,,,3.0,7.1,8.4,7.5,4.5,5.9,5.0,7.5,2.0,2.5,9.0,,,Fase 7 (3° EM),-2.0,,,,,1,0.7116053671244353,71.16
RA-1612,2024,5F,5F,Aluno-1612,2006.0,2006-11-08,18.0,Masculino,2024.0,Pública,EE Joaquim Mendes Feliz,Cursando,,,,,Ametista,7.014528571,,,,,,,3.0,6.7,8.5,7.5,6.2,6.9,5.0,7.7,5.0,6.5,7.0,,,Fase 7 (3° EM),-2.0,,,,,1,0.7247365918907007,72.47
RA-1188,2024,5G,5G,Aluno-1188,2008.0,2008-01-13,16.0,Feminino,2023.0,Pública,EE Olivia de Faria Nogueira,Cursando,,,,#N/A,Ametista,7.801633333,,,,,,,3.0,9.2,10.0,7.5,7.0,7.1,5.0,8.1,7.0,6.0,8.0,,,Fase 6 (2° EM),-1.0,,,,,1,0.688720444986001,68.87
RA-1613,2024,5G,5G,Aluno-1613,2007.0,2007-03-26,17.0,Feminino,2024.0,Pública,EE Leonice de Aquino Oliveira,Cursando,,,,,Agata,6.085471429,,,,,,,3.0,8.3,7.1,7.5,3.0,6.2,5.0,7.3,0.0,1.0,8.0,,,Fase 7 (3° EM),-2.0,,,,,1,0.8092193892713587,80.92
RA-244,2024,5G,5G,Aluno-244,2010.0,2010-03-30,14.0,Feminino,2021.0,Privada - Programa de Apadrinhamento,Colégio Arco Íris Evolução,Cursando,Topázio,Topázio,Topázio,Ametista,Topázio,8.7225,8.51,7.044333333,,,,,3.0,7.5,10.0,6.3,9.5,8.2,10.0,8.1,10.0,9.0,9.5,,,Fase 4 (9° ano),1.0,,,,,0,0.1299191510292663,12.99
RA-267,2024,5G,5G,Aluno-267,2007.0,2007-01-19,17.0,Feminino,2021.0,Pública,EE Leonice de Aquino Oliveira,Cursando,Ágata,Quartzo,Ágata,#N/A,Quartzo,5.896306782,6.012,,,,,,3.0,10.0,8.3,6.3,2.0,6.3,5.0,4.6,0.0,2.0,4.0,,,Fase 7 (3° EM),-2.0,,,,,1,0.8974234785921112,89.74
RA-1189,2024,5G,5G,Aluno-1189,2008.0,2008-05-04,16.0,Feminino,2023.0,Pública,EE Olivia de Faria Nogueira,Cursando,,,,#N/A,Ametista,7.648638716,,,,,,,3.0,9.6,8.7,7.5,7.7,7.1,5.0,7.5,7.0,7.0,9.0,,,Fase 6 (2° EM),-1.0,,,,,1,0.7466460394071732,74.66
RA-113,2024,5G,5G,Aluno-113,2007.0,2007-11-25,16.0,Feminino,2021.0,Pública,EE Leonice de Aquino Oliveira,Cursando,Ametista,Ágata,Quartzo,,Ametista,7.043536903,3.032,,,,,,3.0,8.8,7.1,7.5,6.7,7.1,5.0,7.5,7.0,6.0,7.0,,,Fase 6 (2° EM),-1.0,,,,,1,0.7645077469539742,76.45
RA-152,2024,5L,5L,Aluno-152,2006.0,2006-11-30,17.0,Feminino,2022.0,Pública,EE Donizetti Aparecido Leite Professor,Cursando,,,Ágata,Agata,Agata,6.58379386,6.712,6.30695,,,,,3.0,7.5,7.3,5.6,5.2,7.4,5.0,7.8,0.0,7.5,8.0,,,Fase 7 (3° EM),-2.0,,,,,1,0.8228700949730355,82.29
RA-318,2024,5L,5L,Aluno-318,2008.0,2008-01-30,16.0,Feminino,2021.0,Pública,EE Donizetti Aparecido Leite Professor,Cursando,Ágata,Ametista,Ágata,Agata,Ametista,7.025000926,6.527,6.856575,,,,,3.0,7.9,9.1,7.5,4.7,7.4,5.0,7.3,2.0,6.0,6.0,,,Fase 6 (2° EM),-1.0,,,,,1,0.8280807640767749,82.81
RA-274,2024,5L,5L,Aluno-274,2011.0,2011-02-18,13.0,Feminino,2021.0,Privada - Programa de Apadrinhamento,Colégio Arco Íris Evolução,Cursando,Ametista,Topázio,Ametista,Topázio,Topázio,8.65102963,7.946,8.137625,,,,,3.0,8.3,9.6,5.6,9.3,8.2,10.0,8.1,9.0,9.0,10.0,,,Fase 3 (7° e 8° ano),2.0,,,,,0,0.07422920142985091,7.42
RA-319,2024,5L,5L,Aluno-319,2009.0,2009-10-06,15.0,Masculino,2022.0,Pública,EE Donizetti Aparecido Leite Professor,Cursando,,,Ametista,Topázio,Ametista,7.948699561,7.448,8.367208333,,,,,3.0,9.6,9.0,7.5,5.8,7.7,10.0,7.3,4.0,5.0,8.5,,,Fase 5 (1° EM),0.0,,,,,0,0.3747557323560178,37.48
RA-160,2024,5L,5L,Aluno-160,2007.0,2007-09-21,17.0,Feminino,2021.0,Privada - Programa de Apadrinhamento,Colégio Arco Íris Evolução,Cursando,,Ágata,Ágata,Agata,Agata,6.855108333,6.746,6.598266667,,,,,3.0,8.3,7.4,6.3,5.7,7.7,5.0,7.3,3.0,5.5,8.5,,,Fase 6 (2° EM),-1.0,,,,,1,0.7437524838531722,74.38
RA-161,2024,5L,5L,Aluno-161,2009.0,2009-05-29,15.0,Feminino,2021.0,Privada - Programa de Apadrinhamento,Colégio Arco Íris Evolução,Cursando,Ametista,Ametista,Ametista,Agata,Ametista,7.258445588,7.957,6.250166667,,,,,3.0,8.8,8.0,6.3,4.0,7.8,10.0,8.0,5.0,7.0,0.0,,,Fase 5 (1° EM),0.0,,,,,0,0.22054248816672628,22.05
RA-1614,2024,5L,5L,Aluno-1614,2008.0,2008-02-22,16.0,Masculino,2024.0,Pública,EE Donizetti Aparecido Leite Professor,Cursando,,,,,Agata,6.78789899,,,,,,,3.0,7.5,6.6,7.5,6.5,7.1,5.0,7.5,5.0,5.5,9.0,,,Fase 6 (2° EM),-1.0,,,,,1,0.8162926076702552,81.63
RA-164,2024,5L,5L,Aluno-164,2006.0,2006-12-29,17.0,Masculino,2021.0,Privada,Colégio Nogueira e Sonho de Criança,Cursando,Ágata,Ágata,Ágata,Quartzo,Agata,6.837125731,6.776,5.638666667,,,,,3.0,9.6,8.1,6.3,5.7,6.9,5.0,6.3,6.0,2.0,9.0,,,Fase 7 (3° EM),-2.0,,,,,1,0.8346387665995195,83.46
RA-165,2024,5L,5L,Aluno-165,2008.0,2008-02-08,16.0,Feminino,2021.0,Privada - Programa de Apadrinhamento,Colégio Arco Íris Evolução,Cursando,Ametista,Ametista,Topázio,Ametista,Topázio,8.462750244,8.063,7.583433333,,,,,3.0,7.5,9.4,7.5,8.5,7.9,10.0,8.0,10.0,7.5,8.0,,,Fase 5 (1° EM),0.0,,,,,0,0.14106326875305947,14.11
RA-1615,2024,5M,5M,Aluno-1615,2008.0,2008-12-23,15.0,Feminino,2024.0,Pública,EE Donizetti Aparecido Leite Professor,Cursando,,,,,Topázio,8.417533333,,,,,,,4.0,7.9,9.8,7.5,8.3,7.5,10.0,7.5,8.0,7.0,10.0,,,Fase 5 (1° EM),0.0,,,,,0,0.49580595479364115,49.58
RA-1616,2024,5M,5M,Aluno-1616,2007.0,2007-06-09,17.0,Feminino,2024.0,Pública,Estuda em outra cidade,Cursando,,,,,Ametista,7.147738235,,,,,,,4.0,8.3,8.4,7.5,6.2,7.1,5.0,7.2,5.5,6.5,6.5,,,Fase 6 (2° EM),-1.0,,,,,1,0.8210134075992538,82.1
RA-271,2024,5M,5M,Aluno-271,2007.0,2007-10-16,17.0,Feminino,2022.0,Pública,EE Donizetti Aparecido Leite Professor,Cursando,,,Ametista,Agata,Ametista,7.400633333,7.255,6.140333333,,,,,4.0,9.2,9.0,6.3,7.3,6.7,5.0,7.5,5.0,7.5,9.5,,,Fase 6 (2° EM),-1.0,,,,,1,0.810791176528271,81.08
RA-316,2024,5M,5M,Aluno-316,2008.0,2008-11-20,15.0,Feminino,2022.0,Privada - Programa de Apadrinhamento,Colégio Arco Íris Evolução,Cursando,,,Ametista,Topázio,Topázio,8.708925,7.889,8.436908333,,,,,4.0,9.2,10.0,7.5,8.0,8.4,10.0,7.7,8.5,7.0,8.5,,,Fase 5 (1° EM),0.0,,,,,0,0.24052100333503953,24.05
RA-286,2024,5M,5M,Aluno-286,2007.0,2007-11-20,16.0,Feminino,2022.0,Pública,EE Donizetti Aparecido Leite Professor,Cursando,,,Quartzo,Quartzo,Quartzo,5.123180882,5.424,5.713333333,,,,,4.0,6.7,4.0,6.3,3.2,5.8,5.0,7.3,5.0,0.0,4.5,,,Fase 6 (2° EM),-1.0,,,,,1,0.8413329380897818,84.13
RA-320,2024,5M,5M,Aluno-320,2008.0,2008-11-20,15.0,Feminino,2022.0,Privada - Programa de Apadrinhamento,Colégio Arco Íris Evolução,Cursando,,,Ametista,Topázio,Topázio,8.442258333,7.897,8.393508333,,,,,4.0,9.2,10.0,7.5,6.7,8.4,10.0,7.7,7.5,5.5,7.0,,,Fase 5 (1° EM),0.0,,,,,0,0.15788388281183674,15.79
RA-1207,2024,5M,5M,Aluno-1207,2008.0,2008-12-02,16.0,Feminino,2023.0,Pública,EE Donizetti Aparecido Leite Professor,Cursando,,,,Ametista,Agata,6.509169737,,7.58235,,,,,4.0,8.3,6.6,7.5,5.3,6.5,5.0,7.3,4.5,1.5,10.0,,,Fase 6 (2° EM),-1.0,,,,,1,0.636162037227721,63.62
RA-1617,2024,5M,5M,Aluno-1617,2008.0,2008-08-06,16.0,Feminino,2024.0,Pública,EE Donizetti Aparecido Leite Professor,Cursando,,,,,Quartzo,4.926285714,,,,,,,4.0,0.0,5.6,7.5,3.3,6.1,5.0,6.9,0.5,6.0,,,,Fase 6 (2° EM),-1.0,,,,,1,0.8098924282794043,80.99
RA-158,2024,5M,5M,Aluno-158,2009.0,2009-05-01,15.0,Feminino,2021.0,Privada - Programa de Apadrinhamento,Colégio Arco Íris Evolução,Cursando,Ametista,Ametista,Ametista,Ametista,Agata,6.855159259,7.302,7.297425,,,,,4.0,8.3,7.8,6.3,4.0,6.7,10.0,6.9,2.5,1.5,8.0,,,Fase 5 (1° EM),0.0,,,,,0,0.2817521315427692,28.18
RA-306,2024,5M,5M,Aluno-306,2008.0,2008-06-02,16.0,Feminino,2021.0,Pública,EE Donizetti Aparecido Leite Professor,Cursando,,Ametista,Ágata,Quartzo,Agata,6.166153947,6.427,5.732375,,,,,4.0,7.9,7.7,7.5,2.8,6.4,5.0,7.3,3.5,1.5,3.5,,,Fase 6 (2° EM),-1.0,,,,,1,0.9045268928755668,90.45
RA-1618,2024,5M,5M,Aluno-1618,2007.0,2007-06-07,17.0,Masculino,2024.0,Pública,EE Donizetti Aparecido Leite Professor,Cursando,,,,,Ametista,7.048766013,,,,,,,4.0,8.3,7.9,7.5,6.3,6.8,5.0,7.5,5.0,7.0,7.0,,,Fase 6 (2° EM),-1.0,,,,,1,0.8365671494469324,83.66
RA-308,2024,5M,5M,Aluno-308,2009.0,2009-09-22,15.0,Masculino,2021.0,Pública,EE Leonice de Aquino Oliveira,Cursando,Ametista,Ametista,Ágata,Agata,Ametista,7.489282456,6.93,6.578558333,,,,,4.0,7.1,8.7,5.6,6.5,7.1,10.0,7.5,5.5,7.0,7.0,,,Fase 4 (9° ano),1.0,,,,,1,0.7318042109829347,73.18
RA-1619,2024,5M,5M,Aluno-1619,2009.0,2009-05-26,15.0,Masculino,2024.0,Pública,EE Maria André Schunck Dona,Cursando,,,,,Ametista,7.393951852,,,,,,,4.0,7.5,9.3,7.5,4.3,7.2,10.0,7.5,4.0,4.5,,,,Fase 4 (9° ano),1.0,,,,,1,0.7461132658498052,74.61
RA-299,2024,5N,5N,Aluno-299,2009.0,2009-07-28,15.0,Feminino,2021.0,Privada - Programa de Apadrinhamento,Colégio Arco Íris Evolução,Cursando,Topázio,Ametista,Ametista,Agata,Topázio,8.177186957,7.278,6.796541667,,,,,3.0,8.8,9.0,6.3,8.2,7.5,10.0,7.5,8.0,7.5,9.0,,,Fase 4 (9° ano),1.0,,,,,0,0.4699550394394932,47.0
RA-251,2024,5N,5N,Aluno-251,2007.0,2007-08-12,16.0,Masculino,2021.0,Pública,EE Maria André Schunck Dona,Cursando,Ametista,Ametista,Ágata,Agata,Agata,6.713500621,7.022,6.665208333,,,,,3.0,8.8,8.6,5.6,4.5,7.3,5.0,6.9,4.0,2.5,7.0,,,Fase 6 (2° EM),-1.0,,,,,1,0.7425153340049241,74.25
RA-157,2024,5N,5N,Aluno-157,2010.0,2010-03-13,14.0,Feminino,2021.0,Privada - Programa de Apadrinhamento,Colégio Arco Íris Evolução,Cursando,Ametista,Topázio,Topázio,Ametista,Topázio,8.950566667,8.317,7.879008333,,,,,3.0,8.3,10.0,6.3,9.7,8.7,10.0,8.1,10.0,9.0,10.0,,,Fase 4 (9° ano),1.0,,,,,0,0.051742675837593045,5.17
RA-1620,2024,5N,5N,Aluno-1620,2007.0,2007-11-14,16.0,Masculino,2024.0,Pública,EE Maria André Schunck Dona,Cursando,,,,,Agata,6.652766667,,,,,,,3.0,8.8,6.7,7.5,5.2,7.1,5.0,7.5,5.5,7.0,3.0,,,Fase 6 (2° EM),-1.0,,,,,1,0.8149174168235058,81.49
RA-321,2024,5N,5N,Aluno-321,2010.0,2010-04-24,14.0,Feminino,2022.0,Pública,EE Donizetti Aparecido Leite Professor,Cursando,,,Ametista,Ametista,Topázio,8.125807933,7.792,7.695233333,,,,,3.0,7.9,9.5,6.3,7.2,7.8,10.0,8.1,6.0,6.0,9.5,,,Fase 4 (9° ano),1.0,,,,,0,0.1144700168215638,11.45
RA-1195,2024,5N,5N,Aluno-1195,2006.0,2006-02-10,18.0,Feminino,2022.0,Pública,EE Maria André Schunck Dona,Cursando,,,,Quartzo,Ametista,7.508514493,,5.677291667,,,,,3.0,9.6,9.9,5.6,6.2,7.7,5.0,7.5,8.0,5.0,5.5,,,Fase 7 (3° EM),-2.0,,,,,1,0.7482337177994346,74.82
RA-1200,2024,5N,5N,Aluno-1200,2007.0,2007-12-21,16.0,Feminino,2023.0,Pública,EE Maria André Schunck Dona,Cursando,,,,Quartzo,Quartzo,5.641583896,,5.711166667,,,,,3.0,7.9,7.1,6.3,1.5,6.3,5.0,7.5,0.0,4.5,0.0,,,Fase 6 (2° EM),-1.0,,,,,1,0.766973645352005,76.7
RA-278,2024,5N,5N,Aluno-278,2010.0,2010-05-17,14.0,Masculino,2021.0,Privada - Programa de Apadrinhamento,Colégio Arco Íris Evolução,Cursando,Ametista,Topázio,Ametista,Ametista,Topázio,8.907314493,7.741,7.1935,,,,,3.0,9.2,9.9,7.5,9.3,7.9,10.0,8.1,9.0,9.0,10.0,,,Fase 4 (9° ano),1.0,,,,,0,0.3023240905516995,30.23
RA-85,2024,5N,5N,Aluno-85,2007.0,2007-02-13,17.0,Masculino,2022.0,Pública,EE Maria André Schunck Dona,Cursando,,,Ágata,Ametista,Agata,6.999509386,6.243,7.08435,,,,,3.0,8.3,8.7,3.8,7.7,7.0,5.0,6.3,9.0,4.5,9.5,,,Fase 7 (3° EM),-2.0,,,,,1,0.7896337116610429,78.96
RA-279,2024,5N,5N,Aluno-279,2009.0,2009-08-25,15.0,Masculino,2021.0,Privada - Programa de Apadrinhamento,Colégio Arco Íris Evolução,Cursando,Topázio,Topázio,Topázio,Topázio,Topázio,9.113133333,8.815,9.006266667,,,,,3.0,9.2,10.0,7.5,9.3,8.7,10.0,8.3,10.0,8.0,10.0,,,Fase 4 (9° ano),1.0,,,,,0,0.04987574766580731,4.99
RA-1621,2024,5N,5N,Aluno-1621,2007.0,2007-07-26,17.0,Feminino,2024.0,Pública,EE Leonice de Aquino Oliveira,Cursando,,,,,Topázio,8.107033333,,,,,,,3.0,7.9,10.0,6.3,8.3,8.4,5.0,8.3,7.5,7.5,10.0,,,Fase 6 (2° EM),-1.0,,,,,1,0.6586413337103754,65.86
RA-280,2024,5N,5N,Aluno-280,2009.0,2009-04-07,15.0,Feminino,2021.0,Privada - Programa de Apadrinhamento,Colégio Arco Íris Evolução,Cursando,,Topázio,Ametista,Topázio,Topázio,8.822714493,8.046,8.189225,,,,,3.0,7.9,9.9,6.3,9.3,8.7,10.0,8.3,10.0,8.0,10.0,,,Fase 4 (9° ano),1.0,,,,,0,0.05162873346974873,5.16
RA-1201,2024,5N,5N,Aluno-1201,2008.0,2008-02-18,16.0,Masculino,2023.0,Pública,EE Maria André Schunck Dona,Cursando,,,,Topázio,Topázio,8.376195238,,8.378008333,,,,,3.0,8.8,9.5,7.5,9.0,8.6,5.0,8.3,9.0,8.0,10.0,,,Fase 6 (2° EM),-1.0,,,,,0,0.41555359287239824,41.56
RA-1622,2024,5N,5N,Aluno-1622,2007.0,2007-08-11,16.0,Feminino,2024.0,Pública,EE Maria André Schunck Dona,Cursando,,,,,Topázio,8.429066667,,,,,,,3.0,8.3,10.0,7.5,9.7,7.9,5.0,8.3,10.0,9.0,10.0,,,Fase 6 (2° EM),-1.0,,,,,1,0.637662234644779,63.77
RA-132,2024,6A,6A,Aluno-132,2008.0,2008-03-28,16.0,Feminino,2021.0,Privada - Programa de Apadrinhamento,Colégio Arco Íris Evolução,Cursando,Topázio,Ametista,Topázio,Ametista,Topázio,8.474632143,8.355,7.350625,,,,,5.0,8.3,8.4,7.5,8.3,8.4,10.0,8.6,7.0,8.0,10.0,,,Fase 6 (2° EM),0.0,,,,,0,0.2743426755778483,27.43
RA-42,2024,6A,6A,Aluno-42,2007.0,2007-11-03,17.0,Masculino,2021.0,Pública,EE Paschoal Carlos Magno,Cursando,Topázio,Ametista,Ágata,Agata,Ametista,7.65662877,6.72,6.794516667,,,,,5.0,9.2,9.7,5.6,8.2,7.1,5.0,6.8,9.0,7.5,8.0,,,Fase 7 (3° EM),-1.0,,,,,1,0.8486054349565257,84.86
RA-1623,2024,6A,6A,Aluno-1623,2007.0,2007-10-24,17.0,Masculino,2024.0,Pública,EE Alexandre Rodrigues Nogueira,Cursando,,,,,Ametista,7.760953704,,,,,,,5.0,9.2,8.5,6.3,6.0,7.7,10.0,7.8,5.5,2.5,10.0,,,Fase 6 (2° EM),0.0,,,,,0,0.4978808574396966,49.79
RA-106,2024,6A,6A,Aluno-106,2007.0,2007-12-23,16.0,Feminino,2021.0,Privada - Programa de Apadrinhamento,Colégio Arco Íris Evolução,Cursando,Topázio,Ametista,Ametista,Ametista,Ametista,7.721664286,7.973,7.769658333,,,,,5.0,9.2,8.8,5.6,5.7,7.9,10.0,7.8,7.0,3.5,6.5,,,Fase 6 (2° EM),0.0,,,,,0,0.18058818335048069,18.06
RA-123,2024,6A,6A,Aluno-123,2006.0,2006-07-22,18.0,Masculino,2021.0,Privada - Programa de Apadrinhamento,Colégio Arco Íris Evolução,Cursando,Ametista,Ametista,Ametista,Agata,Agata,6.887248016,7.084,6.068333333,,,,,5.0,7.5,8.4,5.6,7.2,6.4,5.0,6.7,6.5,5.5,9.5,,,Fase 7 (3° EM),-1.0,,,,,1,0.717087555386599,71.71
RA-125,2024,6A,6A,Aluno-125,2007.0,2007-01-21,17.0,Feminino,2022.0,Privada,João Friaza Colégio,Cursando,,,Ametista,Agata,Agata,6.627079762,7.619,6.989633333,,,,,5.0,8.3,5.6,7.5,6.2,7.2,5.0,7.3,3.0,7.0,8.5,,,Fase 7 (3° EM),-1.0,,,,,1,0.6963015240276497,69.63
RA-1624,2024,6A,6A,Aluno-1624,2006.0,2006-02-23,18.0,Feminino,2024.0,Concluiu o 3º EM,Concluiu o 3º EM,Cursando,,,,,Ametista,7.743213492,,,,,,,5.0,7.9,9.5,7.5,7.5,7.6,5.0,7.8,8.0,5.5,9.0,,,Fase 7 (3° EM),-1.0,,,,,1,0.6810578545517663,68.11
RA-1625,2024,6A,6A,Aluno-1625,2007.0,2007-10-25,17.0,Masculino,2024.0,Pública,EE Joaquim Mendes Feliz,Cursando,,,,,Agata,6.888194089,,,,,,,5.0,7.5,7.1,7.5,4.3,6.9,10.0,7.2,3.0,2.0,8.0,,,Fase 6 (2° EM),0.0,,,,,1,0.7373655042759499,73.74
RA-1626,2024,6A,6A,Aluno-1626,2008.0,2008-12-03,16.0,Feminino,2024.0,Pública,EE Paschoal Carlos Magno,Cursando,,,,,Topázio,8.541085606,,,,,,,5.0,8.8,9.7,7.5,7.3,8.4,10.0,8.3,5.5,6.5,10.0,,,Fase 6 (2° EM),0.0,,,,,0,0.4994285706811561,49.94
RA-1627,2024,6A,6A,Aluno-1627,2007.0,2007-05-25,17.0,Feminino,2024.0,Pública,EE Alexandre Rodrigues Nogueira,Cursando,,,,,Ametista,7.481547222,,,,,,,5.0,7.1,7.8,7.5,7.8,8.2,5.0,7.7,6.0,7.5,10.0,,,Fase 7 (3° EM),-1.0,,,,,1,0.785581540987434,78.56
RA-1628,2024,6A,6A,Aluno-1628,2008.0,2008-04-02,16.0,Feminino,2024.0,Pública,EE Joaquim Mendes Feliz,Cursando,,,,,Ametista,7.500131369,,,,,,,5.0,8.3,8.5,7.5,5.8,6.8,10.0,6.9,3.0,5.0,9.5,,,Fase 6 (2° EM),0.0,,,,,1,0.5463412408150974,54.63
RA-112,2024,6A,6A,Aluno-112,2007.0,2007-09-08,17.0,Feminino,2021.0,Privada - Programa de Apadrinhamento,Colégio Arco Íris Evolução,Cursando,Ametista,Ametista,Ametista,Ametista,Topázio,8.052609921,7.836,7.141308333,,,,,5.0,7.1,8.0,7.5,8.0,8.0,10.0,8.0,9.5,6.0,8.5,,,Fase 6 (2° EM),0.0,,,,,0,0.3323732193588232,33.24
RA-1629,2024,6A,6A,Aluno-1629,2007.0,2007-07-05,17.0,Feminino,2024.0,Pública,EE Paschoal Carlos Magno,Cursando,,,,,Ametista,7.560550529,,,,,,,5.0,9.6,8.6,7.5,7.3,7.3,5.0,7.2,8.8,3.0,10.0,,,Fase 7 (3° EM),-1.0,,,,,1,0.7060945818970359,70.61
RA-91,2024,6L,6L,Aluno-91,2006.0,2006-10-10,18.0,Feminino,2021.0,Privada - Programa de Apadrinhamento,Colégio Arco Íris Evolução,Cursando,Ametista,Ametista,Ágata,Ametista,Ametista,7.426704762,6.645,7.42395,,,,,5.0,10.0,7.5,5.6,7.3,8.1,5.0,7.9,9.0,4.0,9.0,,,Fase 7 (3° EM),-1.0,,,,,1,0.7643839672926062,76.44
RA-167,2024,6L,6L,Aluno-167,2006.0,2006-10-08,18.0,Feminino,2021.0,Privada - Programa de Apadrinhamento,Colégio Arco Íris Evolução,Cursando,Ametista,Ametista,Ametista,Ametista,Topázio,8.033470175,7.798,7.806141667,,,,,5.0,8.8,9.5,6.3,8.2,8.3,5.0,8.4,8.0,6.5,10.0,,,Fase 7 (3° EM),-1.0,,,,,0,0.4307162529415339,43.07
RA-1203,2024,6L,6L,Aluno-1203,2007.0,2007-04-10,17.0,Feminino,2023.0,Privada - Programa de Apadrinhamento,Colégio Arco Íris Evolução,Cursando,,,,Ametista,Topázio,8.949524561,,7.487841667,,,,,5.0,9.2,9.6,7.5,9.0,8.6,10.0,8.4,8.5,9.0,9.5,,,Fase 6 (2° EM),0.0,,,,,0,0.47955083627641293,47.96
RA-94,2024,6L,6L,Aluno-94,2007.0,2007-01-07,17.0,Feminino,2021.0,Privada - Programa de Apadrinhamento,Colégio Arco Íris Evolução,Cursando,Ametista,Topázio,Topázio,Ametista,Topázio,8.637033333,8.921,7.289333333,,,,,5.0,10.0,9.7,6.3,8.0,8.2,10.0,8.4,7.0,7.0,10.0,,,Fase 6 (2° EM),0.0,,,,,0,0.2437279974641738,24.37
RA-81,2024,6L,6L,Aluno-81,2008.0,2008-03-22,16.0,Feminino,2021.0,Privada - Programa de Apadrinhamento,Colégio Arco Íris Evolução,Cursando,Ametista,Topázio,Ametista,Ametista,Topázio,8.256566667,7.675,7.45425,,,,,5.0,9.2,9.3,6.3,7.5,7.8,10.0,7.9,9.0,6.5,7.0,,,Fase 6 (2° EM),0.0,,,,,0,0.4349104038946694,43.49
RA-1630,2024,6L,6L,Aluno-1630,2008.0,2008-01-30,16.0,Masculino,2024.0,Privada - Programa de Apadrinhamento,Colégio Arco Íris Evolução,Cursando,,,,,Topázio,8.583133333,,,,,,,5.0,8.3,9.8,7.5,7.3,8.7,10.0,8.3,9.0,9.0,4.0,,,Fase 6 (2° EM),0.0,,,,,0,0.38884462830547034,38.88
RA-171,2024,6L,6L,Aluno-171,2006.0,2006-09-16,18.0,Masculino,2022.0,Pública,EE Donizetti Aparecido Leite Professor,Cursando,,,Ágata,Agata,Ametista,7.328933333,6.581,6.293083333,,,,,5.0,7.5,7.8,5.6,8.3,7.6,5.0,7.6,7.0,8.0,10.0,,,Fase 7 (3° EM),-1.0,,,,,1,0.7424578175532563,74.25
RA-1220,2024,6L,6L,Aluno-1220,2005.0,2005-12-16,18.0,Feminino,2023.0,Concluiu o 3º EM,Concluiu o 3º EM,Cursando,,,,Agata,Ametista,7.143244444,,6.46725,,,,,5.0,7.1,8.6,6.9,7.7,6.3,5.0,7.5,9.0,7.0,7.0,,,Fase 7 (3° EM),-1.0,,,,,1,0.6903484846817166,69.03
RA-1631,2024,6L,6L,Aluno-1631,2007.0,2007-03-23,17.0,Masculino,2024.0,Privada,Rede Decisão - Unidade União,Cursando,,,,,Topázio,8.186433333,,,,,,,5.0,9.6,10.0,7.5,7.2,8.5,5.0,8.5,5.0,6.5,10.0,,,Fase 7 (3° EM),-1.0,,,,,1,0.6000052329029568,60.0
RA-1632,2024,6L,6L,Aluno-1632,2008.0,2008-02-14,16.0,Masculino,2024.0,Pública,EE Donizetti Aparecido Leite Professor,Cursando,,,,,Topázio,8.389333333,,,,,,,5.0,9.2,10.0,7.5,6.7,8.1,10.0,7.8,9.0,6.0,5.0,,,Fase 6 (2° EM),0.0,,,,,0,0.4265566566768155,42.66
RA-1210,2024,6L,6L,Aluno-1210,2007.0,2007-10-20,17.0,Feminino,2023.0,Pública,EE Donizetti Aparecido Leite Professor,Cursando,,,,Ametista,Topázio,8.2302,,7.171083333,,,,,5.0,9.6,10.0,7.5,5.5,8.2,10.0,7.9,5.0,6.5,5.0,,,Fase 6 (2° EM),0.0,,,,,1,0.6022499909670342,60.22
RA-175,2024,6L,6L,Aluno-175,2007.0,2007-04-03,17.0,Feminino,2021.0,Privada - Programa de Apadrinhamento,Colégio Arco Íris Evolução,Cursando,Ametista,Ametista,Ágata,Agata,Topázio,8.024136842,6.75,6.569516667,,,,,5.0,10.0,9.5,6.3,8.5,7.8,5.0,7.5,9.5,6.5,9.5,,,Fase 7 (3° EM),-1.0,,,,,1,0.7927456156066784,79.27
RA-80,2024,7A,7A,Aluno-80,2006.0,2006-05-07,18.0,Feminino,2021.0,Privada - Programa de Apadrinhamento,Colégio Arco Íris Evolução,Cursando,Ametista,Topázio,Ametista,Ametista,Topázio,8.131659176,7.29,7.252275,,,,,3.0,8.8,7.9,8.1,7.0,7.9,10.0,8.8,5.0,6.0,10.0,,,Fase 7 (3° EM),0.0,,,,,0,0.346491592398059,34.65
RA-40,2024,7A,7A,Aluno-40,2006.0,2006-08-28,18.0,Feminino,2021.0,Privada - Programa de Apadrinhamento,Colégio Arco Íris Evolução,Cursando,Ametista,Ágata,Ametista,Ametista,Ametista,7.098051462,7.203,7.169975,,,,,3.0,7.1,7.2,8.1,5.3,6.3,10.0,8.1,3.5,6.0,6.5,,,Fase 7 (3° EM),0.0,,,,,0,0.3590474878576134,35.9
RA-1214,2024,7A,7A,Aluno-1214,2007.0,2007-02-28,17.0,Masculino,2023.0,Pública,EE Paschoal Carlos Magno,Cursando,,,,Topázio,Topázio,8.590297136,,8.378666667,,,,,3.0,10.0,9.1,8.1,8.0,7.7,10.0,8.3,8.0,6.0,10.0,,,Fase 7 (3° EM),0.0,,,,,0,0.260549033634215,26.05
RA-92,2024,7A,7A,Aluno-92,2006.0,2006-12-09,18.0,Feminino,2021.0,Privada - Programa de Apadrinhamento,Colégio Arco Íris Evolução,Cursando,Topázio,Ametista,Ágata,Ametista,Topázio,8.052279017,6.957,7.375916667,,,,,3.0,10.0,8.8,7.5,7.5,6.3,10.0,7.8,8.0,5.0,9.5,,,Fase 7 (3° EM),0.0,,,,,0,0.45228816309236064,45.23
RA-45,2024,7A,7A,Aluno-45,2007.0,2007-04-04,17.0,Feminino,2021.0,Privada - Programa de Apadrinhamento,Colégio Arco Íris Evolução,Cursando,Ametista,Topázio,Ametista,Topázio,Topázio,8.74347619,7.591,8.303591667,,,,,3.0,7.5,9.6,9.4,8.0,8.3,10.0,8.8,7.5,7.0,9.5,,,Fase 7 (3° EM),0.0,,,,,0,0.17277203395700877,17.28
RA-56,2024,7A,7A,Aluno-56,2007.0,2007-05-16,17.0,Feminino,2021.0,Privada - Programa de Apadrinhamento,Colégio Arco Íris Evolução,Cursando,Topázio,Topázio,Topázio,Topázio,Topázio,9.077020175,8.404,8.284333333,,,,,3.0,10.0,9.3,10.0,7.7,9.2,10.0,8.4,8.0,6.0,9.0,,,Fase 7 (3° EM),0.0,,,,,0,0.13093216703399865,13.09
RA-57,2024,7A,7A,Aluno-57,2006.0,2006-09-07,18.0,Masculino,2021.0,Privada - Programa de Apadrinhamento,Colégio Arco Íris Evolução,Cursando,Ametista,Ametista,Ametista,Agata,Ametista,7.41938043,7.305,6.450875,,,,,3.0,9.6,6.0,6.9,6.2,7.4,10.0,8.6,6.0,6.5,6.0,,,Fase 7 (3° EM),0.0,,,,,0,0.3462213809229459,34.62
RA-58,2024,7A,7A,Aluno-58,2007.0,2007-03-05,17.0,Masculino,2021.0,Privada - Programa de Apadrinhamento,Colégio Arco Íris Evolução,Cursando,Topázio,Topázio,Topázio,Ametista,Topázio,8.771328947,8.136,7.70625,,,,,3.0,9.6,9.8,7.5,7.3,8.6,10.0,9.1,8.0,6.5,7.5,,,Fase 7 (3° EM),0.0,,,,,0,0.1375902582126579,13.76
RA-78,2024,7A,7A,Aluno-78,2005.0,2005-03-09,19.0,Feminino,2021.0,Privada - Programa de Apadrinhamento,Colégio Arco Íris Evolução,Cursando,Ametista,Ágata,Ametista,Agata,Topázio,8.178030869,7.04,6.434625,,,,,3.0,8.8,8.0,8.8,7.5,7.4,10.0,8.4,6.5,6.0,10.0,,,Fase 7 (3° EM),0.0,,,,,0,0.4064368093540757,40.64
RA-87,2024,7A,7A,Aluno-87,2007.0,2007-09-26,17.0,Masculino,2021.0,Privada - Programa de Apadrinhamento,Colégio Arco Íris Evolução,Cursando,,Ametista,Topázio,Topázio,Topázio,9.437924561,8.712,8.6625,,,,,3.0,8.8,9.6,9.4,9.2,9.6,10.0,9.4,10.0,7.5,10.0,,,Fase 6 (2° EM),1.0,,,,,0,0.11552486933946479,11.55
RA-64,2024,7A,7A,Aluno-64,2006.0,2006-06-07,18.0,Feminino,2021.0,Privada - Programa de Apadrinhamento,Colégio Arco Íris Evolução,Cursando,Ametista,Topázio,Ametista,Ametista,Topázio,8.743607059,7.368,7.452541667,,,,,3.0,10.0,9.0,8.1,8.2,8.3,10.0,8.4,8.0,6.5,10.0,,,Fase 7 (3° EM),0.0,,,,,0,0.4589575794684306,45.9
RA-48,2024,7A,7A,Aluno-48,2007.0,2007-05-21,17.0,Feminino,2021.0,Privada - Programa de Apadrinhamento,Colégio Arco Íris Evolução,Cursando,Ametista,Ametista,Ametista,Ametista,Topázio,8.402390372,8.006,7.797058333,,,,,3.0,7.9,8.3,9.4,7.5,8.2,10.0,8.6,6.5,6.0,10.0,,,Fase 7 (3° EM),0.0,,,,,0,0.16790685948048495,16.79
RA-1230,2024,7E,7E,Aluno-1230,2007.0,2007-02-27,17.0,Feminino,2021.0,Privada - Programa de Apadrinhamento,Colégio Albert Einstein - SP,Cursando,,,,#N/A,Quartzo,4.7612,,,,,,,0.0,7.9,0.0,7.2,0.0,7.5,10.0,7.5,0.0,0.0,0.0,,,Fase 7 (3° EM),0.0,,,,,0,0.04387488823904844,4.39
RA-90,2024,7E,7E,Aluno-90,2009.0,2009-02-25,15.0,Feminino,2021.0,Privada *Parcerias com Bolsa 100%,Colégio Poliedro - SP,Cursando,Topázio,Topázio,Topázio,Topázio,Topázio,8.352033333,9.442,8.699408333,,,,,0.0,10.0,9.0,6.9,8.1,7.5,10.0,7.5,7.7,8.3,8.2,,,Fase 5 (1° EM),2.0,,,,,0,0.09261370333364448,9.26
RA-269,2024,7E,7E,Aluno-269,2009.0,2009-03-28,15.0,Masculino,2022.0,Privada *Parcerias com Bolsa 100%,FIAP School - SP,Cursando,,,Topázio,Topázio,Topázio,8.4773,8.231,8.116041667,,,,,0.0,9.2,9.6,7.5,8.2,7.5,10.0,7.5,8.1,8.6,7.9,,,Fase 5 (1° EM),2.0,,,,,0,0.08717324912610586,8.72
RA-270,2024,7E,7E,Aluno-270,2009.0,2009-02-28,15.0,Feminino,2021.0,Privada - Programa de Apadrinhamento,Colégio Albert Einstein - SP,Cursando,Ametista,Topázio,Topázio,Ametista,Quartzo,4.79255,8.226,7.982633333,,,,,0.0,9.2,0.0,6.3,0.0,7.5,10.0,7.5,0.0,0.0,0.0,,,Fase 5 (1° EM),2.0,,,,,0,0.03853568276274971,3.85
RA-76,2024,7E,7E,Aluno-76,2007.0,2007-12-31,16.0,Feminino,2021.0,Privada *Parcerias com Bolsa 100%,Colégio Poliedro - SP,Cursando,Ametista,Topázio,Topázio,#N/A,Topázio,8.152033333,9.105,,,,,,0.0,10.0,9.0,6.9,7.1,7.5,10.0,7.5,7.3,7.8,6.1,,,Fase 5 (1° EM),2.0,,,,,0,0.10671653724053055,10.67
RA-153,2024,7E,7E,Aluno-153,2008.0,2008-08-15,16.0,Feminino,2021.0,Privada - Programa de Apadrinhamento,Colégio Albert Einstein - SP,Cursando,Ágata,Ametista,Ametista,Ametista,Quartzo,4.78185,7.535,7.289966667,,,,,0.0,8.8,0.0,6.6,0.0,7.5,10.0,7.5,0.0,0.0,0.0,,,Fase 5 (1° EM),2.0,,,,,0,0.030114605276295503,3.01
RA-1226,2024,7E,7E,Aluno-1226,2007.0,2007-09-03,17.0,Feminino,2021.0,Privada *Parcerias com Bolsa 100%,Colégio Poliedro - SP,Cursando,,,,#N/A,Ametista,7.785233333,,,,,,,0.0,8.3,9.0,6.9,6.1,7.5,10.0,7.5,6.0,6.2,6.0,,,Fase 7 (3° EM),0.0,,,,,0,0.23636528549626473,23.64
RA-93,2024,7E,7E,Aluno-93,2007.0,2007-08-13,17.0,Feminino,2021.0,Privada - Programa de Apadrinhamento,Colégio Albert Einstein - SP,Cursando,Ametista,Topázio,Topázio,#N/A,Topázio,8.27555,8.941,,,,,,0.0,9.2,9.9,6.3,7.5,7.5,10.0,7.5,6.8,7.2,8.5,,,Fase 6 (2° EM),1.0,,,,,0,0.06461504475442284,6.46
RA-119,2024,7E,7E,Aluno-119,2008.0,2008-06-19,16.0,Feminino,2021.0,Privada - Programa de Apadrinhamento,Colégio Albert Einstein - SP,Cursando,Ametista,Ágata,Ametista,#N/A,Topázio,8.0853,7.501,,,,,,0.0,7.1,10.0,6.6,7.4,7.5,10.0,7.5,6.1,7.5,8.55,,,Fase 6 (2° EM),1.0,,,,,0,0.18450778755387934,18.45
RA-241,2024,7E,7E,Aluno-241,2008.0,2008-06-10,16.0,Masculino,2021.0,Privada *Parcerias com Bolsa 100%,FIAP School - SP,Cursando,Ametista,Topázio,Topázio,Ametista,Topázio,8.311616667,8.468,7.016,,,,,0.0,10.0,9.9,7.2,6.8,7.5,10.0,7.5,6.2,7.2,7.1,,,Fase 5 (1° EM),2.0,,,,,0,0.0977736257089888,9.78
RA-242,2024,7E,7E,Aluno-242,2009.0,2009-02-26,15.0,Masculino,2021.0,Privada *Parcerias com Bolsa 100%,FIAP School - SP,Cursando,Ametista,Ametista,Topázio,Topázio,Topázio,8.2887,8.673,8.221841667,,,,,0.0,9.6,9.6,6.3,7.7,7.5,10.0,7.5,8.1,8.1,6.85,,,Fase 5 (1° EM),2.0,,,,,0,0.10825346075504257,10.83
RA-52,2024,7E,7E,Aluno-52,2009.0,2009-08-02,15.0,Masculino,2021.0,Privada *Parcerias com Bolsa 100%,FIAP School - SP,Cursando,Topázio,Ametista,Ametista,Ametista,Topázio,8.144466667,7.861,7.9642,,,,,0.0,8.8,9.4,6.9,7.2,7.5,10.0,7.5,6.8,8.9,6.0,,,Fase 5 (1° EM),2.0,,,,,0,0.09856063490340274,9.86
RA-1227,2024,7E,7E,Aluno-1227,2006.0,2006-11-15,17.0,Feminino,2021.0,Privada - Programa de Apadrinhamento,Colégio Albert Einstein - SP,Cursando,,,,#N/A,Quartzo,4.8446,,,,,,,0.0,8.8,0.0,7.2,0.0,7.5,10.0,7.5,0.0,0.0,0.0,,,Fase 7 (3° EM),0.0,,,,,0,0.02551757330019362,2.55
RA-245,2024,7E,7E,Aluno-245,2008.0,2008-06-10,16.0,Masculino,2021.0,Privada - Programa de Apadrinhamento,Colégio Albert Einstein - SP,Cursando,Ametista,Topázio,Topázio,Ametista,Topázio,8.452633333,8.656,7.171166667,,,,,0.0,9.2,10.0,6.9,8.0,7.5,10.0,7.5,8.4,7.6,8.1,,,Fase 5 (1° EM),2.0,,,,,0,0.11842014184954772,11.84
RA-246,2024,7E,7E,Aluno-246,2009.0,2009-08-04,15.0,Masculino,2022.0,Privada *Parcerias com Bolsa 100%,FIAP School - SP,Cursando,,,Topázio,Topázio,Quartzo,4.7404,8.639,8.256766667,,,,,0.0,8.3,0.0,6.6,0.0,7.5,10.0,7.5,0.0,0.0,0.0,,,Fase 5 (1° EM),2.0,,,,,0,0.08653732642543148,8.65
RA-1228,2024,7E,7E,Aluno-1228,2006.0,2006-05-26,18.0,Feminino,2021.0,Privada - Programa de Apadrinhamento,Colégio Albert Einstein - SP,Cursando,,,,#N/A,Quartzo,4.8761,,,,,,,0.0,8.8,0.0,7.5,0.0,7.5,10.0,7.5,0.0,0.0,0.0,,,Fase 7 (3° EM),0.0,,,,,0,0.02450448368430091,2.45
RA-1229,2024,7E,7E,Aluno-1229,2006.0,2006-07-12,17.0,Feminino,2021.0,Privada - Programa de Apadrinhamento,Colégio Albert Einstein - SP,Cursando,,,,#N/A,Quartzo,4.8238,,,,,,,0.0,9.2,0.0,6.6,0.0,7.5,10.0,7.5,0.0,0.0,0.0,,,Fase 7 (3° EM),0.0,,,,,0,0.032320103666440614,3.23
RA-98,2024,7E,7E,Aluno-98,2007.0,2007-11-13,16.0,Feminino,2021.0,Privada *Parcerias com Bolsa 100%,FIAP School - SP,Cursando,Topázio,Topázio,Topázio,#N/A,Topázio,8.61745,9.354,,,,,,0.0,9.6,9.5,7.2,8.9,7.5,10.0,7.5,9.2,8.9,8.6,,,Fase 6 (2° EM),1.0,,,,,0,0.19407300857869178,19.41
RA-277,2024,7E,7E,Aluno-277,2008.0,2008-12-09,16.0,Masculino,2021.0,Privada *Parcerias com Bolsa 100%,FIAP School - SP,Cursando,,Ametista,Ametista,Ametista,Topázio,8.068983333,7.411,7.7284,,,,,0.0,8.3,9.7,6.6,6.9,7.5,10.0,7.5,6.5,8.2,6.05,,,Fase 5 (1° EM),2.0,,,,,0,0.14025145027164798,14.03
RA-172,2024,7E,7E,Aluno-172,2008.0,2008-01-20,16.0,Feminino,2021.0,Privada - Programa de Apadrinhamento,Colégio Albert Einstein - SP,Cursando,Ametista,Topázio,Topázio,#N/A,Topázio,8.128766667,8.673,,,,,,0.0,8.8,9.8,6.6,6.9,7.5,10.0,7.5,6.7,7.7,6.4,,,Fase 6 (2° EM),1.0,,,,,0,0.08863949379144379,8.86
RA-291,2024,7E,7E,Aluno-291,2009.0,2009-01-17,15.0,Masculino,2022.0,Privada - Programa de Apadrinhamento,FIAP School - SP,Cursando,,,Topázio,Topázio,Ametista,7.931966667,8.122,8.493058333,,,,,0.0,8.8,9.7,6.3,6.2,7.5,10.0,7.5,6.0,6.5,6.0,,,Fase 5 (1° EM),2.0,,,,,0,0.08154574483892237,8.15
RA-86,2024,7E,7E,Aluno-86,2006.0,2006-04-10,18.0,Masculino,2021.0,Privada *Parcerias com Bolsa 100%,FIAP School - SP,Cursando,Topázio,Ametista,Ametista,#N/A,Ametista,7.611233333,7.566,,,,,,0.0,6.7,9.7,6.6,5.5,7.5,10.0,7.5,6.4,6.3,3.8,,,Fase 7 (3° EM),0.0,,,,,0,0.14821029737443983,14.82
RA-143,2024,7E,7E,Aluno-143,2009.0,2009-01-08,15.0,Masculino,2021.0,Privada - Programa de Apadrinhamento,Colégio Arco Íris Evolução,Cursando,Topázio,Topázio,Topázio,Ametista,Ametista,7.449366667,8.638,7.794358333,,,,,0.0,10.0,9.9,6.9,2.6,7.5,10.0,7.5,0.0,0.0,7.9,,,Fase 5 (1° EM),2.0,,,,,0,0.16622000956748992,16.62
RA-166,2024,7E,7E,Aluno-166,2008.0,2008-03-06,16.0,Masculino,2021.0,Privada *Parcerias com Bolsa 100%,FIAP School - SP,Cursando,Ametista,Ametista,Topázio,Topázio,Topázio,8.243183333,8.253,8.105583333,,,,,0.0,8.3,9.2,6.6,8.3,7.5,10.0,7.5,8.2,7.8,8.8,,,Fase 6 (2° EM),1.0,,,,,0,0.07819800971098066,7.82
RA-191,2024,7E,7E,Aluno-191,2009.0,2009-05-21,15.0,Masculino,2021.0,Privada *Parcerias com Bolsa 100%,FIAP School - SP,Cursando,Topázio,Topázio,Topázio,Ametista,Ametista,7.7887,8.74,7.263666667,,,,,0.0,7.5,9.6,5.9,6.4,7.5,10.0,7.5,6.0,6.9,6.3,,,Fase 5 (1° EM),2.0,,,,,0,0.10743083409514473,10.74
RA-1236,2024,8A,8A,Aluno-1236,2002.0,2002-01-16,22.0,Feminino,2021.0,Privada,Universidade Santo Amaro (UNISA),Cursando,,,,#N/A,#DIV/0!,,,,,,,,0.0,,0.0,,,,10.0,,,,,,,Fase 8 (Universitários),0.0,,,,,0,6.339749465322332e-05,0.01
RA-1234,2024,8A,8A,Aluno-1234,2002.0,2002-03-12,21.0,Feminino,2021.0,Privada,Universidade Santo Amaro (UNISA),Cursando,,,,#N/A,#DIV/0!,,,,,,,,0.0,,0.0,,,,10.0,,,,,,,Fase 8 (Universitários),0.0,,,,,0,6.339749465322332e-05,0.01
RA-1633,2024,8B,8B,Aluno-1633,2003.0,2003-03-16,21.0,Masculino,2021.0,Privada,Unicamp,Cursando,,,,,#DIV/0!,,,,,,,,0.0,,0.0,,,,10.0,,,,,,,Fase 8 (Universitários),0.0,,,,,0,0.00011891815506867489,0.01
RA-1248,2024,8B,8B,Aluno-1248,2003.0,2003-01-13,21.0,Masculino,2021.0,Privada,Universidade Santo Amaro (UNISA),Cursando,,,,#N/A,#DIV/0!,,,,,,,,0.0,,0.0,,,,10.0,,,,,,,Fase 8 (Universitários),0.0,,,,,0,0.00011891815506867489,0.01
RA-1246,2024,8B,8B,Aluno-1246,2003.0,2003-05-16,21.0,Feminino,2021.0,Privada,Universidade Santo Amaro (UNISA),Cursando,,,,#N/A,#DIV/0!,,,,,,,,0.0,,0.0,,,,10.0,,,,,,,Fase 8 (Universitários),0.0,,,,,0,6.339749465322332e-05,0.01
RA-1245,2024,8B,8B,Aluno-1245,2003.0,2003-10-10,21.0,Masculino,2021.0,Privada,Universidade Anhembi Morumbi,Cursando,,,,#N/A,#DIV/0!,,,,,,,,0.0,,0.0,,,,10.0,,,,,,,Fase 8 (Universitários),0.0,,,,,0,0.00011891815506867489,0.01
RA-1244,2024,8B,8B,Aluno-1244,2003.0,2003-03-28,21.0,Feminino,2021.0,Privada,Universidade Santo Amaro (UNISA),Cursando,,,,#N/A,#DIV/0!,,,,,,,,0.0,,0.0,,,,10.0,,,,,,,Fase 8 (Universitários),0.0,,,,,0,6.339749465322332e-05,0.01
RA-1634,2024,8B,8B,Aluno-1634,2003.0,2003-03-19,21.0,Feminino,2021.0,Privada,Universidade Santo Amaro (UNISA),Cursando,,,,,#DIV/0!,,,,,,,,0.0,,0.0,,,,10.0,,,,,,,Fase 8 (Universitários),0.0,,,,,0,6.339749465322332e-05,0.01
RA-1242,2024,8B,8B,Aluno-1242,2003.0,2003-12-17,20.0,Feminino,2021.0,Privada,Universidade Santo Amaro (UNISA),Cursando,,,,#N/A,#DIV/0!,,,,,,,,0.0,,0.0,,,,10.0,,,,,,,Fase 8 (Universitários),0.0,,,,,0,6.339749465322332e-05,0.01
RA-1250,2024,8B,8B,Aluno-1250,2003.0,2003-08-07,21.0,Masculino,2021.0,Privada - Pagamento por *Empresa Parceira,Universidade Cruzeiro do Sul,Cursando,,,,#N/A,#DIV/0!,,,,,,,,0.0,,0.0,,,,10.0,,,,,,,Fase 8 (Universitários),0.0,,,,,0,0.00011891815506867489,0.01
RA-1241,2024,8B,8B,Aluno-1241,2003.0,2003-12-05,21.0,Feminino,2021.0,Privada,Universidade Santo Amaro (UNISA),Cursando,,,,#N/A,#DIV/0!,,,,,,,,0.0,,0.0,,,,10.0,,,,,,,Fase 8 (Universitários),0.0,,,,,0,6.339749465322332e-05,0.01
RA-1240,2024,8B,8B,Aluno-1240,2003.0,2003-03-28,21.0,Masculino,2021.0,Privada,Universidade Santo Amaro (UNISA),Cursando,,,,#N/A,#DIV/0!,,,,,,,,0.0,,0.0,,,,10.0,,,,,,,Fase 8 (Universitários),0.0,,,,,0,0.00011891815506867489,0.01
RA-1249,2024,8B,8B,Aluno-1249,1996.0,1996-08-12,27.0,Masculino,2021.0,Privada,Universidade Anhembi Morumbi,Cursando,,,,#N/A,#DIV/0!,,,,,,,,0.0,,0.0,,,,10.0,,,,,,,Fase 8 (Universitários),0.0,,,,,0,0.00011891815506867489,0.01
RA-1239,2024,8B,8B,Aluno-1239,2003.0,2003-05-05,21.0,Feminino,2021.0,Privada - Pagamento por *Empresa Parceira,Universidade Mackenzie,Cursando,,,,#N/A,#DIV/0!,,,,,,,,0.0,,0.0,,,,10.0,,,,,,,Fase 8 (Universitários),0.0,,,,,0,6.339749465322332e-05,0.01
RA-1251,2024,8B,8B,Aluno-1251,2003.0,2003-02-16,21.0,Feminino,2021.0,Privada,Universidade Santo Amaro (UNISA),Cursando,,,,#N/A,#DIV/0!,,,,,,,,0.0,,0.0,,,,10.0,,,,,,,Fase 8 (Universitários),0.0,,,,,0,6.339749465322332e-05,0.01
RA-1264,2024,8D,8D,Aluno-1264,2002.0,2002-05-12,21.0,Feminino,2021.0,Privada,Universidade Santo Amaro (UNISA),Cursando,,,,#N/A,#DIV/0!,,,,,,,,0.0,,0.0,,,,10.0,,,,,,,Fase 8 (Universitários),0.0,,,,,0,6.339749465322332e-05,0.01
RA-1263,2024,8D,8D,Aluno-1263,2003.0,2003-11-10,21.0,Feminino,2021.0,Privada *Parcerias com Bolsa 100%,Universidade Santo Amaro (UNISA),Cursando,,,,#N/A,#DIV/0!,,,,,,,,0.0,,0.0,,,,10.0,,,,,,,Fase 8 (Universitários),0.0,,,,,0,6.339749465322332e-05,0.01
RA-1262,2024,8D,8D,Aluno-1262,2004.0,2004-09-19,20.0,Feminino,2021.0,Privada,Universidade Santo Amaro (UNISA),Cursando,,,,#N/A,#DIV/0!,,,,,,,,0.0,,0.0,,,,10.0,,,,,,,Fase 8 (Universitários),0.0,,,,,0,6.339749465322332e-05,0.01
RA-1261,2024,8D,8D,Aluno-1261,2004.0,2004-03-05,20.0,Feminino,2021.0,Privada,Universidade Santo Amaro (UNISA),Cursando,,,,#N/A,#DIV/0!,,,,,,,,0.0,,0.0,,,,10.0,,,,,,,Fase 8 (Universitários),0.0,,,,,0,6.339749465322332e-05,0.01
RA-1259,2024,8D,8D,Aluno-1259,2004.0,2004-02-02,20.0,Feminino,2021.0,Privada,Universidade Santo Amaro (UNISA),Cursando,,,,#N/A,#DIV/0!,,,,,,,,0.0,,0.0,,,,10.0,,,,,,,Fase 8 (Universitários),0.0,,,,,0,6.339749465322332e-05,0.01
RA-1257,2024,8D,8D,Aluno-1257,2004.0,2004-11-30,19.0,Masculino,2021.0,Privada,Universidade Santo Amaro (UNISA),Cursando,,,,#N/A,#DIV/0!,,,,,,,,0.0,,0.0,,,,10.0,,,,,,,Fase 8 (Universitários),0.0,,,,,0,0.0008732826110147724,0.09
RA-1256,2024,8D,8D,Aluno-1256,2004.0,2004-12-24,19.0,Feminino,2021.0,Privada,ESPM,Cursando,,,,#N/A,#DIV/0!,,,,,,,,0.0,,0.0,,,,10.0,,,,,,,Fase 8 (Universitários),0.0,,,,,0,0.0004728165954080641,0.05
RA-1265,2024,8D,8D,Aluno-1265,2002.0,2002-03-12,21.0,Masculino,2022.0,Pública,Universidade Santo Amaro (UNISA),Cursando,,,,#N/A,#DIV/0!,,,,,,,,0.0,,0.0,,,,10.0,,,,,,,Fase 8 (Universitários),0.0,,,,,0,0.010478050419258499,1.05
RA-1255,2024,8D,8D,Aluno-1255,2004.0,2004-04-03,20.0,Masculino,2021.0,Privada,Universidade Santo Amaro (UNISA),Cursando,,,,#N/A,#DIV/0!,,,,,,,,0.0,,0.0,,,,10.0,,,,,,,Fase 8 (Universitários),0.0,,,,,0,0.00011891815506867489,0.01
RA-13,2024,8D,8D,Aluno-13,2004.0,2004-11-20,19.0,Masculino,2021.0,Privada *Parcerias com Bolsa 100%,Universidade Santo Amaro (UNISA),Cursando,Ametista,Ametista,Ágata,#N/A,#DIV/0!,,6.902,,,,,,0.0,,0.0,,,,10.0,,,,,,,Fase 8 (Universitários),0.0,,,,,0,0.025848543625121012,2.58
RA-1253,2024,8D,8D,Aluno-1253,1999.0,1999-11-27,24.0,Feminino,2021.0,Privada,ESPM,Cursando,,,,#N/A,#DIV/0!,,,,,,,,0.0,,0.0,,,,10.0,,,,,,,Fase 8 (Universitários),0.0,,,,,0,6.339749465322332e-05,0.01
RA-1635,2024,8D,8D,Aluno-1635,2004.0,2004-02-09,20.0,Feminino,2021.0,Privada,Universidade Santo Amaro (UNISA),Cursando,,,,,#DIV/0!,,,,,,,,0.0,,0.0,,,,10.0,,,,,,,Fase 8 (Universitários),0.0,,,,,0,6.339749465322332e-05,0.01
RA-1273,2024,8E,8E,Aluno-1273,2005.0,2005-11-29,18.0,Feminino,2023.0,Privada *Parcerias com Bolsa 100%,Faculdade FIAP,Cursando,,,,#N/A,#DIV/0!,,,,,,,,0.0,,0.0,,,,10.0,,,,,,,Fase 8 (Universitários),0.0,,,,,0,0.042183401663383364,4.22
RA-14,2024,8E,8E,Aluno-14,2001.0,2001-11-29,22.0,Masculino,2022.0,Privada *Parcerias com Bolsa 100%,Faculdade FIAP,Cursando,,,Ágata,#N/A,#DIV/0!,,6.793,,,,,,0.0,,0.0,,,,10.0,,,,,,,Fase 8 (Universitários),0.0,,,,,0,0.02835134264409691,2.84
RA-1271,2024,8E,8E,Aluno-1271,2004.0,2004-11-23,19.0,Feminino,2021.0,Privada *Parcerias com Bolsa 100%,Universidade Santo Amaro (UNISA),Cursando,,,,#N/A,#DIV/0!,,,,,,,,0.0,,0.0,,,,10.0,,,,,,,Fase 8 (Universitários),0.0,,,,,0,0.0004728165954080641,0.05
RA-1,2024,8E,8E,Aluno-1,2003.0,2003-03-10,21.0,Feminino,2021.0,Privada *Parcerias com Bolsa 100%,Universidade Santo Amaro (UNISA),Cursando,Ametista,Ametista,Quartzo,#N/A,#DIV/0!,,5.783,,,,,,0.0,,0.0,,,,10.0,,,,,,,Fase 8 (Universitários),0.0,,,,,0,0.027869016221861727,2.79
RA-1270,2024,8E,8E,Aluno-1270,2004.0,2004-08-14,20.0,Feminino,2021.0,Privada - Pagamento por *Empresa Parceira,Faculdade FIAP,Cursando,,,,#N/A,#DIV/0!,,,,,,,,0.0,,0.0,,,,10.0,,,,,,,Fase 8 (Universitários),0.0,,,,,0,6.339749465322332e-05,0.01
RA-1274,2024,8E,8E,Aluno-1274,2005.0,2005-07-10,19.0,Feminino,2021.0,Privada - Pagamento por *Empresa Parceira,Universidade Santo Amaro (UNISA),Cursando,,,,#N/A,#DIV/0!,,,,,,,,0.0,,0.0,,,,10.0,,,,,,,Fase 8 (Universitários),0.0,,,,,0,0.0004728165954080641,0.05
RA-23,2024,8E,8E,Aluno-23,2005.0,2005-03-11,19.0,Masculino,2021.0,Privada *Parcerias com Bolsa 100%,Universidade Santo Amaro (UNISA),Cursando,,Ametista,Ametista,#N/A,#DIV/0!,,7.677,,,,,,0.0,,0.0,,,,10.0,,,,,,,Fase 8 (Universitários),0.0,,,,,0,0.0008732826110147724,0.09
RA-2,2024,8E,8E,Aluno-2,2005.0,2005-05-17,19.0,Feminino,2021.0,Privada *Parcerias com Bolsa 100%,Faculdade FIAP,Cursando,Ametista,Ametista,Ametista,#N/A,#DIV/0!,,7.055,,,,,,0.0,,0.0,,,,10.0,,,,,,,Fase 8 (Universitários),0.0,,,,,0,0.011008960066486814,1.1
RA-25,2024,8E,8E,Aluno-25,2005.0,2005-05-18,19.0,Feminino,2021.0,Privada *Parcerias com Bolsa 100%,Universidade Santo Amaro (UNISA),Cursando,,Topázio,Ametista,#N/A,#DIV/0!,,7.979,,,,,,0.0,,0.0,,,,10.0,,,,,,,Fase 8 (Universitários),0.0,,,,,0,0.003610295668955032,0.36
RA-1272,2024,8E,8E,Aluno-1272,2004.0,2004-04-11,20.0,Feminino,2021.0,Privada *Parcerias com Bolsa 100%,INSPER,Cursando,,,,#N/A,#DIV/0!,,,,,,,,0.0,,0.0,,,,10.0,,,,,,,Fase 8 (Universitários),0.0,,,,,0,6.339749465322332e-05,0.01
RA-6,2024,8E,8E,Aluno-6,2004.0,2004-12-01,20.0,Feminino,2021.0,Privada *Parcerias com Bolsa 100%,Faculdade FIAP,Cursando,,Ágata,Quartzo,#N/A,#DIV/0!,,5.848,,,,,,0.0,,0.0,,,,10.0,,,,,,,Fase 8 (Universitários),0.0,,,,,0,0.02451891843506431,2.45
RA-29,2024,8E,8E,Aluno-29,2005.0,2005-07-09,19.0,Masculino,2022.0,Privada - Pagamento por *Empresa Parceira,Faculdade FIAP,Cursando,,,Quartzo,#N/A,#DIV/0!,,4.985,,,,,,0.0,,0.0,,,,10.0,,,,,,,Fase 8 (Universitários),0.0,,,,,0,0.04826941086076826,4.83
RA-17,2024,8E,8E,Aluno-17,2002.0,2002-12-02,22.0,Masculino,2022.0,Privada - Pagamento por *Empresa Parceira,Faculdade FIAP,Cursando,,,Topázio,#N/A,#DIV/0!,,8.068,,,,,,0.0,,0.0,,,,10.0,,,,,,,Fase 8 (Universitários),0.0,,,,,0,0.02498761317136956,2.5
RA-7,2024,8E,8E,Aluno-7,2004.0,2004-11-09,20.0,Masculino,2021.0,Privada *Parcerias com Bolsa 100%,Universidade Santo Amaro (UNISA),Cursando,Ametista,Ametista,Ágata,#N/A,#DIV/0!,,6.818,,,,,,0.0,,0.0,,,,10.0,,,,,,,Fase 8 (Universitários),0.0,,,,,0,0.024620861241235047,2.46
RA-31,2024,8E,8E,Aluno-31,2005.0,2005-06-29,19.0,Feminino,2021.0,Privada *Parcerias com Bolsa 100%,ESPM,Cursando,Topázio,Topázio,Topázio,#N/A,#DIV/0!,,8.843,,,,,,0.0,,0.0,,,,10.0,,,,,,,Fase 8 (Universitários),0.0,,,,,0,0.003730990315631969,0.37
RA-1269,2024,8E,8E,Aluno-1269,2005.0,2005-03-31,19.0,Feminino,2021.0,Privada - Pagamento por *Empresa Parceira,Faculdades Oswaldo Cruz,Cursando,,,,#N/A,#DIV/0!,,,,,,,,0.0,,0.0,,,,10.0,,,,,,,Fase 8 (Universitários),0.0,,,,,0,0.0004728165954080641,0.05
RA-12,2024,8E,8E,Aluno-12,2005.0,2005-04-29,19.0,Feminino,2021.0,Privada *Parcerias com Bolsa 100%,Universidade Santo Amaro (UNISA),Cursando,Ágata,Ágata,Quartzo,#N/A,#DIV/0!,,4.832,,,,,,0.0,,0.0,,,,10.0,,,,,,,Fase 8 (Universitários),0.0,,,,,0,0.03745376379421933,3.75
RA-35,2024,8E,8E,Aluno-35,2005.0,2005-04-22,19.0,Feminino,2021.0,Privada *Parcerias com Bolsa 100%,ESPM,Cursando,Ametista,Topázio,Topázio,#N/A,#DIV/0!,,8.965,,,,,,0.0,,0.0,,,,10.0,,,,,,,Fase 8 (Universitários),0.0,,,,,0,0.003730990315631969,0.37
RA-1636,2024,8E,8E,Aluno-1636,2004.0,2004-10-06,20.0,Feminino,2021.0,Privada,Colégio Albert Einstein,Cursando,,,,,#DIV/0!,,,,,,,,0.0,,0.0,,,,10.0,,,,,,,Fase 8 (Universitários),0.0,,,,,0,6.339749465322332e-05,0.01
RA-88,2024,8E,8E,Aluno-88,2005.0,2005-05-14,19.0,Masculino,2021.0,Privada *Parcerias com Bolsa 100%,Faculdade FIAP,Cursando,,Ametista,Ametista,#N/A,#DIV/0!,,7.498,,,,,,0.0,,0.0,,,,10.0,,,,,,,Fase 8 (Universitários),0.0,,,,,0,0.0008732826110147724,0.09
RA-36,2024,8E,8E,Aluno-36,2005.0,2005-07-26,19.0,Feminino,2021.0,Privada *Parcerias com Bolsa 100%,Universidade Santo Amaro (UNISA),Cursando,Topázio,Ametista,Ametista,#N/A,#DIV/0!,,7.876,,,,,,0.0,,0.0,,,,10.0,,,,,,,Fase 8 (Universitários),0.0,,,,,0,0.003426172567310559,0.34
RA-21,2024,8E,8E,Aluno-21,2004.0,2004-09-13,20.0,Masculino,2022.0,Privada - Pagamento por *Empresa Parceira,Faculdade FIAP,Cursando,,,Ágata,#N/A,#DIV/0!,,6.945,,,,,,0.0,,0.0,,,,10.0,,,,,,,Fase 8 (Universitários),0.0,,,,,0,0.01679988233705302,1.68
RA-49,2024,8E,8E,Aluno-49,2005.0,2005-06-21,19.0,Feminino,2022.0,Privada - Pagamento por *Empresa Parceira,Faculdade FIAP,Cursando,,,Ágata,#N/A,#DIV/0!,,6.304,,,,,,0.0,,0.0,,,,10.0,,,,,,,Fase 8 (Universitários),0.0,,,,,0,0.03314117221375062,3.31
RA-1225,2024,8F,8F,Aluno-1225,2005.0,2005-01-29,19.0,Feminino,2021.0,Privada *Parcerias com Bolsa 100%,FGV,Cursando,,,,#N/A,#DIV/0!,,,,,,,,0.0,,0.0,,,,10.0,,,,,,,Fase 8 (Universitários),0.0,,,,,0,0.0004728165954080641,0.05
RA-1221,2024,8F,8F,Aluno-1221,2001.0,2001-10-15,23.0,Feminino,2023.0,Concluiu o 3º EM,Concluiu o 3º EM,Cursando,,,,Topázio,#N/A,,,8.027466667,,,,,0.0,,0.0,,8.0,,10.0,,7.0,7.0,10.0,,,Fase 8 (Universitários),0.0,,,,,0,0.06851884068267453,6.85
RA-26,2024,8F,8F,Aluno-26,2005.0,2005-11-10,19.0,Masculino,2022.0,Privada *Parcerias com Bolsa 100%,Faculdade FIAP,Cursando,,,Topázio,#N/A,#DIV/0!,,8.677,,,,,,0.0,,0.0,,,,10.0,,,,,,,Fase 8 (Universitários),0.0,,,,,0,0.024548253108564438,2.45
RA-27,2024,8F,8F,Aluno-27,2006.0,2006-01-05,18.0,Masculino,2021.0,Privada *Parcerias com Bolsa 100%,Faculdade FIAP,Cursando,Topázio,Ametista,Ametista,Ametista,#DIV/0!,,7.124,7.921266667,,,,,0.0,,0.0,,,,10.0,,,,,,,Fase 8 (Universitários),0.0,,,,,0,0.020146406418166465,2.01
RA-155,2024,8F,8F,Aluno-155,2006.0,2006-06-18,18.0,Masculino,2022.0,Privada *Parcerias com Bolsa 100%,Faculdade FIAP,Cursando,,,Ametista,Agata,#DIV/0!,,7.051,6.318991667,,,,,0.0,,0.0,,,,10.0,,,,,,,Fase 8 (Universitários),0.0,,,,,0,0.03959327950116161,3.96
RA-96,2024,8F,8F,Aluno-96,2006.0,2006-01-21,18.0,Masculino,2021.0,Concluiu o 3º EM,Concluiu o 3º EM,Cursando,,Ametista,Ametista,Ametista,#DIV/0!,,7.54,7.610791667,,,,,0.0,,0.0,,,,10.0,,,,,,,Fase 8 (Universitários),0.0,,,,,0,0.011847681056741294,1.18
RA-59,2024,8F,8F,Aluno-59,2005.0,2005-11-10,19.0,Masculino,2022.0,Privada *Parcerias com Bolsa 100%,Faculdade FIAP,Cursando,,,Ametista,Ametista,#DIV/0!,,7.642,7.692291667,,,,,0.0,,0.0,,,,10.0,,,,,,,Fase 8 (Universitários),0.0,,,,,0,0.024766050507714726,2.48
RA-1216,2024,8F,8F,Aluno-1216,2004.0,2004-03-15,20.0,Feminino,2023.0,Privada *Parcerias com Bolsa 100%,Universidade Santo Amaro (UNISA),Cursando,,,,Ametista,#DIV/0!,,,7.7105,,,,,0.0,,0.0,,,,10.0,,,,,,,Fase 8 (Universitários),0.0,,,,,0,0.022527741362729375,2.25
RA-19,2024,8F,8F,Aluno-19,2003.0,2003-11-22,20.0,Feminino,2022.0,Privada *Parcerias com Bolsa 100%,Universidade Santo Amaro (UNISA),Cursando,,,Ametista,Ametista,#DIV/0!,,7.665,7.710866667,,,,,0.0,,0.0,,,,10.0,,,,,,,Fase 8 (Universitários),0.0,,,,,0,0.0184094557466176,1.84
RA-62,2024,8F,8F,Aluno-62,2005.0,2005-12-31,18.0,Feminino,2022.0,Privada *Parcerias com Bolsa 100%,Universidade Estácio de Sá,Cursando,,,Ametista,Ametista,#DIV/0!,,7.891,7.610333333,,,,,0.0,,0.0,,,,10.0,,,,,,,Fase 8 (Universitários),0.0,,,,,0,0.02234674451534015,2.23
RA-173,2024,8F,8F,Aluno-173,2005.0,2005-11-16,18.0,Masculino,2021.0,Privada *Parcerias com Bolsa 100%,Faculdade FIAP,Cursando,Ametista,Ametista,Ametista,Ametista,#DIV/0!,,7.816,7.757466667,,,,,0.0,,0.0,,,,10.0,,,,,,,Fase 8 (Universitários),0.0,,,,,0,0.011894178799085324,1.19
RA-38,2024,8F,8F,Aluno-38,2005.0,2005-12-23,18.0,Feminino,2021.0,Privada - Programa de Apadrinhamento,Universidade Santo Amaro (UNISA),Cursando,Ametista,Ametista,Topázio,Topázio,#DIV/0!,,8.523,8.835333333,,,,,0.0,,0.0,,,,10.0,,,,,,,Fase 8 (Universitários),0.0,,,,,0,0.02110886671874907,2.11
RA-1224,2024,8F,8F,Aluno-1224,2003.0,2003-01-09,21.0,Masculino,2023.0,Concluiu o 3º EM,Concluiu o 3º EM,Cursando,,,,Ametista,#DIV/0!,,,7.5524,,,,,0.0,,0.0,,,,10.0,,,,,,,Fase 8 (Universitários),0.0,,,,,0,0.019267894330758054,1.93
RA-39,2024,8F,8F,Aluno-39,2006.0,2006-01-19,18.0,Feminino,2021.0,Privada *Parcerias com Bolsa 100%,Universidade Santo Amaro (UNISA),Cursando,Ametista,Ametista,Ágata,Topázio,#DIV/0!,,6.033,8.710333333,,,,,0.0,,0.0,,,,10.0,,,,,,,Fase 8 (Universitários),0.0,,,,,0,0.035854704537258204,3.59
RA-1637,2024,9,9,Aluno-1637,2001.0,2001-07-23,23.0,Masculino,2021.0,Privada,Faculdade (FIAP),Cursando,,,,,INCLUIR,,,,,,,,0.0,,0.0,,,,10.0,,,,,,,Fase 8 (Universitários),1.0,,,,,0,0.00011891815506867489,0.01
RA-1638,2024,9,9,Aluno-1638,2002.0,2002-01-25,22.0,Feminino,2021.0,Bolsista Universitário *Formado (a),Bolsista Universitário *Formado (a),Cursando,,,,,INCLUIR,,,,,,,,0.0,,0.0,,,,10.0,,,,,,,Fase 8 (Universitários),1.0,,,,,0,6.339749465322332e-05,0.01
RA-1268,2024,9,9,Aluno-1268,2004.0,2004-05-17,20.0,Masculino,2021.0,Privada,Faculdade (FIAP),Cursando,,,,#N/A,INCLUIR,,,,,,,,0.0,,0.0,,,,10.0,,,,,,,Fase 8 (Universitários),1.0,,,,,0,0.00011891815506867489,0.01
RA-1260,2024,9,9,Aluno-1260,2004.0,2004-08-05,20.0,Masculino,2021.0,Privada,Faculdade (FIAP),Cursando,,,,#N/A,INCLUIR,,,,,,,,0.0,,0.0,,,,10.0,,,,,,,Fase 8 (Universitários),1.0,,,,,0,0.00011891815506867489,0.01
RA-1639,2024,9,9,Aluno-1639,2003.0,2003-05-02,21.0,Masculino,2021.0,Bolsista Universitário *Formado (a),Bolsista Universitário *Formado (a),Cursando,,,,,INCLUIR,,,,,,,,0.0,,0.0,,,,10.0,,,,,,,Fase 8 (Universitários),1.0,,,,,0,0.00011891815506867489,0.01
RA-1640,2024,9,9,Aluno-1640,2001.0,2001-02-26,23.0,Feminino,2021.0,Privada,Universidade Estácio de Sá,Cursando,,,,,INCLUIR,,,,,,,,0.0,,0.0,,,,10.0,,,,,,,Fase 8 (Universitários),1.0,,,,,0,6.339749465322332e-05,0.01
RA-1641,2024,9,9,Aluno-1641,2002.0,2002-12-23,21.0,Masculino,2021.0,Privada,Universidade Santo Amaro (UNISA),Cursando,,,,,INCLUIR,,,,,,,,0.0,,0.0,,,,10.0,,,,,,,Fase 8 (Universitários),1.0,,,,,0,0.00011891815506867489,0.01
RA-1266,2024,9,9,Aluno-1266,2004.0,2004-06-04,20.0,Feminino,2021.0,Privada,Faculdade (FIAP),Cursando,,,,#N/A,INCLUIR,,,,,,,,0.0,,0.0,,,,10.0,,,,,,,Fase 8 (Universitários),1.0,,,,,0,6.339749465322332e-05,0.01
RA-1642,2024,9,9,Aluno-1642,2001.0,2001-03-18,23.0,Masculino,2021.0,Bolsista Universitário *Formado (a),Bolsista Universitário *Formado (a),Cursando,,,,,INCLUIR,,,,,,,,0.0,,0.0,,,,10.0,,,,,,,Fase 8 (Universitários),1.0,,,,,0,0.00011891815506867489,0.01
RA-1258,2024,9,9,Aluno-1258,1998.0,1998-12-24,25.0,Masculino,2021.0,Privada,Faculdade (FIAP),Cursando,,,,#N/A,INCLUIR,,,,,,,,0.0,,0.0,,,,10.0,,,,,,,Fase 8 (Universitários),1.0,,,,,0,0.00011891815506867489,0.01
RA-1235,2024,9,9,Aluno-1235,2002.0,2002-06-25,22.0,Masculino,2021.0,Privada,Faculdade (FIAP),Cursando,,,,#N/A,INCLUIR,,,,,,,,0.0,,0.0,,,,10.0,,,,,,,Fase 8 (Universitários),1.0,,,,,0,0.00011891815506867489,0.01
RA-1643,2024,9,9,Aluno-1643,2002.0,2002-06-18,22.0,Masculino,2021.0,Privada,Faculdade (FIAP),Cursando,,,,,INCLUIR,,,,,,,,0.0,,0.0,,,,10.0,,,,,,,Fase 8 (Universitários),1.0,,,,,0,0.00011891815506867489,0.01
RA-1644,2024,9,9,Aluno-1644,2003.0,2003-07-28,21.0,Masculino,2021.0,Bolsista Universitário *Formado (a),Bolsista Universitário *Formado (a),Cursando,,,,,INCLUIR,,,,,,,,0.0,,0.0,,,,10.0,,,,,,,Fase 8 (Universitários),1.0,,,,,0,0.00011891815506867489,0.01
RA-1645,2024,9,9,Aluno-1645,2001.0,2001-08-08,23.0,Masculino,2021.0,Privada,Faculdade (FIAP),Cursando,,,,,INCLUIR,,,,,,,,0.0,,0.0,,,,10.0,,,,,,,Fase 8 (Universitários),1.0,,,,,0,0.00011891815506867489,0.01
RA-1646,2024,9,9,Aluno-1646,2003.0,2003-07-28,21.0,Masculino,2021.0,Bolsista Universitário *Formado (a),Bolsista Universitário *Formado (a),Cursando,,,,,INCLUIR,,,,,,,,0.0,,0.0,,,,10.0,,,,,,,Fase 8 (Universitários),1.0,,,,,0,0.00011891815506867489,0.01
RA-1647,2024,9,9,Aluno-1647,2002.0,2002-01-11,22.0,Feminino,2021.0,Privada,Universidade Santo Amaro (UNISA),Cursando,,,,,INCLUIR,,,,,,,,0.0,,0.0,,,,10.0,,,,,,,Fase 8 (Universitários),1.0,,,,,0,6.339749465322332e-05,0.01
RA-1237,2024,9,9,Aluno-1237,2002.0,2002-03-02,22.0,Feminino,2021.0,Privada *Parcerias com Bolsa 100%,Universidade Santo Amaro (UNISA),Cursando,,,,#N/A,INCLUIR,,,,,,,,0.0,,0.0,,,,10.0,,,,,,,Fase 8 (Universitários),1.0,,,,,0,6.339749465322332e-05,0.01
RA-1648,2024,9,9,Aluno-1648,2002.0,2002-07-04,22.0,Masculino,2021.0,Bolsista Universitário *Formado (a),Bolsista Universitário *Formado (a),Cursando,,,,,INCLUIR,,,,,,,,0.0,,0.0,,,,10.0,,,,,,,Fase 8 (Universitários),1.0,,,,,0,0.00011891815506867489,0.01
RA-1649,2024,9,9,Aluno-1649,2001.0,2001-03-30,23.0,Masculino,2021.0,Privada,Faculdade (FIAP),Cursando,,,,,INCLUIR,,,,,,,,0.0,,0.0,,,,10.0,,,,,,,Fase 8 (Universitários),1.0,,,,,0,0.00011891815506867489,0.01
RA-1650,2024,9,9,Aluno-1650,2002.0,2002-01-09,22.0,Masculino,2021.0,Privada,Faculdade (FIAP),Cursando,,,,,INCLUIR,,,,,,,,0.0,,0.0,,,,10.0,,,,,,,Fase 8 (Universitários),1.0,,,,,0,0.00011891815506867489,0.01
RA-1651,2024,9,9,Aluno-1651,2002.0,2002-08-05,22.0,Masculino,2021.0,Bolsista Universitário *Formado (a),Bolsista Universitário *Formado (a),Cursando,,,,,INCLUIR,,,,,,,,0.0,,0.0,,,,10.0,,,,,,,Fase 8 (Universitários),1.0,,,,,0,0.00011891815506867489,0.01
RA-1652,2024,9,9,Aluno-1652,2002.0,2002-10-16,22.0,Feminino,2021.0,Privada,Faculdade (FIAP),Cursando,,,,,INCLUIR,,,,,,,,0.0,,0.0,,,,10.0,,,,,,,Fase 8 (Universitários),1.0,,,,,0,6.339749465322332e-05,0.01
RA-1653,2024,9,9,Aluno-1653,2003.0,2003-10-11,20.0,Masculino,2021.0,Bolsista Universitário *Formado (a),Bolsista Universitário *Formado (a),Cursando,,,,,INCLUIR,,,,,,,,0.0,,0.0,,,,10.0,,,,,,,Fase 8 (Universitários),1.0,,,,,0,0.00011891815506867489,0.01
RA-1654,2024,9,9,Aluno-1654,2002.0,2002-01-26,22.0,Masculino,2021.0,Bolsista Universitário *Formado (a),Bolsista Universitário *Formado (a),Cursando,,,,,INCLUIR,,,,,,,,0.0,,0.0,,,,10.0,,,,,,,Fase 8 (Universitários),1.0,,,,,0,0.00011891815506867489,0.01
RA-1655,2024,9,9,Aluno-1655,2003.0,2003-12-01,21.0,Feminino,2022.0,Privada,Faculdade (FIAP),Cursando,,,,,INCLUIR,,,,,,,,0.0,,0.0,,,,10.0,,,,,,,Fase 8 (Universitários),1.0,,,,,0,0.011522549201118448,1.15
RA-1656,2024,9,9,Aluno-1656,2002.0,2002-09-09,22.0,Masculino,2021.0,Privada,Bolsista Universitário *Formado (a),Cursando,,,,,INCLUIR,,,,,,,,0.0,,0.0,,,,10.0,,,,,,,Fase 8 (Universitários),1.0,,,,,0,0.00011891815506867489,0.01
RA-1254,2024,9,9,Aluno-1254,2003.0,2003-12-30,20.0,Masculino,2021.0,Privada,Faculdade (FIAP),Cursando,,,,#N/A,INCLUIR,,,,,,,,0.0,,0.0,,,,10.0,,,,,,,Fase 8 (Universitários),1.0,,,,,0,0.00011891815506867489,0.01
RA-1233,2024,9,9,Aluno-1233,2001.0,2001-07-30,23.0,Feminino,2021.0,Privada,Universidade Santo Amaro (UNISA),Cursando,,,,#N/A,INCLUIR,,,,,,,,0.0,,0.0,,,,10.0,,,,,,,Fase 8 (Universitários),1.0,,,,,0,6.339749465322332e-05,0.01
RA-1232,2024,9,9,Aluno-1232,2002.0,2002-04-18,22.0,Masculino,2021.0,Privada,Universidade Santo Amaro (UNISA),Cursando,,,,#N/A,INCLUIR,,,,,,,,0.0,,0.0,,,,10.0,,,,,,,Fase 8 (Universitários),1.0,,,,,0,0.00011891815506867489,0.01
RA-1231,2024,9,9,Aluno-1231,2001.0,2001-09-26,23.0,Masculino,2021.0,Privada,Universidade Santo Amaro (UNISA),Cursando,,,,#N/A,INCLUIR,,,,,,,,0.0,,0.0,,,,10.0,,,,,,,Fase 8 (Universitários),1.0,,,,,0,0.00011891815506867489,0.01
RA-1238,2024,9,9,Aluno-1238,2002.0,2002-05-27,22.0,Feminino,2021.0,Privada,Universidade Santo Amaro (UNISA),Cursando,,,,#N/A,INCLUIR,,,,,,,,0.0,,0.0,,,,10.0,,,,,,,Fase 8 (Universitários),1.0,,,,,0,6.339749465322332e-05,0.01
RA-1267,2024,9,9,Aluno-1267,2001.0,2001-06-29,23.0,Feminino,2021.0,Privada,Faculdade (FIAP),Cursando,,,,#N/A,INCLUIR,,,,,,,,0.0,,0.0,,,,10.0,,,,,,,Fase 8 (Universitários),1.0,,,,,0,6.339749465322332e-05,0.01
RA-1657,2024,9,9,Aluno-1657,2003.0,2003-07-12,20.0,Masculino,2021.0,Bolsista Universitário *Formado (a),Bolsista Universitário *Formado (a),Cursando,,,,,INCLUIR,,,,,,,,0.0,,0.0,,,,10.0,,,,,,,Fase 8 (Universitários),1.0,,,,,0,0.00011891815506867489,0.01
RA-1658,2024,9,9,Aluno-1658,2002.0,2002-12-14,21.0,Masculino,2021.0,Privada,Faculdade (FIAP),Cursando,,,,,INCLUIR,,,,,,,,0.0,,0.0,,,,10.0,,,,,,,Fase 8 (Universitários),1.0,,,,,0,0.00011891815506867489,0.01
RA-1659,2024,9,9,Aluno-1659,2003.0,2003-04-02,21.0,Masculino,2021.0,Bolsista Universitário *Formado (a),Bolsista Universitário *Formado (a),Cursando,,,,,INCLUIR,,,,,,,,0.0,,0.0,,,,10.0,,,,,,,Fase 8 (Universitários),1.0,,,,,0,0.00011891815506867489,0.01
RA-1252,2024,9,9,Aluno-1252,2002.0,2002-03-06,22.0,Feminino,2021.0,Privada,Faculdade (FIAP),Cursando,,,,#N/A,INCLUIR,,,,,,,,0.0,,0.0,,,,10.0,,,,,,,Fase 8 (Universitários),1.0,,,,,0,6.339749465322332e-05,0.01
RA-1660,2024,9,9,Aluno-1660,2000.0,2000-06-28,24.0,Feminino,2021.0,Bolsista Universitário *Formado (a),Bolsista Universitário *Formado (a),Cursando,,,,,INCLUIR,,,,,,,,0.0,,0.0,,,,10.0,,,,,,,Fase 8 (Universitários),1.0,,,,,0,6.339749465322332e-05,0.01
RA-1661,2024,9,9,Aluno-1661,2003.0,2003-01-29,21.0,Feminino,2021.0,Bolsista Universitário *Formado (a),Bolsista Universitário *Formado (a),Cursando,,,,,INCLUIR,,,,,,,,0.0,,0.0,,,,10.0,,,,,,,Fase 8 (Universitários),1.0,,,,,0,6.339749465322332e-05,0.01
